Date,Open,High,Low,Close,% Change ASX
21/03/2005,4250.399902,4266.899902,4123.799805,4136.399902,-2.65
28/03/2005,4133.700195,4151.200195,4059.5,4138.299805,0.05
04/04/2005,4138.700195,4165.5,4110,4165.5,0.66
11/04/2005,4160.899902,4160.899902,4010.800049,4014.300049,-3.63
18/04/2005,4001.800049,4053.800049,3958.300049,4034.100098,0.49
25/04/2005,4035.800049,4050.600098,3969.100098,3983.199951,-1.26
02/05/2005,3991,4031.100098,3926.600098,3983.300049,0.00
09/05/2005,3986.5,4028.899902,3974.600098,4012.100098,0.72
16/05/2005,4001.199951,4057.600098,3943.800049,4041.300049,0.73
23/05/2005,4041.800049,4120.200195,4041,4116.399902,1.86
30/05/2005,4116.600098,4194.200195,4098.799805,4194,1.89
06/06/2005,4191.600098,4231.899902,4179.299805,4221.700195,0.66
13/06/2005,4212.299805,4312.200195,4211.899902,4312.200195,2.14
20/06/2005,4314,4321.700195,4224.200195,4245.600098,-1.54
27/06/2005,4237.399902,4294.899902,4221.5,4272.600098,0.64
04/07/2005,4275.700195,4316.299805,4213.600098,4229.200195,-1.02
11/07/2005,4236.5,4301.5,4236.5,4292.399902,1.49
18/07/2005,4288.700195,4371.200195,4273.100098,4371.100098,1.83
25/07/2005,4371.399902,4398.799805,4365.299805,4388.799805,0.40
01/08/2005,4388.299805,4399.200195,4361.399902,4377.299805,-0.26
08/08/2005,4378.700195,4472,4374.200195,4469.200195,2.10
15/08/2005,4467.5,4484.899902,4434.700195,4461.600098,-0.17
22/08/2005,4467.299805,4502.200195,4416.399902,4452.5,-0.20
29/08/2005,4440.200195,4514.299805,4392,4473.700195,0.48
05/09/2005,4473.299805,4502.899902,4440.899902,4468.100098,-0.13
12/09/2005,4474.200195,4560.899902,4465,4553.600098,1.91
19/09/2005,4555,4584.799805,4537.5,4562.399902,0.19
26/09/2005,4566.100098,4679.100098,4565.799805,4641.200195,1.73
03/10/2005,4642.200195,4654.299805,4421.5,4440.600098,-4.32
10/10/2005,4447.299805,4479.799805,4393.200195,4406.100098,-0.78
17/10/2005,4418.299805,4461.299805,4311.100098,4364.299805,-0.95
24/10/2005,4361.200195,4453.799805,4337.700195,4383,0.43
31/10/2005,4398.600098,4533.5,4398.600098,4519.5,3.11
07/11/2005,4513.600098,4583.100098,4497.399902,4574.299805,1.21
14/11/2005,4582.899902,4671.100098,4582.700195,4671.100098,2.12
21/11/2005,4667.899902,4680.100098,4614,4648.799805,-0.48
28/11/2005,4652.799805,4677.600098,4577.399902,4623.5,-0.54
05/12/2005,4628.299805,4636.200195,4549.299805,4580.100098,-0.94
12/12/2005,4582.5,4645.600098,4582.5,4644,1.40
19/12/2005,4646.5,4732.899902,4638.200195,4727.700195,1.80
26/12/2005,4725.799805,4775.799805,4723.100098,4763.399902,0.76
02/01/2006,4774.799805,4831,4749.200195,4791.100098,0.58
09/01/2006,4803.5,4857.799805,4803.100098,4836.700195,0.95
16/01/2006,4840.200195,4869.299805,4778,4854.399902,0.37
23/01/2006,4848.600098,4923.100098,4773,4919.299805,1.34
30/01/2006,4920.799805,4982.600098,4844.899902,4883.799805,-0.72
06/02/2006,4878.399902,4923.700195,4824.899902,4871.5,-0.25
13/02/2006,4855.5,4895.600098,4790.799805,4799.899902,-1.47
20/02/2006,4814.700195,4929.200195,4806.600098,4893.399902,1.95
27/02/2006,4894.799805,4939.5,4849.100098,4898.5,0.10
06/03/2006,4897.799805,4904.799805,4844.799805,4888.100098,-0.21
13/03/2006,4888.799805,4997.799805,4888.799805,4971.700195,1.71
20/03/2006,4980.899902,5051.899902,4977.600098,5040.100098,1.38
27/03/2006,5049.399902,5138.5,5049.399902,5129.700195,1.78
03/04/2006,5127.600098,5248.799805,5122.100098,5232.899902,2.01
10/04/2006,5227.600098,5239.799805,5158.899902,5175.700195,-1.09
17/04/2006,5188.899902,5301.799805,5188.600098,5250.100098,1.44
24/04/2006,5251.700195,5336.600098,5246.600098,5258.799805,0.17
01/05/2006,5273.799805,5315.700195,5189.100098,5255.399902,-0.06
08/05/2006,5275.700195,5406.700195,5275.700195,5329.5,1.41
15/05/2006,5295.5,5295.5,5096,5100.899902,-4.29
22/05/2006,5102.100098,5105.399902,4976.799805,5053.700195,-0.93
29/05/2006,5071.100098,5110.700195,5001.700195,5077.200195,0.47
05/06/2006,5082.5,5120,4903.899902,4966,-2.19
12/06/2006,4942.100098,4976.600098,4758.299805,4969,0.06
19/06/2006,4959.5,5011.799805,4843,4964.899902,-0.08
26/06/2006,4967.899902,5113.100098,4922.600098,5073.899902,2.20
03/07/2006,5075.5,5146.600098,5053.5,5135.299805,1.21
10/07/2006,5125,5142.799805,4966.100098,4966.100098,-3.29
17/07/2006,4961.200195,4996.5,4899.899902,4960.600098,-0.11
24/07/2006,4946.5,5015.899902,4901.700195,4958.299805,-0.05
31/07/2006,4973.399902,5027.100098,4919.5,4956.100098,-0.04
07/08/2006,4956.600098,5024.799805,4926.299805,4949.200195,-0.14
14/08/2006,4945.600098,5059.100098,4927.399902,5052.5,2.09
21/08/2006,5056.200195,5107.799805,4982.700195,5023.600098,-0.57
28/08/2006,5025.899902,5121.299805,5014.299805,5097.100098,1.46
04/09/2006,5096.399902,5164.200195,5061.399902,5098.299805,0.02
11/09/2006,5093.700195,5099.5,4961.299805,5036.399902,-1.21
18/09/2006,5032.799805,5098.399902,4964.200195,4983.200195,-1.06
25/09/2006,4976.899902,5155.299805,4963.399902,5154.100098,3.43
02/10/2006,5153,5229.299805,5142.700195,5220.700195,1.29
09/10/2006,5226.600098,5314.5,5173.100098,5290,1.33
16/10/2006,5297.399902,5335.399902,5264.600098,5335.399902,0.86
23/10/2006,5334.200195,5391.100098,5315.899902,5358.5,0.43
30/10/2006,5357.100098,5432.5,5348.799805,5432,1.37
06/11/2006,5433.899902,5496.299805,5406.299805,5436.700195,0.09
13/11/2006,5424.399902,5462,5356.899902,5419.700195,-0.31
20/11/2006,5415.5,5473.799805,5322.399902,5453.600098,0.63
27/11/2006,5451.600098,5495.700195,5368.299805,5427.899902,-0.47
04/12/2006,5425.399902,5471.600098,5411,5425.799805,-0.04
11/12/2006,5428.700195,5587.399902,5427.799805,5575.399902,2.76
18/12/2006,5572.100098,5618.399902,5557.100098,5603.700195,0.51
25/12/2006,5601.600098,5684.399902,5600.799805,5669.899902,1.18
01/01/2007,5672.700195,5698.200195,5565.200195,5572,-1.73
08/01/2007,5561.100098,5638.799805,5499,5638.799805,1.20
15/01/2007,5642.799805,5705.399902,5633.200195,5673.100098,0.61
22/01/2007,5688.5,5802.100098,5688.5,5769.899902,1.71
29/01/2007,5772.600098,5841.299805,5752.600098,5831.5,1.07
05/02/2007,5827.700195,5927.200195,5801.399902,5927.200195,1.64
12/02/2007,5921.600098,6000,5905.399902,5953.700195,0.45
19/02/2007,5956.899902,6052.100098,5950.5,6036.100098,1.38
26/02/2007,6036.5,6044,5780.899902,5786,-4.14
05/03/2007,5772,5852.600098,5641.100098,5830.200195,0.76
12/03/2007,5828,5917.700195,5741.899902,5836.299805,0.10
19/03/2007,5838.299805,5968.100098,5818.600098,5952.299805,1.99
26/03/2007,5958.799805,5998.899902,5905.299805,5995,0.72
02/04/2007,5994,6097.200195,5915.799805,6077.100098,1.37
09/04/2007,6093.799805,6195.799805,6064.600098,6135.799805,0.97
16/04/2007,6146.600098,6265.200195,6146.299805,6207.5,1.17
23/04/2007,6218.399902,6252.299805,6144.200195,6151.600098,-0.90
30/04/2007,6157.299805,6304.899902,6134.200195,6304.899902,2.49
07/05/2007,6320,6382.700195,6280.5,6297.399902,-0.12
14/05/2007,6307.600098,6365.899902,6267.299805,6312.5,0.24
21/05/2007,6318.700195,6384.100098,6226.399902,6252.799805,-0.95
28/05/2007,6264.5,6352.5,6231,6333.5,1.29
04/06/2007,6346.399902,6409.200195,6199.299805,6231.700195,-1.61
11/06/2007,6249.299805,6298.5,6170.200195,6293.799805,1.00
18/06/2007,6304,6403.899902,6304,6382.600098,1.41
25/06/2007,6378.799805,6378.799805,6184.200195,6274.899902,-1.69
02/07/2007,6282,6362.299805,6254.600098,6351.100098,1.21
09/07/2007,6353,6436.700195,6300.799805,6389.399902,0.60
16/07/2007,6390,6422.299805,6326.399902,6421.799805,0.51
23/07/2007,6412.799805,6432.200195,6082.899902,6082.899902,-5.28
30/07/2007,6081.5,6145.399902,5903.200195,6021,-1.02
06/08/2007,6016.100098,6165.600098,5891.100098,5936,-1.41
13/08/2007,5945.200195,6040.399902,5483.299805,5671,-4.46
20/08/2007,5675.899902,6177.700195,5675.899902,6088.5,7.36
27/08/2007,6121.100098,6247.200195,6031.600098,6247.200195,2.61
03/09/2007,6253.700195,6355.700195,6189.700195,6278.399902,0.50
10/09/2007,6235.899902,6310.799805,6146.5,6306.799805,0.45
17/09/2007,6296.899902,6416.399902,6166.200195,6357.899902,0.81
24/09/2007,6361,6594.399902,6361,6567.799805,3.30
01/10/2007,6567.600098,6680.299805,6551.700195,6605.399902,0.57
08/10/2007,6617.299805,6782.5,6617.299805,6748.899902,2.17
15/10/2007,6761.600098,6800.200195,6648.399902,6706.299805,-0.63
22/10/2007,6660.799805,6733.399902,6542.899902,6700.600098,-0.08
29/10/2007,6727.100098,6851.5,6674.700195,6696.600098,-0.06
05/11/2007,6703.399902,6710.200195,6488.5,6545.700195,-2.25
12/11/2007,6529.5,6616.5,6437.299805,6461.899902,-1.28
19/11/2007,6475,6551.899902,6312.600098,6330.200195,-2.04
26/11/2007,6361.100098,6552.899902,6346.399902,6533.100098,3.21
03/12/2007,6535.200195,6671.399902,6482,6654.700195,1.86
10/12/2007,6659.299805,6684.399902,6466.700195,6491.700195,-2.45
17/12/2007,6469.700195,6471.600098,6105.600098,6247,-3.77
24/12/2007,6272.5,6366.5,6271.399902,6339.899902,1.49
31/12/2007,6342,6385.700195,6251.399902,6306.799805,-0.52
07/01/2008,6276.399902,6276.399902,5981.600098,5981.600098,-5.16
14/01/2008,5967.399902,6042,5619.299805,5747.299805,-3.92
21/01/2008,5736.200195,5860.299805,5186.799805,5860.299805,1.97
28/01/2008,5862.100098,5862.100098,5448.5,5842.899902,-0.30
04/02/2008,5854.399902,6022,5508.700195,5658,-3.16
11/02/2008,5663.799805,5690.5,5513.200195,5606.600098,-0.91
18/02/2008,5581.299805,5650.299805,5490.399902,5559.899902,-0.83
25/02/2008,5571.5,5769.799805,5515.600098,5572.100098,0.22
03/03/2008,5534.299805,5535.200195,5240.299805,5264,-5.53
10/03/2008,5237,5369.700195,5082.100098,5206.899902,-1.08
17/03/2008,5180.899902,5289.100098,5039.600098,5127.5,-1.52
24/03/2008,5170.799805,5389.700195,5170.799805,5351.100098,4.36
31/03/2008,5345.600098,5657.700195,5301,5619.600098,5.02
07/04/2008,5643.700195,5643.700195,5386.100098,5439.299805,-3.21
14/04/2008,5408.299805,5567.600098,5309.200195,5429.700195,-0.18
21/04/2008,5460.399902,5653.899902,5460.299805,5587.299805,2.90
28/04/2008,5599.200195,5700.399902,5516,5700.399902,2.02
05/05/2008,5729.700195,5810.700195,5590.600098,5771.799805,1.25
12/05/2008,5774.200195,5971.5,5774.200195,5931,2.76
19/05/2008,5950,5980.799805,5738.899902,5768,-2.75
26/05/2008,5746.100098,5749.899902,5628.5,5654.700195,-1.96
02/06/2008,5671.899902,5681.5,5514.299805,5592.100098,-1.11
09/06/2008,5573.399902,5573.399902,5290,5378.100098,-3.83
16/06/2008,5390.600098,5444.200195,5276.200195,5288.299805,-1.67
23/06/2008,5265.399902,5334.100098,5144.700195,5237,-0.97
30/06/2008,5254.100098,5305.899902,4969.100098,5082.100098,-2.96
07/07/2008,5069,5071.700195,4916.899902,4979.899902,-2.01
14/07/2008,4970.200195,4975.899902,4787.5,4840.399902,-2.80
21/07/2008,4865.299805,5158.299805,4860.200195,4970.5,2.69
28/07/2008,4960,5015.200195,4819.399902,4904,-1.34
04/08/2008,4883.100098,5004.899902,4758.5,4986.200195,1.68
11/08/2008,4993.899902,5072.899902,4931.700195,4981.700195,-0.09
18/08/2008,4979.700195,5031.600098,4866.399902,4931.399902,-1.01
25/08/2008,4941.799805,5146.299805,4895,5135.600098,4.14
01/09/2008,5128.700195,5177.200195,4837.600098,4877.100098,-5.03
08/09/2008,4877.700195,5081.700195,4811.399902,4903.799805,0.55
15/09/2008,4904,4905.100098,4527.399902,4804.100098,-2.03
22/09/2008,4923.899902,5020.5,4837.899902,4904.799805,2.10
29/09/2008,4903.899902,4956.600098,4540.700195,4695.399902,-4.27
06/10/2008,4690.799805,4690.799805,3960.699951,3960.699951,-15.65
13/10/2008,3990.800049,4442.399902,3963.199951,3970.800049,0.26
20/10/2008,3994.199951,4302.5,3830,3869.399902,-2.55
27/10/2008,3874.5,4022.399902,3724.800049,4018,3.84
03/11/2008,4041.600098,4340.5,3963.800049,4051.300049,0.83
10/11/2008,4066.899902,4159.799805,3697.300049,3748.100098,-7.48
17/11/2008,3728.399902,3729.199951,3217.5,3416.5,-8.85
24/11/2008,3431.699951,3742.5,3362,3742.5,9.54
01/12/2008,3738.899902,3738.899902,3485.199951,3489.899902,-6.75
08/12/2008,3506.800049,3670.800049,3474.100098,3510.399902,0.59
15/12/2008,3536,3664.399902,3507.699951,3615.699951,3.00
22/12/2008,3620.100098,3627.699951,3494.300049,3582.199951,-0.93
29/12/2008,3594.800049,3767.5,3572.699951,3713.800049,3.67
05/01/2009,3742.5,3817.899902,3662.600098,3735.699951,0.59
12/01/2009,3722,3722,3515.100098,3550.899902,-4.95
19/01/2009,3556,3602,3342.699951,3342.699951,-5.86
26/01/2009,3376,3564.100098,3374,3540.699951,5.92
02/02/2009,3519.399902,3578.699951,3414.5,3469.899902,-2.00
09/02/2009,3498.399902,3559.5,3409.600098,3559.100098,2.57
16/02/2009,3548.800049,3548.800049,3381,3402.399902,-4.40
23/02/2009,3386.899902,3386.899902,3296.199951,3344.5,-1.70
02/03/2009,3329.399902,3330.399902,3124.300049,3145.5,-5.95
09/03/2009,3165.5,3353.5,3120.800049,3345.199951,6.35
16/03/2009,3345.800049,3500.699951,3339.899902,3465.800049,3.61
23/03/2009,3469.899902,3706.600098,3456.199951,3672.300049,5.96
30/03/2009,3658,3750.100098,3550.899902,3735.600098,1.72
06/04/2009,3733.800049,3763.100098,3610.899902,3671.600098,-1.71
13/04/2009,3697,3851.199951,3696.399902,3776.699951,2.86
20/04/2009,3777.899902,3788,3661,3712.300049,-1.71
27/04/2009,3725,3799.300049,3679.800049,3769.600098,1.54
04/05/2009,3781.5,3954.199951,3781.5,3941.699951,4.57
11/05/2009,3943.199951,3960.399902,3722.699951,3773.199951,-4.27
18/05/2009,3763.800049,3831.5,3714.899902,3761.600098,-0.31
25/05/2009,3763.699951,3836.899902,3722,3818,1.50
01/06/2009,3826.399902,4021.300049,3810.199951,3971.199951,4.01
08/06/2009,3937.800049,4079.399902,3934.899902,4062.199951,2.29
15/06/2009,4048.800049,4058.800049,3871.5,3899.600098,-4.00
22/06/2009,3908.899902,3931.199951,3767.899902,3903.800049,0.11
29/06/2009,3899.399902,3955.5,3804.100098,3828.199951,-1.94
06/07/2009,3821,3821.399902,3709.199951,3794.100098,-0.89
13/07/2009,3790.300049,4026.699951,3735.600098,4000.800049,5.45
20/07/2009,4006.800049,4122.100098,4006.800049,4089.800049,2.22
27/07/2009,4097.5,4247.899902,4097.5,4244,3.77
03/08/2009,4245.899902,4340,4244.600098,4299.399902,1.31
10/08/2009,4311.899902,4509.5,4279,4461,3.76
17/08/2009,4451,4451,4260.700195,4290.600098,-3.82
24/08/2009,4291.600098,4492.600098,4290.600098,4489.600098,4.64
31/08/2009,4485.700195,4537.200195,4410,4435.5,-1.21
07/09/2009,4443.100098,4608.600098,4441,4596.100098,3.62
14/09/2009,4595.700195,4749.700195,4518.799805,4693.200195,2.11
21/09/2009,4687.399902,4735.600098,4639.399902,4713.299805,0.43
28/09/2009,4703.799805,4767.899902,4601.5,4601.700195,-2.37
05/10/2009,4601.299805,4803.5,4573.299805,4752.899902,3.29
12/10/2009,4761.200195,4895.299805,4736.899902,4836.399902,1.76
19/10/2009,4830.399902,4871.299805,4772.100098,4859.399902,0.48
26/10/2009,4845.799805,4848.799805,4562.5,4643.200195,-4.45
02/11/2009,4611,4611.299805,4502.5,4594,-1.06
09/11/2009,4596.799805,4796.600098,4596.5,4706.399902,2.45
16/11/2009,4715.899902,4799,4673.200195,4685.799805,-0.44
23/11/2009,4688.799805,4763.899902,4562.700195,4572.100098,-2.43
30/11/2009,4592.799805,4795.200195,4592.799805,4702.200195,2.85
07/12/2009,4707.399902,4723.100098,4596.200195,4635.200195,-1.42
14/12/2009,4635.600098,4703.100098,4604.700195,4650.5,0.33
21/12/2009,4660.399902,4790.899902,4635.100098,4790.899902,3.02
28/12/2009,4796.5,4873.600098,4796.5,4870.600098,1.66
04/01/2010,4864.899902,4938.5,4862.299805,4912.100098,0.85
11/01/2010,4921.899902,4955.100098,4852.899902,4899.600098,-0.25
18/01/2010,4890.600098,4930,4716,4750.600098,-3.04
25/01/2010,4725.700195,4726.600098,4566.700195,4569.600098,-3.81
01/02/2010,4569.899902,4656.899902,4488.399902,4514.100098,-1.21
08/02/2010,4521.700195,4593.299805,4464.899902,4562.100098,1.06
15/02/2010,4558.5,4673.100098,4537.899902,4635.100098,1.60
22/02/2010,4654.700195,4718.299805,4589.899902,4637.700195,0.06
01/03/2010,4633.100098,4780.399902,4633.100098,4767.200195,2.79
08/03/2010,4787.799805,4840.100098,4787.799805,4818.100098,1.07
15/03/2010,4820.600098,4875.799805,4781.100098,4872.200195,1.12
22/03/2010,4857.200195,4911.100098,4826.899902,4896.899902,0.51
29/03/2010,4902.5,4928.899902,4875.5,4907.700195,0.22
05/04/2010,4924.700195,4971.299805,4924.700195,4948.100098,0.82
12/04/2010,4957.5,5025.100098,4944.5,4984.700195,0.74
19/04/2010,4965.399902,4970.200195,4875.799805,4881.5,-2.07
26/04/2010,4886.799805,4911.899902,4779.299805,4807.399902,-1.52
03/05/2010,4782.799805,4804.5,4427.299805,4480.700195,-6.80
10/05/2010,4497.200195,4652.799805,4497.200195,4611.100098,2.91
17/05/2010,4587.600098,4587.600098,4175.700195,4305.399902,-6.63
24/05/2010,4319.899902,4460.799805,4265.299805,4457.5,3.53
31/05/2010,4447.700195,4489.100098,4374.200195,4449.399902,-0.18
07/06/2010,4410.399902,4506.700195,4299.799805,4505.5,1.26
14/06/2010,4505.399902,4563.299805,4490.899902,4551.899902,1.03
21/06/2010,4568,4622,4409.299805,4413,-3.05
28/06/2010,4419.700195,4433.399902,4214.700195,4238.700195,-3.95
05/07/2010,4239.700195,4397.5,4182.299805,4396.299805,3.72
12/07/2010,4396.700195,4465.600098,4380.299805,4422.700195,0.60
19/07/2010,4404.200195,4472.299805,4345.200195,4458.399902,0.81
26/07/2010,4466.700195,4531.600098,4466.600098,4493.5,0.79
02/08/2010,4495.100098,4584.100098,4494.299805,4566.100098,1.62
09/08/2010,4559.5,4598.700195,4382.100098,4459.600098,-2.33
16/08/2010,4448.700195,4494.899902,4402.600098,4430.899902,-0.64
23/08/2010,4433,4439.399902,4313.899902,4370.100098,-1.37
30/08/2010,4381.200195,4558.700195,4379.5,4541.200195,3.92
06/09/2010,4547.200195,4598.5,4532.600098,4560.299805,0.42
13/09/2010,4575.200195,4670.100098,4574,4638.899902,1.72
20/09/2010,4633.399902,4664.5,4585.100098,4601.899902,-0.80
27/09/2010,4620,4698,4559,4579.200195,-0.49
04/10/2010,4587.100098,4697.299805,4559.200195,4681.399902,2.23
11/10/2010,4686.799805,4713,4617.399902,4689,0.16
18/10/2010,4688.799805,4688.799805,4583,4648.200195,-0.87
25/10/2010,4644.399902,4725.899902,4641,4661.600098,0.29
01/11/2010,4665.700195,4815,4664.799805,4800.600098,2.98
08/11/2010,4802.299805,4810.5,4681.600098,4692.700195,-2.25
15/11/2010,4694.600098,4714.200195,4612,4629.200195,-1.35
22/11/2010,4639.200195,4672,4551.200195,4598.299805,-0.67
29/11/2010,4594.299805,4717.100098,4557,4694.200195,2.09
06/12/2010,4696.299805,4750,4688,4745.899902,1.10
13/12/2010,4750.100098,4784.299805,4749.600098,4763.100098,0.36
20/12/2010,4763.600098,4811.899902,4736.600098,4777.299805,0.30
27/12/2010,4768.399902,4799.899902,4745.200195,4745.200195,-0.67
03/01/2011,4758.299805,4775,4690.299805,4705,-0.85
10/01/2011,4702.200195,4802.799805,4686.5,4801.5,2.05
17/01/2011,4802.700195,4839.200195,4740.5,4755.700195,-0.95
24/01/2011,4755.399902,4825.399902,4750.200195,4774.899902,0.40
31/01/2011,4757.899902,4870.200195,4717.600098,4862.700195,1.84
07/02/2011,4860.100098,4931.200195,4859.5,4880.899902,0.37
14/02/2011,4891.600098,4944.399902,4885.100098,4936.700195,1.14
21/02/2011,4923.399902,4924.299805,4799.200195,4836.5,-2.03
28/02/2011,4839.700195,4864.299805,4779.399902,4864.299805,0.57
07/03/2011,4850.700195,4852.399902,4630.700195,4644.799805,-4.51
14/03/2011,4634.799805,4634.799805,4477.399902,4626.399902,-0.40
21/03/2011,4625.299805,4763,4606.399902,4742.600098,2.51
28/03/2011,4733.399902,4878.799805,4721.5,4861.799805,2.51
04/04/2011,4868.600098,4941.600098,4868.600098,4940.600098,1.62
11/04/2011,4943.299805,4976.399902,4852.100098,4852.100098,-1.79
18/04/2011,4852.600098,4915.5,4788.600098,4913.799805,1.27
25/04/2011,4919.299805,4930.600098,4794.799805,4823.200195,-1.84
02/05/2011,4826.299805,4835.5,4713.399902,4743,-1.66
09/05/2011,4752.899902,4795.899902,4675.399902,4711.399902,-0.67
16/05/2011,4692.5,4763.899902,4641.399902,4732.200195,0.44
23/05/2011,4720.299805,4720.299805,4582.700195,4684,-1.02
30/05/2011,4684.600098,4724.799805,4578,4583.100098,-2.15
06/06/2011,4577.299805,4589.200195,4518.100098,4562.100098,-0.46
13/06/2011,4549.700195,4593.299805,4465.899902,4484.899902,-1.69
20/06/2011,4487.200195,4565.899902,4451.700195,4508.100098,0.52
27/06/2011,4502.100098,4622,4453.700195,4591.200195,1.84
04/07/2011,4602.700195,4657.399902,4582.5,4654.700195,1.38
11/07/2011,4641.5,4641.5,4454.299805,4473.5,-3.89
18/07/2011,4473.100098,4612.200195,4445,4602.899902,2.89
25/07/2011,4595.299805,4595.399902,4421.100098,4424.600098,-3.87
01/08/2011,4440.899902,4517.399902,4087.699951,4105.399902,-7.21
08/08/2011,4078.600098,4216.100098,3765.899902,4172.600098,1.64
15/08/2011,4193.5,4324.700195,4099.399902,4101.899902,-1.69
22/08/2011,4099,4238.600098,4075.100098,4200,2.39
29/08/2011,4209.5,4354.600098,4209.5,4242.899902,1.02
05/09/2011,4221.200195,4232,4072.699951,4194.700195,-1.14
12/09/2011,4169.299805,4170,3997.600098,4149.399902,-1.08
19/09/2011,4140.100098,4141.399902,3882.199951,3903.199951,-5.93
26/09/2011,3917.800049,4053.800049,3862.399902,4008.600098,2.70
03/10/2011,3990.600098,4182,3840.199951,4162.899902,3.85
10/10/2011,4215.100098,4256.100098,4167.799805,4205.600098,1.03
17/10/2011,4221.700195,4287.700195,4131.899902,4141.899902,-1.51
24/10/2011,4155.200195,4417.600098,4155,4353.299805,5.10
31/10/2011,4348.899902,4358.200195,4141.299805,4281.100098,-1.66
07/11/2011,4281.899902,4365,4205,4296.5,0.36
14/11/2011,4310.5,4363.100098,4172.600098,4177,-2.78
21/11/2011,4172.100098,4181.399902,3973.800049,3984.300049,-4.61
28/11/2011,3997.100098,4288,3996.800049,4288,7.62
05/12/2011,4292.799805,4335.200195,4186.100098,4203,-1.98
12/12/2011,4222.299805,4271.899902,4115.200195,4159.200195,-1.04
19/12/2011,4148,4148.200195,4050.300049,4140.399902,-0.45
26/12/2011,4139.399902,4142.600098,4038.100098,4056.600098,-2.02
02/01/2012,4069.899902,4202.399902,4069.100098,4108.5,1.28
09/01/2012,4115.399902,4203.600098,4088.699951,4195.899902,2.13
16/01/2012,4159.600098,4258.399902,4158.799805,4239.600098,1.04
23/01/2012,4236.299805,4315.600098,4218.399902,4288.399902,1.15
30/01/2012,4286.700195,4294.700195,4225.700195,4251.200195,-0.87
06/02/2012,4267,4312,4244.899902,4245.299805,-0.14
13/02/2012,4244.899902,4289.700195,4170.200195,4195.899902,-1.16
20/02/2012,4213.700195,4307.5,4209.600098,4306.799805,2.64
27/02/2012,4296.299805,4318.799805,4248,4273.100098,-0.78
05/03/2012,4268.399902,4273.600098,4143.700195,4212,-1.43
12/03/2012,4214.799805,4294.899902,4193.899902,4276.200195,1.52
19/03/2012,4282.399902,4309,4238.399902,4270.399902,-0.14
26/03/2012,4269.700195,4361.100098,4262.799805,4335.200195,1.52
02/04/2012,4349.399902,4377.5,4286.299805,4319.799805,-0.36
09/04/2012,4309.799805,4330.5,4248.899902,4323.299805,0.08
16/04/2012,4312.5,4377.100098,4286.399902,4366.5,1.00
23/04/2012,4364.299805,4393.799805,4337.700195,4362.100098,-0.10
30/04/2012,4373.399902,4448.5,4373,4396,0.78
07/05/2012,4375.399902,4375.399902,4257.899902,4285.100098,-2.52
14/05/2012,4287.5,4304.399902,4026.5,4046.5,-5.57
21/05/2012,4053.199951,4122.600098,4024.800049,4029.199951,-0.43
28/05/2012,4029.199951,4118,4029.199951,4063.899902,0.86
04/06/2012,4063.899902,4121.399902,3985,4063.699951,0.00
11/06/2012,4063.699951,4087.800049,4026.5,4057.300049,-0.16
18/06/2012,4057.300049,4159.299805,4038.600098,4048.199951,-0.22
25/06/2012,4048.199951,4117,3993.800049,4094.600098,1.15
02/07/2012,4094.600098,4175.799805,4094.600098,4157.799805,1.54
09/07/2012,4157.799805,4157.799805,4062.300049,4082.199951,-1.82
16/07/2012,4082.199951,4215.600098,4082.199951,4199.100098,2.86
23/07/2012,4199.100098,4209.799805,4084.399902,4209.799805,0.25
30/07/2012,4209.799805,4288.100098,4209.799805,4221.5,0.28
06/08/2012,4221.5,4330.399902,4221.5,4277.299805,1.32
13/08/2012,4277.299805,4370.100098,4267.100098,4370.100098,2.17
20/08/2012,4370.100098,4403.899902,4339.100098,4349,-0.48
27/08/2012,4351.399902,4375.799805,4302.5,4316.100098,-0.76
03/09/2012,4310,4358.299805,4261.200195,4325.799805,0.22
10/09/2012,4325.799805,4398.299805,4316.700195,4390,1.48
17/09/2012,4404.200195,4421,4383.299805,4408.299805,0.42
24/09/2012,4408.299805,4408.299805,4336.899902,4387,-0.48
01/10/2012,4387,4495.799805,4375,4494.399902,2.45
08/10/2012,4494.399902,4512.799805,4460.399902,4486.600098,-0.17
15/10/2012,4486.600098,4581.799805,4479.200195,4571.100098,1.88
22/10/2012,4558.5,4565,4472.100098,4472.399902,-2.16
29/10/2012,4475.399902,4524.799805,4457.299805,4460.100098,-0.28
05/11/2012,4457.399902,4519.299805,4436.200195,4462,0.04
12/11/2012,4458.5,4465.200195,4334.299805,4336.799805,-2.81
19/11/2012,4345.100098,4428.600098,4340,4413,1.76
26/11/2012,4413,4514.200195,4413,4506,2.11
03/12/2012,4506,4554.100098,4500.200195,4551.799805,1.02
10/12/2012,4552.200195,4603.5,4552.200195,4583.100098,0.69
17/12/2012,4583.100098,4658.700195,4569.399902,4623.600098,0.88
24/12/2012,4625.700195,4688.600098,4625.700195,4671.299805,1.03
31/12/2012,4666,4743.399902,4644.799805,4723.799805,1.12
07/01/2013,4726.799805,4750.700195,4689.799805,4709.5,-0.30
14/01/2013,4709.5,4787.200195,4706.399902,4771.200195,1.31
21/01/2013,4773.299805,4835.200195,4762.600098,4835.200195,1.34
28/01/2013,4842.399902,4922.600098,4841.600098,4921.100098,1.78
04/02/2013,4921.100098,4971.299805,4869.5,4971.299805,1.02
11/02/2013,4971.299805,5045.399902,4959,5033.899902,1.26
18/02/2013,5041.200195,5106.600098,4975.899902,5018.100098,-0.31
25/02/2013,5016.799805,5112.5,4978.399902,5086.100098,1.36
04/03/2013,5086.100098,5135.700195,5009.600098,5123.399902,0.73
11/03/2013,5120.799805,5163.5,5032.200195,5120.200195,-0.06
18/03/2013,5101.700195,5101.700195,4927.899902,4967.299805,-2.99
25/03/2013,4968.799805,5023.200195,4942.5,4966.5,-0.02
01/04/2013,4966.5,5011.899902,4883.700195,4891.399902,-1.51
08/04/2013,4891.399902,5023,4889.600098,5013.5,2.50
15/04/2013,5005.299805,5006.100098,4914,4931.899902,-1.63
22/04/2013,4931.899902,5135,4931.899902,5097.5,3.36
29/04/2013,5097.5,5195.100098,5097.5,5129.5,0.63
06/05/2013,5146.700195,5242.5,5118.899902,5206.100098,1.49
13/05/2013,5203.5,5249.600098,5156.799805,5180.799805,-0.49
20/05/2013,5187.200195,5246.899902,4954.899902,4983.5,-3.81
27/05/2013,4983.799805,4993.200195,4897.899902,4926.600098,-1.14
03/06/2013,4926.600098,4933.299805,4732.299805,4737.700195,-3.83
10/06/2013,4737.700195,4792.600098,4658.600098,4791.799805,1.14
17/06/2013,4773.200195,4861.399902,4683.299805,4738.799805,-1.11
24/06/2013,4738.799805,4833.399902,4632.299805,4802.600098,1.35
01/07/2013,4802.600098,4853.399902,4702.700195,4841.700195,0.81
08/07/2013,4841.700195,5012.5,4786.100098,4973.899902,2.73
15/07/2013,4973.899902,5010.100098,4960.100098,4972.100098,-0.04
22/07/2013,4974.899902,5062.600098,4974.899902,5042,1.41
29/07/2013,5042,5116.799805,5025.600098,5116.799805,1.48
05/08/2013,5116.799805,5117.700195,5007.899902,5055.200195,-1.20
12/08/2013,5055.200195,5168.200195,5048.100098,5113.899902,1.16
19/08/2013,5113.899902,5142.100098,5028,5123.399902,0.19
26/08/2013,5123.399902,5157.100098,5064.100098,5135,0.23
02/09/2013,5135,5207.700195,5115.100098,5145,0.19
09/09/2013,5145,5252.100098,5145,5219.600098,1.45
16/09/2013,5219.600098,5300.100098,5219.600098,5276.700195,1.09
23/09/2013,5276.700195,5314.299805,5217.899902,5307.100098,0.58
30/09/2013,5307.100098,5307.100098,5197.700195,5208,-1.87
07/10/2013,5208,5239.600098,5118.899902,5230.899902,0.44
14/10/2013,5230.899902,5326.5,5186.799805,5321.5,1.73
21/10/2013,5321.5,5402.399902,5321.5,5386.299805,1.22
28/10/2013,5386.299805,5457.299805,5386.299805,5411.100098,0.46
04/11/2013,5411.100098,5438.399902,5379.899902,5400.700195,-0.19
11/11/2013,5400.700195,5439.200195,5308.5,5401.700195,0.02
18/11/2013,5401.700195,5404,5284.899902,5335.899902,-1.22
25/11/2013,5335.899902,5375.100098,5308.100098,5320.100098,-0.30
02/12/2013,5320,5332.700195,5154.600098,5186,-2.52
09/12/2013,5186,5207.600098,5028.200195,5098.399902,-1.69
16/12/2013,5098.399902,5265.200195,5059.700195,5265.200195,3.27
23/12/2013,5265.200195,5365.299805,5257.399902,5324.100098,1.12
30/12/2013,5324.100098,5383.399902,5324.100098,5350.100098,0.49
06/01/2014,5350.100098,5362,5295.399902,5312.399902,-0.70
13/01/2014,5312.399902,5319.299805,5207.5,5305.899902,-0.12
20/01/2014,5305.899902,5331.5,5240.899902,5240.899902,-1.23
27/01/2014,5240.899902,5240.899902,5158.899902,5190,-0.97
03/02/2014,5190,5198.299805,5052.200195,5166.5,-0.45
10/02/2014,5166.5,5356.299805,5166.5,5356.299805,3.67
17/02/2014,5359.899902,5452.399902,5355.399902,5438.700195,1.54
24/02/2014,5438.700195,5461.700195,5401.600098,5404.799805,-0.62
03/03/2014,5404.799805,5462.299805,5340.299805,5462.299805,1.06
10/03/2014,5462.299805,5462.299805,5329.399902,5329.399902,-2.43
17/03/2014,5329.399902,5362.200195,5288.5,5338.100098,0.16
24/03/2014,5338.100098,5394.200195,5301.399902,5366.899902,0.54
31/03/2014,5366.899902,5422.799805,5350.5,5422.799805,1.04
07/04/2014,5422.799805,5503.5,5391.299805,5428.600098,0.11
14/04/2014,5428.600098,5459.399902,5358.899902,5454.200195,0.47
21/04/2014,5454.200195,5537.799805,5452.399902,5531,1.41
28/04/2014,5531,5554.5,5430.399902,5458.100098,-1.32
05/05/2014,5464.100098,5493,5417.399902,5460.799805,0.05
12/05/2014,5460.799805,5510.799805,5432,5479,0.33
19/05/2014,5479,5507.399902,5372.100098,5492.799805,0.25
26/05/2014,5492.799805,5541.700195,5492.5,5492.5,-0.01
02/06/2014,5484.100098,5526,5416.799805,5464,-0.52
09/06/2014,5464,5496.299805,5373.600098,5405.100098,-1.08
16/06/2014,5405.100098,5468.200195,5380.299805,5419.5,0.27
23/06/2014,5419.5,5480.100098,5378.799805,5445.100098,0.47
30/06/2014,5444.799805,5531.700195,5370.899902,5525,1.47
07/07/2014,5525,5535.899902,5439.5,5486.799805,-0.69
14/07/2014,5486.799805,5561.100098,5484.100098,5531.700195,0.82
21/07/2014,5531.700195,5598.200195,5530.100098,5583.5,0.94
28/07/2014,5583.5,5644.200195,5544,5556.399902,-0.49
04/08/2014,5556.399902,5556.399902,5425.200195,5435.299805,-2.18
11/08/2014,5435.299805,5578.5,5435.299805,5566.5,2.41
18/08/2014,5566.5,5679.5,5566.5,5645.600098,1.42
25/08/2014,5645.600098,5652.299805,5614.299805,5625.899902,-0.35
01/09/2014,5625.899902,5672.700195,5592.899902,5598.700195,-0.48
08/09/2014,5598.700195,5607.899902,5509.799805,5531.100098,-1.21
15/09/2014,5531.100098,5531.100098,5373.399902,5433.100098,-1.77
22/09/2014,5433.200195,5434,5309.799805,5313.399902,-2.20
29/09/2014,5313.399902,5337.200195,5244,5318.200195,0.09
06/10/2014,5318.200195,5324.600098,5187.600098,5188.299805,-2.44
13/10/2014,5188.299805,5308.5,5122,5271.700195,1.61
20/10/2014,5271.700195,5425.700195,5271.700195,5412.200195,2.67
27/10/2014,5412.200195,5526.600098,5412.200195,5526.600098,2.11
03/11/2014,5526.600098,5549.100098,5481,5549.100098,0.41
10/11/2014,5549.100098,5550.299805,5419.299805,5454.299805,-1.71
17/11/2014,5454.299805,5460.299805,5292.899902,5304.299805,-2.75
24/11/2014,5304.299805,5400.899902,5296.799805,5313,0.16
01/12/2014,5313,5389.399902,5207.700195,5335.299805,0.42
08/12/2014,5372.700195,5372.700195,5188,5219.600098,-2.17
15/12/2014,5219.600098,5343.100098,5142.799805,5338.600098,2.28
22/12/2014,5338.600098,5442,5338.600098,5394.5,1.05
29/12/2014,5394.5,5486.700195,5387,5435.899902,0.77
05/01/2015,5435.899902,5470.399902,5318.700195,5465.600098,0.55
12/01/2015,5465.600098,5465.600098,5267.399902,5299.200195,-3.04
19/01/2015,5299.200195,5501.799805,5282.399902,5501.799805,3.82
26/01/2015,5419.899902,5619.5,5419.899902,5588.299805,1.57
02/02/2015,5588.299805,5850.899902,5588.299805,5820.200195,4.15
09/02/2015,5820.200195,5893.5,5739.799805,5877.5,0.98
16/02/2015,5877.5,5946.799805,5841.899902,5881.5,0.07
23/02/2015,5881.5,5955.5,5869.200195,5928.799805,0.80
02/03/2015,5928.799805,5996.899902,5869.200195,5898.899902,-0.50
09/03/2015,5898.899902,5898.899902,5748.700195,5814.5,-1.43
16/03/2015,5814.5,5979.799805,5761.600098,5975.5,2.77
23/03/2015,5975.5,5995,5877.100098,5919.899902,-0.93
30/03/2015,5919.899902,5931.5,5828.100098,5898.600098,-0.36
06/04/2015,5898.600098,5981.700195,5898.600098,5968.399902,1.18
13/04/2015,5968.399902,5996.399902,5869.5,5877.899902,-1.52
20/04/2015,5877.899902,5935,5807.799805,5933.299805,0.94
27/04/2015,5933.299805,5985.600098,5749.899902,5814.399902,-2.00
04/05/2015,5814.399902,5901.799805,5606.700195,5634.600098,-3.09
11/05/2015,5634.600098,5747,5616,5735.5,1.79
18/05/2015,5735.5,5735.5,5574.600098,5664.700195,-1.23
25/05/2015,5664.700195,5803,5664.700195,5777.200195,1.99
01/06/2015,5777.200195,5777.200195,5470,5498.5,-4.82
08/06/2015,5498.5,5556.700195,5453.100098,5545.299805,0.85
15/06/2015,5545.299805,5612.200195,5492.100098,5597,0.93
22/06/2015,5597,5705.799805,5524.100098,5545.899902,-0.91
29/06/2015,5545.899902,5609.899902,5390.5,5538.299805,-0.14
06/07/2015,5538.299805,5586.200195,5383.700195,5492,-0.84
13/07/2015,5492,5691.200195,5451.100098,5670.100098,3.24
20/07/2015,5670.100098,5718.899902,5548,5566.100098,-1.83
27/07/2015,5566.100098,5699.5,5530.899902,5699.200195,2.39
03/08/2015,5699.200195,5727.700195,5474.799805,5474.799805,-3.94
10/08/2015,5474.799805,5543.200195,5351.5,5356.5,-2.16
17/08/2015,5356.5,5397,5171.5,5214.600098,-2.65
24/08/2015,5214.600098,5305,4928.299805,5263.600098,0.94
31/08/2015,5263.600098,5263.600098,4995.600098,5040.600098,-4.24
07/09/2015,5040.600098,5221.100098,4973.399902,5071.100098,0.61
14/09/2015,5071.100098,5195,5017.799805,5170.5,1.96
21/09/2015,5170.5,5170.5,4988.799805,5042.100098,-2.48
28/09/2015,5042.100098,5119.200195,4918.399902,5052,0.20
05/10/2015,5052,5284,5052,5279.700195,4.51
12/10/2015,5279.700195,5294.299805,5164.200195,5268.200195,-0.22
19/10/2015,5268.200195,5374.5,5195.399902,5351.600098,1.58
26/10/2015,5351.600098,5384.799805,5204,5239.399902,-2.10
02/11/2015,5239.399902,5313.700195,5152.799805,5215,-0.47
09/11/2015,5215,5215,5010.399902,5051.299805,-3.14
16/11/2015,5051.299805,5272,4979.200195,5256.100098,4.05
23/11/2015,5256.100098,5285.5,5185.799805,5202.600098,-1.02
30/11/2015,5202.600098,5279.299805,5117.600098,5151.600098,-0.98
07/12/2015,5151.600098,5229.899902,4995.600098,5029.5,-2.37
14/12/2015,5029.5,5129.100098,4909.600098,5106.700195,1.53
21/12/2015,5106.700195,5211.5,5075.200195,5207.600098,1.98
28/12/2015,5207.600098,5325.799805,5189.100098,5295.899902,1.70
04/01/2016,5295.899902,5331.399902,4940.299805,4990.799805,-5.76
11/01/2016,4990.799805,4997.100098,4865,4892.799805,-1.96
18/01/2016,4869.200195,4932.100098,4803.899902,4916,0.47
25/01/2016,4916,5009.5,4909.399902,5005.5,1.82
01/02/2016,5005.5,5073,4873.600098,4976.200195,-0.59
08/02/2016,4976.200195,4980,4706.700195,4765.299805,-4.24
15/02/2016,4765.299805,4992.600098,4765.299805,4952.799805,3.93
22/02/2016,4952.799805,5035.600098,4838.299805,4880,-1.47
29/02/2016,4880,5105,4868.100098,5090,4.30
07/03/2016,5090,5182.5,5081.899902,5166.399902,1.50
14/03/2016,5166.399902,5216.200195,5088.200195,5183.100098,0.32
21/03/2016,5183.100098,5195.700195,5069.200195,5084.200195,-1.91
28/03/2016,5084.200195,5098.200195,4976.299805,4999.399902,-1.67
04/04/2016,4999.399902,5046.299805,4893.5,4937.600098,-1.24
11/04/2016,4937.600098,5157.5,4910.799805,5157.5,4.45
18/04/2016,5157.5,5279.899902,5118.5,5236.399902,1.53
25/04/2016,5236.399902,5281.600098,5179.5,5252.200195,0.30
02/05/2016,5252.200195,5357,5182.200195,5292,0.76
09/05/2016,5292,5425.200195,5264.399902,5329,0.70
16/05/2016,5329,5395.899902,5303.100098,5351.299805,0.42
23/05/2016,5351.299805,5427.700195,5295.600098,5405.899902,1.02
30/05/2016,5405.899902,5415,5270.899902,5318.899902,-1.61
06/06/2016,5318.899902,5392.5,5294.200195,5312.600098,-0.12
13/06/2016,5312.600098,5312.600098,5141,5162.700195,-2.82
20/06/2016,5162.700195,5325.399902,5080,5113.200195,-0.96
27/06/2016,5113.200195,5278.899902,5051,5246.600098,2.61
04/07/2016,5246.600098,5282.299805,5148.700195,5230.5,-0.31
11/07/2016,5230.5,5452.700195,5230.5,5429.600098,3.81
18/07/2016,5429.600098,5531.899902,5428.899902,5498.200195,1.26
25/07/2016,5498.200195,5570.399902,5498.200195,5562.299805,1.17
01/08/2016,5562.399902,5611.200195,5465.700195,5497.399902,-1.17
08/08/2016,5497.399902,5553.799805,5483.700195,5530.899902,0.61
15/08/2016,5530.899902,5549.799805,5498.700195,5526.700195,-0.08
22/08/2016,5526.700195,5574,5508.700195,5515.5,-0.20
29/08/2016,5515.5,5516.700195,5361.700195,5372.799805,-2.59
05/09/2016,5372.799805,5440.200195,5332.399902,5339.200195,-0.63
12/09/2016,5339.200195,5339.200195,5192.200195,5296.700195,-0.80
19/09/2016,5296.700195,5434.299805,5273,5431.299805,2.54
26/09/2016,5431.299805,5473.299805,5372.299805,5435.899902,0.08
03/10/2016,5435.899902,5493.100098,5435.899902,5467.399902,0.58
10/10/2016,5467.399902,5498,5420.799805,5434,-0.61
17/10/2016,5434,5457.899902,5386.100098,5430.299805,-0.07
24/10/2016,5430.299805,5455.700195,5261.399902,5283.799805,-2.70
31/10/2016,5283.799805,5329.100098,5178,5180.799805,-1.95
07/11/2016,5180.799805,5370.700195,5052.100098,5370.700195,3.67
14/11/2016,5370.700195,5370.700195,5286.200195,5359.399902,-0.21
21/11/2016,5359.399902,5520.899902,5334.899902,5507.799805,2.77
28/11/2016,5507.799805,5507.799805,5423.200195,5444,-1.16
05/12/2016,5444,5566.100098,5383.799805,5560.600098,2.14
12/12/2016,5560.600098,5595.700195,5510,5532.899902,-0.50
19/12/2016,5532.899902,5649.799805,5530.899902,5627.899902,1.72
26/12/2016,5627.899902,5699.100098,5627.899902,5665.799805,0.67
02/01/2017,5667.399902,5765.200195,5667.399902,5755.600098,1.58
09/01/2017,5755.600098,5827.5,5710,5721.100098,-0.60
16/01/2017,5721.100098,5763.399902,5646.600098,5654.799805,-1.16
23/01/2017,5654.799805,5714.200195,5604.299805,5714,1.05
30/01/2017,5714,5714,5606.200195,5621.600098,-1.62
06/02/2017,5621.600098,5721.399902,5582.700195,5720.600098,1.76
13/02/2017,5720.600098,5833.200195,5720.600098,5805.799805,1.49
20/02/2017,5805.799805,5810.100098,5729.899902,5739,-1.15
27/02/2017,5739,5776.600098,5675,5729.600098,-0.16
06/03/2017,5729.600098,5781.200195,5715.5,5775.600098,0.80
13/03/2017,5775.600098,5815,5727.700195,5799.600098,0.42
20/03/2017,5799.600098,5799.600098,5681,5753.5,-0.79
27/03/2017,5753.5,5901.5,5698.100098,5864.899902,1.94
03/04/2017,5864.899902,5888.600098,5833,5862.5,-0.04
10/04/2017,5862.5,5950.100098,5862.5,5889.899902,0.47
17/04/2017,5889.899902,5889.899902,5790.600098,5854.100098,-0.61
24/04/2017,5854.100098,5924.200195,5853.799805,5924.100098,1.20
01/05/2017,5924.100098,5956.5,5827.200195,5836.600098,-1.48
08/05/2017,5836.600098,5922.5,5815.600098,5836.899902,0.01
15/05/2017,5836.899902,5871.600098,5697.600098,5727.399902,-1.88
22/05/2017,5727.399902,5795.700195,5727.399902,5751.700195,0.42
29/05/2017,5751.200195,5793.700195,5679.799805,5788.100098,0.63
05/06/2017,5788.100098,5788.100098,5629.799805,5677.799805,-1.91
12/06/2017,5677.799805,5836.399902,5677.799805,5774,1.69
19/06/2017,5774,5809.299805,5665.299805,5715.899902,-1.01
26/06/2017,5715.899902,5819.700195,5685.200195,5721.5,0.10
03/07/2017,5721.5,5792,5676,5703.600098,-0.31
10/07/2017,5703.600098,5778.799805,5665.600098,5765.100098,1.08
17/07/2017,5765.100098,5773.700195,5678.700195,5722.799805,-0.73
24/07/2017,5722.799805,5799.600098,5653.299805,5702.799805,-0.35
31/07/2017,5702.799805,5779.600098,5701.799805,5720.600098,0.31
07/08/2017,5720.600098,5795.5,5674,5693.100098,-0.48
14/08/2017,5693.100098,5806.299805,5693.100098,5747.100098,0.95
21/08/2017,5747.100098,5781.399902,5699,5743.899902,-0.06
28/08/2017,5743.899902,5746.299805,5645.799805,5724.600098,-0.34
04/09/2017,5702,5718.100098,5661.399902,5672.600098,-0.91
11/09/2017,5672.799805,5777.700195,5669.799805,5695,0.39
18/09/2017,5695,5742.200195,5639.399902,5682.100098,-0.23
25/09/2017,5682.100098,5710.399902,5649.100098,5681.600098,-0.01
02/10/2017,5681.600098,5751,5650.899902,5710.700195,0.51
09/10/2017,5710.799805,5825.200195,5710.799805,5814.200195,1.81
16/10/2017,5814.200195,5924.899902,5814.200195,5907,1.60
23/10/2017,5907,5938.100098,5859.200195,5903.200195,-0.06
30/10/2017,5903.600098,5968.200195,5903.600098,5959.899902,0.96
06/11/2017,5959.899902,6052.100098,5945.700195,6029.399902,1.17
13/11/2017,6029.399902,6029.399902,5916.100098,5957.299805,-1.20
20/11/2017,5957.299805,5998.100098,5922.600098,5982.600098,0.42
27/11/2017,5982.600098,6031.399902,5949.200195,5989.799805,0.12
04/12/2017,5989.799805,6012,5938.700195,5994.399902,0.08
11/12/2017,5994.399902,6043.399902,5989.799805,5997,0.04
18/12/2017,5997,6087.200195,5997,6069.700195,1.21
25/12/2017,6069.700195,6092.799805,6051.600098,6065.100098,-0.08
01/01/2018,6065.100098,6124.799805,6035.799805,6122.299805,0.94
08/01/2018,6122.299805,6150,6053.899902,6070.100098,-0.85
15/01/2018,6070.100098,6103.600098,6002.200195,6005.799805,-1.06
22/01/2018,6005.799805,6066.299805,5991.899902,6050,0.74
29/01/2018,6050,6121.399902,5993.600098,6121.399902,1.18
05/02/2018,6121.399902,6121.399902,5786.799805,5838,-4.63
12/02/2018,5838,5938.100098,5791.299805,5904,1.13
19/02/2018,5904.399902,6003.399902,5890.200195,5999.799805,1.62
26/02/2018,5999.799805,6083,5902.200195,5928.899902,-1.18
05/03/2018,5895,5979.5,5895,5963.200195,0.58
12/03/2018,5971.299805,6026.100098,5906.100098,5949.399902,-0.23
19/03/2018,5949.399902,5982.5,5808.100098,5820.700195,-2.16
26/03/2018,5820.700195,5837.5,5752.700195,5759.399902,-1.05
02/04/2018,5759.399902,5806,5724.799805,5788.700195,0.51
09/04/2018,5788.700195,5864,5771.100098,5829.100098,0.70
16/04/2018,5829.100098,5902.899902,5829.100098,5868.799805,0.68
23/04/2018,5868.799805,5953.600098,5868.799805,5953.600098,1.44
30/04/2018,5953.600098,6109.700195,5945.600098,6062.899902,1.84
07/05/2018,6063.200195,6145.200195,6063.200195,6116.200195,0.88
14/05/2018,6116.200195,6146.799805,6077.600098,6087.399902,-0.47
21/05/2018,6087.399902,6094.899902,6011.899902,6032.799805,-0.90
28/05/2018,6032.799805,6032.799805,5964.100098,5990.399902,-0.70
04/06/2018,5990.399902,6070.700195,5982.200195,6045.200195,0.91
11/06/2018,6045.200195,6100.100098,6007.5,6094,0.81
18/06/2018,6094,6249.299805,6085.200195,6225.200195,2.15
25/06/2018,6225.700195,6250.799805,6161.100098,6194.600098,-0.49
02/07/2018,6194.600098,6273.5,6174.399902,6272.299805,1.25
09/07/2018,6272.299805,6306.100098,6209.600098,6268.399902,-0.06
16/07/2018,6267.600098,6297.899902,6199.899902,6285.899902,0.28
23/07/2018,6285.899902,6302.299805,6214.5,6300.200195,0.23
30/07/2018,6297,6300.200195,6231.200195,6234.799805,-1.04
06/08/2018,6234.799805,6313.600098,6234.799805,6278.399902,0.70
13/08/2018,6278.100098,6348.100098,6239.600098,6339.200195,0.97
20/08/2018,6338.399902,6358,6238,6247.299805,-1.45
27/08/2018,6247.5,6373.5,6230.899902,6319.5,1.16
03/09/2018,6319.5,6333.700195,6102,6143.799805,-2.78
10/09/2018,6143.799805,6181.5,6123.799805,6165.299805,0.35
17/09/2018,6165.299805,6209.600098,6142.299805,6194.600098,0.48
24/09/2018,6194.600098,6234.399902,6166.799805,6207.600098,0.21
01/10/2018,6207.600098,6207.600098,6118.399902,6185.5,-0.36
08/10/2018,6177.399902,6177.399902,5846.700195,5895.700195,-4.69
15/10/2018,5895.700195,5942.799805,5796,5939.5,0.74
22/10/2018,5939.5,5939.5,5624.600098,5665.200195,-4.62
29/10/2018,5665.200195,5877.200195,5665.200195,5849.200195,3.25
05/11/2018,5849.200195,5935.5,5817.700195,5921.799805,1.24
12/11/2018,5921.799805,5941.299805,5686.799805,5730.600098,-3.23
19/11/2018,5730.600098,5731.299805,5594,5716.200195,-0.25
26/11/2018,5716.200195,5778.700195,5655.600098,5667.200195,-0.86
03/12/2018,5667.200195,5771.200195,5610,5681.5,0.25
10/12/2018,5681.5,5682.100098,5549.299805,5602,-1.40
17/12/2018,5602,5665.600098,5426.600098,5467.600098,-2.40
24/12/2018,5467.600098,5654.299805,5410.200195,5654.299805,3.41
31/12/2018,5654.299805,5700.600098,5552,5619.399902,-0.62
07/01/2019,5619.399902,5808.600098,5619.399902,5774.600098,2.76
14/01/2019,5774.600098,5888.100098,5756.899902,5879.600098,1.82
21/01/2019,5879.600098,5915.200195,5831.399902,5905.600098,0.44
28/01/2019,5905.600098,5912.600098,5857.399902,5862.799805,-0.72
04/02/2019,5862.799805,6105.899902,5848.899902,6071.5,3.56
11/02/2019,6071.5,6094,6028.600098,6066.100098,-0.09
18/02/2019,6066.100098,6176.200195,6066.100098,6167.299805,1.67
25/02/2019,6167.299805,6209.899902,6106,6192.700195,0.41
04/03/2019,6192.700195,6270.899902,6175.700195,6203.799805,0.18
11/03/2019,6203.799805,6222.899902,6127.299805,6175.200195,-0.46
18/03/2019,6175.200195,6227.100098,6134,6195.200195,0.32
25/03/2019,6195.200195,6213.399902,6096.799805,6180.700195,-0.23
01/04/2019,6180.700195,6287.899902,6169.799805,6181.299805,0.01
08/04/2019,6181.299805,6251.299805,6181.299805,6251.299805,1.13
15/04/2019,6251.299805,6286,6237.600098,6259.799805,0.14
22/04/2019,6259.799805,6390.5,6259.799805,6385.600098,2.01
29/04/2019,6385.600098,6385.600098,6316.299805,6335.799805,-0.78
06/05/2019,6335.799805,6341.899902,6241.5,6310.899902,-0.39
13/05/2019,6310.899902,6398.299805,6203.100098,6365.299805,0.86
20/05/2019,6365.299805,6510.899902,6365.299805,6456,1.42
27/05/2019,6455.799805,6491.700195,6362.200195,6396.899902,-0.92
03/06/2019,6396.899902,6443.899902,6315.600098,6443.899902,0.73
10/06/2019,6443.899902,6587.299805,6443.899902,6554,1.71
17/06/2019,6554,6691.5,6527,6650.799805,1.48
24/06/2019,6650.799805,6680.299805,6606.299805,6618.799805,-0.48
01/07/2019,6618.799805,6769.600098,6618.799805,6751.299805,2.00
08/07/2019,6740,6751.299805,6641.399902,6696.5,-0.81
15/07/2019,6694.899902,6705.399902,6626.600098,6700.299805,0.06
22/07/2019,6700.299805,6818,6673.200195,6793.399902,1.39
29/07/2019,6793.399902,6875.5,6747.799805,6768.600098,-0.37
05/08/2019,6768.600098,6768.600098,6444.399902,6584.399902,-2.72
12/08/2019,6584.399902,6600.700195,6396,6405.5,-2.72
19/08/2019,6405.5,6545,6405.5,6523.100098,1.84
26/08/2019,6523.100098,6612.100098,6409.799805,6604.200195,1.24
02/09/2019,6604.200195,6656.100098,6503.899902,6647.299805,0.65
09/09/2019,6647.299805,6687.399902,6595.700195,6669.200195,0.33
16/09/2019,6669.200195,6775.600098,6646.600098,6730.799805,0.92
23/09/2019,6732.399902,6770,6667.100098,6716.100098,-0.22
30/09/2019,6715.899902,6743.700195,6489.899902,6517.100098,-2.96
07/10/2019,6526.299805,6614.600098,6520.299805,6606.799805,1.38
14/10/2019,6622.5,6737.799805,6621.899902,6649.700195,0.65
21/10/2019,6643.5,6741.5,6612.399902,6739.200195,1.35
28/10/2019,6739.899902,6766.200195,6634.700195,6669.100098,-1.04
04/11/2019,6669.100098,6742.200195,6658.200195,6724.100098,0.82
11/11/2019,6724.100098,6798.700195,6687.700195,6793.700195,1.04
18/11/2019,6793.700195,6814.200195,6637.299805,6709.799805,-1.23
25/11/2019,6712,6893.700195,6712,6846,2.03
02/12/2019,6846,6890,6590.100098,6707,-2.03
09/12/2019,6707,6753.100098,6701.200195,6739.700195,0.49
16/12/2019,6741.600098,6872.799805,6741.600098,6816.299805,1.14
23/12/2019,6816.299805,6822.100098,6776.200195,6821.700195,0.08
30/12/2019,6821.700195,6824.700195,6669.200195,6733.5,-1.29
06/01/2020,6733.100098,6933.200195,6671.700195,6929,2.90
13/01/2020,6929,7088.100098,6880.700195,7064.100098,1.95
20/01/2020,7064.100098,7144.899902,7040.700195,7090.5,0.37
27/01/2020,7051.200195,7090.5,6964.700195,7017.200195,-1.03
03/02/2020,7017.200195,7051.600098,6897,7022.600098,0.08
10/02/2020,7022.600098,7145.799805,6982.600098,7130.200195,1.53
17/02/2020,7130.200195,7197.200195,7096.799805,7139,0.12
24/02/2020,7120.899902,7120.899902,6426.799805,6441.200195,-9.77
02/03/2020,6438.899902,6524.299805,6216.200195,6216.200195,-3.49
09/03/2020,6216.200195,6216.200195,4873.700195,5539.299805,-10.89
16/03/2020,5539.299805,5539.299805,4741,4816.600098,-13.05
23/03/2020,4753.899902,5236.700195,4402.5,4842.399902,0.54
30/03/2020,4842.399902,5366.399902,4833.100098,5067.5,4.65
06/04/2020,5067.5,5423.100098,5067.5,5387.299805,6.31
,,,,,
