Date,Open,High,Low,Close,Change
21/03/2005,83.019997,83.230003,81.540001,82.07,-0.011681129
28/03/2005,82.059998,83.242996,82.059998,82.828003,0.009236055
04/04/2005,82.800003,83.763,82.540001,83.529999,0.008475346
11/04/2005,83.540001,83.870003,82.627998,82.75,-0.009337951
18/04/2005,82.75,83.213997,82.050003,82.519997,-0.002779492
25/04/2005,82.489998,82.785004,81.670998,81.93,-0.007149746
02/05/2005,81.983002,82.235001,81,81.470001,-0.005614537
09/05/2005,81.5,82.25,81.330002,81.610001,0.001718424
16/05/2005,81.620003,81.846001,80.639999,81.639999,0.000367577
23/05/2005,81.681,82.494003,81.540001,82.190002,0.006736931
30/05/2005,82.199997,82.32,81.129997,81.459999,-0.008881895
06/06/2005,81.43,82.851997,81.32,82.720001,0.015467739
13/06/2005,82.709999,84.748001,82.559998,84.489998,0.021397449
20/06/2005,84.510002,85,83.669998,84.010002,-0.005681098
27/06/2005,83.989998,84.660004,83.629997,83.699997,-0.003690096
04/07/2005,83.589996,83.82,82.68,83.281998,-0.004994015
11/07/2005,83.260002,84.525002,83.093002,84.040001,0.009101643
18/07/2005,84.040001,85.639999,83.870003,85.029999,0.011780081
25/07/2005,85.035004,85.474998,84.699997,85.169998,0.001646466
01/08/2005,85.161003,87.586998,84.970001,86.25,0.012680545
08/08/2005,86.230003,86.339996,84.370003,84.580002,-0.019362296
15/08/2005,84.592003,84.830002,82.82,83.019997,-0.018444135
22/08/2005,83.019997,83.685997,82.660004,83.059998,0.000481824
29/08/2005,83.089996,84.161003,82.93,84.019997,0.011557898
05/09/2005,84.032997,85.489998,83.589996,84.629997,0.007260176
12/09/2005,84.629997,85.505997,81.334,85.290001,0.007798701
19/09/2005,85.279999,86.045998,84.620003,85.110001,-0.002110447
26/09/2005,85.110001,86.709999,84.709999,86.559998,0.01703674
03/10/2005,86.550003,87.309998,85.739998,86.010002,-0.006353928
10/10/2005,86.010002,86.720001,85.508003,85.980003,-0.000348785
17/10/2005,85.959999,87.050003,85.709999,86.635002,0.007618039
24/10/2005,86.620003,87.580002,86.269997,86.720001,0.000981116
31/10/2005,86.720001,87.227997,86.330002,86.639999,-0.000922532
07/11/2005,86.650002,86.720001,85.830002,86.459999,-0.002077562
14/11/2005,86.459999,87.524002,86.330002,87.419998,0.011103389
21/11/2005,87.410004,88.266998,87.25,87.919998,0.005719515
28/11/2005,87.910004,90.507004,87.769997,90.370003,0.0278663
05/12/2005,90.389,91.279999,89.830002,90.580002,0.002323769
12/12/2005,90.550003,90.940002,85.762001,86,-0.050563059
19/12/2005,85.989998,86.910004,84.440002,84.764999,-0.014360477
26/12/2005,84.791,86.636002,84.699997,86.335999,0.018533593
02/01/2006,86.441002,86.949997,85.720001,86.190002,-0.001691033
09/01/2006,86.18,86.570999,85.540001,86.18,-0.000116046
16/01/2006,86.209999,87.072998,85.669998,86.339996,0.001856533
23/01/2006,86.339996,88.432999,85.739998,87.739998,0.016214988
30/01/2006,87.739998,89.379997,87.739998,88.980003,0.014132722
06/02/2006,88.980003,88.980003,85.809998,86.739998,-0.025174252
13/02/2006,86.739998,87.642998,86.349998,87.279999,0.006225513
20/02/2006,87.25,87.870003,86.059998,86.339996,-0.01076997
27/02/2006,86.365997,86.900002,85.529999,86.779999,0.005096167
06/03/2006,86.769997,87.32,86.110001,87.040001,0.002996105
13/03/2006,87.010002,87.470001,84.139999,84.489998,-0.029296909
20/03/2006,84.440002,84.489998,83.169998,83.209999,-0.01514971
27/03/2006,83.239998,86.245003,82.099998,84.160004,0.011416957
03/04/2006,84.179001,86.269997,83.800003,85.900002,0.02067488
10/04/2006,85.889999,86.959999,85.75,86.220001,0.00372525
17/04/2006,86.209,87.82,85.718002,86.239998,0.00023193
24/04/2006,86.269997,86.57,85.040001,86.18,-0.00069571
01/05/2006,86.246002,87.746002,85.739998,86.57,0.004525412
08/05/2006,86.598999,86.639999,84.449997,84.57,-0.023102691
15/05/2006,84.580002,85.220001,83.669998,84.440002,-0.001537164
22/05/2006,84.459999,85.420998,83.580002,85.150002,0.008408337
29/05/2006,85.110001,85.760002,83.550003,83.739998,-0.01655906
05/06/2006,83.759003,85.608002,83.519997,85.400002,0.019823311
12/06/2006,85.410004,85.629997,84.589996,85.050003,-0.004098349
19/06/2006,85.019997,85.443001,84.360001,85.099998,0.000587831
26/06/2006,85.120003,85.454002,84.559998,84.879997,-0.002585206
03/07/2006,84.879997,86.099998,84.800003,85.639999,0.008953841
10/07/2006,85.639999,87.760002,85.110001,87.57,0.02253621
17/07/2006,87.580002,88.029999,87.160004,87.360001,-0.00239807
24/07/2006,87.370003,88.884003,87.349998,87.940002,0.006639206
31/07/2006,87.949997,87.954002,87.199997,87.559998,-0.004321173
07/08/2006,87.575996,89.246002,87.120003,89.07,0.017245341
14/08/2006,89.029999,89.339996,87.639999,87.779999,-0.014483002
21/08/2006,87.760002,89.165001,87.720001,88.760002,0.011164309
28/08/2006,88.760002,89.888,88.620003,89.790001,0.011604315
04/09/2006,89.790001,89.847,87.790001,88.120003,-0.018598931
11/09/2006,88.129997,88.960999,87.760002,88.57,0.005106639
18/09/2006,88.559998,89.239998,87.279999,87.459999,-0.012532471
25/09/2006,87.464996,88.314003,87.290001,87.980003,0.005945621
02/10/2006,87.970001,88.550003,87.5,88.349998,0.004205444
09/10/2006,88.339996,90.008003,88.139999,89.779999,0.016185637
16/10/2006,89.800003,90.226997,89.129997,89.959999,0.002004901
23/10/2006,89.93,90.830002,89.879997,90.330002,0.004112972
30/10/2006,90.339996,90.971001,90.059998,90.760002,0.004760323
06/11/2006,90.764999,91.283997,89.994003,90.029999,-0.008043224
13/11/2006,90.044998,90.790001,89.790001,90.699997,0.007441942
20/11/2006,90.660004,91.002998,89.849998,90.120003,-0.006394642
27/11/2006,90.129997,91.801003,90.114998,90.919998,0.008876997
04/12/2006,90.959999,91.896004,90.040001,91.18,0.002859679
11/12/2006,91.220001,92.555,91.18,92.160004,0.010748015
18/12/2006,91.550003,94.119003,91.550003,93.029999,0.00944005
25/12/2006,93.094002,95.792999,92.760002,93.82,0.008491895
01/01/2007,93.82,96.957001,92.279999,92.370003,-0.015455095
08/01/2007,92.400002,94.444,92.019997,94.352997,0.021467943
15/01/2007,94.355003,95.860001,94.139999,95.665001,0.013905271
22/01/2007,95.699997,96.43,93.285004,94.029999,-0.017090911
29/01/2007,94.055,94.867996,93.150002,93.660004,-0.003934861
05/02/2007,93.620003,95.146004,93.059998,94.699997,0.011103918
12/02/2007,94.736,94.839996,93.389999,93.940002,-0.008025291
19/02/2007,93.93,96.055,93.779999,95.82,0.020012752
26/02/2007,95.790001,95.853996,90.510002,90.5,-0.055520768
05/03/2007,90.440002,92.669998,88.480003,92.379997,0.020773448
12/03/2007,92.389999,93.220001,90.440002,92.580002,0.002165025
19/03/2007,92.614998,95.403999,92.580002,94.959999,0.025707463
26/03/2007,95.019997,96.106003,93.809998,95.309998,0.003685752
02/04/2007,95.339996,97.707001,95.188004,97.400002,0.021928486
09/04/2007,97.440002,99.889999,97.239998,99.800003,0.024640667
16/04/2007,99.790001,100,97.5,99.440002,-0.003607224
23/04/2007,99.43,99.514,97.5,98.75,-0.006938878
30/04/2007,98.75,99.432999,97.653,98.519997,-0.002329144
07/05/2007,98.489998,100.330002,98.480003,100.110001,0.016138896
14/05/2007,100.110001,100.422997,99.160004,99.779999,-0.003296394
21/05/2007,99.760002,100.333,98.940002,99.650002,-0.001302836
28/05/2007,99.669998,101.690002,0.33413,101.540001,0.018966372
04/06/2007,101.529999,103.010002,101.239998,102.580002,0.010242279
11/06/2007,102.589996,104.040001,102.019997,104.019997,0.014037775
18/06/2007,104.010002,105.330002,103.709999,105.040001,0.009805845
25/06/2007,105.019997,105.242996,102.199997,104.82,-0.00209445
02/07/2007,104.849998,105.93,104.400002,105.889999,0.010207966
09/07/2007,105.93,106.510002,103.838997,106.190002,0.002833157
16/07/2007,106.190002,110.080002,106.050003,106.699997,0.004802665
23/07/2007,106.720001,107.260002,99.970001,100.889999,-0.054451717
30/07/2007,100.879997,102.801003,99.459999,100.25,-0.006343533
06/08/2007,100.260002,103.610001,98.532997,100.110001,-0.001396499
13/08/2007,100.050003,100.480003,86.07,90.730003,-0.093696912
20/08/2007,90.580002,96.760002,90.309998,96.75,0.066350676
27/08/2007,96.760002,96.989998,91.730003,94.889999,-0.019224817
03/09/2007,94.879997,96.431,92.760002,92.68,-0.023290115
10/09/2007,93.639999,97.181,93.440002,96.900002,0.045533038
17/09/2007,96.879997,100.169998,95.019997,99.970001,0.031682136
24/09/2007,100.025002,102.029999,98.410004,101.919998,0.019505822
01/10/2007,101.93,105.480003,101.68,105.18,0.031985892
08/10/2007,105.199997,106.599998,104.360001,106.300003,0.010648441
15/10/2007,106.290001,106.809998,100.791,100.910004,-0.050705539
22/10/2007,100.910004,105.188004,99.5,105.129997,0.041819372
29/10/2007,105.160004,107.792,104.32,105.260002,0.001236612
05/11/2007,105.290001,107.153999,99.496002,100.290001,-0.047216425
12/11/2007,100.300003,101.089996,95.75,99.339996,-0.009472579
19/11/2007,99.410004,99.830002,93.635002,95.709999,-0.036541143
26/11/2007,93.582001,98.578003,93.559998,97.970001,0.023613019
03/12/2007,97.959999,98.440002,95.230003,97.830002,-0.001428999
10/12/2007,97.769997,99.980003,96.290001,97.720001,-0.00112441
17/12/2007,97.769997,99.059998,96.610001,99.019997,0.013303275
24/12/2007,99.040001,100.160004,98.079002,98.459999,-0.005655403
31/12/2007,98.519997,98.777,94.353996,94.769997,-0.037477169
07/01/2008,94.769997,98.349998,94.478996,97.150002,0.025113486
14/01/2008,97.220001,97.549004,92.75,94.120003,-0.031188872
21/01/2008,94.129997,95.355003,90.129997,94.010002,-0.001168731
28/01/2008,93.989998,96.547997,93.019997,96.18,0.023082629
04/02/2008,96.160004,97.440002,94.190002,96.360001,0.001871501
11/02/2008,96.410004,98.269997,95.959999,97.989998,0.016915701
18/02/2008,98,99.5,97.980003,98.980003,0.010103123
25/02/2008,98.989998,100.419998,95.82,96.040001,-0.02970299
03/03/2008,96,97.510002,94.639999,95.040001,-0.010412328
10/03/2008,94.980003,96.269997,91.860001,92.599998,-0.025673432
17/03/2008,92.580002,93.580002,88.169998,89.639999,-0.031965433
24/03/2008,89.639999,92.489998,89.550003,90.610001,0.010821084
31/03/2008,90.610001,94.379997,90.449997,93.739998,0.034543615
07/04/2008,93.720001,95.760002,93.400002,93.68,-0.000640047
14/04/2008,93.690002,97.349998,92.690002,97.059998,0.036080252
21/04/2008,97.089996,98.393997,96.839996,97.510002,0.004636349
28/04/2008,97.523003,98.730003,96.230003,98.339996,0.008511886
05/05/2008,98.379997,99.809998,96.269997,96.599998,-0.017693696
12/05/2008,96.610001,99.709999,96.419998,99.360001,0.02857146
19/05/2008,99.32,99.997002,98.879997,99.080002,-0.002818025
26/05/2008,99.086998,101.029999,98.918999,100.720001,0.016552271
02/06/2008,100.620003,101.990997,99.269997,100.660004,-0.000595681
09/06/2008,100.650002,101.970001,100.5,101.559998,0.00894093
16/06/2008,101.592003,102.768997,101.279999,102.362,0.00789683
23/06/2008,102.361,103.669998,101.639999,102.18,-0.001778004
30/06/2008,102.18,102.919998,100.940002,102.779999,0.005871981
07/07/2008,102.760002,103.129997,101.379997,102.980003,0.001945943
14/07/2008,102.959999,104.07,101.489998,103.773003,0.007700524
21/07/2008,103.760002,104.433998,102.139999,102.919998,-0.008219912
28/07/2008,102.919998,103.339996,99.779999,100,-0.028371532
04/08/2008,100.029999,100.879997,96.971001,97.010002,-0.02989998
11/08/2008,97.002998,98.209999,93.130997,95.610001,-0.014431512
18/08/2008,95.589996,96.419998,94.110001,95.360001,-0.002614789
25/08/2008,95.410004,95.470001,92.650002,92.860001,-0.026216443
01/09/2008,92.875999,93.148003,85.129997,89.82,-0.032737465
08/09/2008,89.849998,90.690002,84.089996,87.010002,-0.03128477
15/09/2008,87.057999,89.771004,81.470001,88.540001,0.017584174
22/09/2008,88.550003,90.167,86.879997,88.120003,-0.004743596
29/09/2008,88.150002,88.82,80.464996,80.905998,-0.081865692
06/10/2008,80.82,80.849998,63.099998,68.452003,-0.153931665
13/10/2008,68.440002,74.470001,64.857002,69.870003,0.020715245
20/10/2008,69.919998,72.010002,55.310001,57.82,-0.172463181
27/10/2008,57.98,67.900002,55.592999,66.116997,0.143497008
03/11/2008,66.089996,70.361,63.619999,68.078003,0.029659635
10/11/2008,68.089996,69.260002,60.18,61.360001,-0.09868095
17/11/2008,61.41,64.07,56.900002,60.874699,-0.007909094
24/11/2008,60.84,63.668098,59.200001,62.099998,0.020128215
01/12/2008,62,62.130001,57.799999,59.995998,-0.033880838
08/12/2008,59.990002,62.610001,58.040001,60.32,0.005400394
15/12/2008,60.34,63.43,60.110001,60.98,0.010941645
22/12/2008,61.012001,62.32,60.939999,62,0.016726796
29/12/2008,61.950001,65.908997,61.950001,65.860001,0.062258081
05/01/2009,65.845001,68.161003,62.792999,62.959999,-0.044032827
12/01/2009,62.978001,63.07,58.18,61.93,-0.016359578
19/01/2009,61.970001,62.152,56.428398,57.630199,-0.069430018
26/01/2009,57.6945,60.759998,56.860001,56.950001,-0.011802805
02/02/2009,56.982601,62.627499,55.548199,61.959999,0.087971869
09/02/2009,61.919998,62.691399,58.110001,59.68,-0.036797919
16/02/2009,59.691002,61.505001,58.450001,60.229,0.009199062
23/02/2009,60.2029,64.551102,59.759998,61.639999,0.023427236
02/03/2009,61.6493,64.757004,61.009998,62.919998,0.020765721
09/03/2009,62.9646,64.931,61.487598,64.349998,0.022727273
16/03/2009,64.375999,66.321098,64.117996,66.314003,0.030520669
23/03/2009,66.269997,69.525299,66.220001,67.839996,0.023011625
30/03/2009,67.844597,72.290001,65.019997,71.989998,0.061173382
06/04/2009,71.980003,73.155998,70.089996,72.473999,0.00672317
13/04/2009,72.489998,74.396004,70.260002,71.850998,-0.0085962
20/04/2009,71.82,71.834,68.040001,69.349998,-0.034808146
27/04/2009,69.385002,72.931999,66.852997,72.666,0.047815459
04/05/2009,72.967003,76.956001,71.976997,75.773003,0.042757314
11/05/2009,75.747002,75.972,70.677002,71.290001,-0.059163578
18/05/2009,71.285202,74.860001,70.519997,74.07,0.038995637
25/05/2009,74.099998,76.871002,73.099998,76.269997,0.029701593
01/06/2009,76.339996,79.474998,75.93,78.400002,0.027927168
08/06/2009,78.379997,80.420998,76.879997,79.667999,0.016173431
15/06/2009,79.669998,79.669998,75.199997,77.129997,-0.031857233
22/06/2009,77.149002,77.448097,74.029999,76.830002,-0.003889472
29/06/2009,76.847,78.360001,75.809998,76.167801,-0.008619042
06/07/2009,76.190002,76.589996,70.989998,72.120003,-0.053143165
13/07/2009,72.117996,75.970001,70.75,75.879997,0.052135245
20/07/2009,76.648003,77.557999,76.18,77.268997,0.018305219
27/07/2009,78.269997,79.440002,77.389999,79.312302,0.026444047
03/08/2009,80.169998,81.529999,79.650002,81.410004,0.026448633
10/08/2009,81.126999,81.129997,78.550003,78.550003,-0.03513083
17/08/2009,77.449997,79.328796,77.449997,79.273201,0.009206849
24/08/2009,78.989998,79.053001,77.75,78.599602,-0.008497184
31/08/2009,78.370003,79.513802,76.438004,79.449997,0.01081933
07/09/2009,79.561996,79.813904,77.849998,77.860001,-0.020012537
14/09/2009,78.239998,79.515297,78.169998,79.173203,0.016866196
21/09/2009,79.419998,79.809998,76.558601,76.807701,-0.029877558
28/09/2009,78.278099,79.525002,77.485001,77.730003,0.012007937
05/10/2009,78.459999,81.383003,78.459999,81.362,0.046725805
12/10/2009,81.390999,84.063004,81.300003,83.246002,0.023155798
19/10/2009,84.079498,84.940002,83.620003,84.874001,0.019556483
26/10/2009,84.856003,85.221001,79.449997,80.433296,-0.052321146
02/11/2009,80.459999,83.290001,80.220001,82.709999,0.028305479
09/11/2009,82.699402,84.190002,82.573196,83.812401,0.013328522
16/11/2009,83.799797,83.799797,80.625603,81.290001,-0.030095785
23/11/2009,81.370003,82.484001,76.666,79.0149,-0.027987464
30/11/2009,78.980003,82.970001,78.489998,82.25,0.040942911
07/12/2009,82.313797,82.547501,79.239998,81.220001,-0.012522784
14/12/2009,81.306999,81.553001,78.699997,80.379997,-0.010342329
21/12/2009,80.410004,81.070999,79.610001,80.803497,0.005268724
28/12/2009,80.839996,83.797997,80.830002,83.192001,0.029559414
04/01/2010,83.18,86.059998,83.029999,85.887001,0.032394941
11/01/2010,85.932999,86.179001,83.349998,83.75,-0.024881542
18/01/2010,83.746902,84.333,80.68,81.290001,-0.029373122
25/01/2010,81.325104,82.180199,78.860001,79.919998,-0.016853278
01/02/2010,79.946098,81.125999,76.169998,77.237396,-0.033566092
08/02/2010,77.220001,80.413399,76.814301,79.940002,0.0349909
15/02/2010,79.940002,82.564003,79.720001,82.470001,0.031648723
22/02/2010,82.513603,82.766998,78.177902,79.870003,-0.031526591
01/03/2010,79.82,82.325996,79.18,82.316399,0.030629722
08/03/2010,82.444397,83.550003,81.220001,83.196404,0.010690519
15/03/2010,83.2229,83.648697,82.25,82.676598,-0.006247938
22/03/2010,82.634201,84.625999,81.720001,83.514999,0.010140729
29/03/2010,83.514801,87.157799,83.449997,86.980003,0.041489601
05/04/2010,87.011299,87.703003,85.699997,87.255798,0.003170786
12/04/2010,87.2425,87.523003,84.550003,84.684998,-0.029462799
19/04/2010,84.691002,87.189003,83.949997,87.144402,0.029041791
26/04/2010,87.150002,88.050003,84.980003,86.892998,-0.002884913
03/05/2010,86.880997,87.945,76.940002,82.330002,-0.052512816
10/05/2010,82.410004,84.833,81.400002,81.779198,-0.006690198
17/05/2010,81.739998,81.772003,71.898003,74.660004,-0.08705385
24/05/2010,74.629997,78.012001,72.095001,76.725998,0.027672032
31/05/2010,76.709999,78.970001,74.669998,74.739998,-0.025884316
07/06/2010,74.781998,78.379997,73.629997,78.220001,0.046561454
14/06/2010,78.275002,79.781502,77.489998,79.489998,0.016236218
21/06/2010,79.489998,80.839104,76.949997,77.955002,-0.019310555
28/06/2010,77.919998,78.402,72.639999,73.855003,-0.052594431
05/07/2010,73.825699,77.923103,72.714996,77.720001,0.052332243
12/07/2010,77.7034,78.839996,74.830002,74.870003,-0.036670072
19/07/2010,74.859001,78.733002,74.639999,78.271004,0.045425416
26/07/2010,78.279999,79.379997,77.349998,78.18,-0.001162678
02/08/2010,78.181999,79.25,77.639999,78.529999,0.004476836
09/08/2010,78.32,78.791,75.800003,77.209999,-0.016808863
16/08/2010,77.029999,77.665001,75.470001,76.019997,-0.015412537
23/08/2010,75.970001,76.512497,73.6446,74.57,-0.019073889
30/08/2010,77.194,78.016998,74.650002,76.629997,0.02762501
06/09/2010,77.220001,78.074997,75.938004,77.459999,0.010831294
13/09/2010,78.319,81.280998,77.400002,80.330002,0.037051421
20/09/2010,80.321701,81.385002,79.800003,80.250298,-0.000992207
27/09/2010,80.981697,81.334,80.446098,80.597,0.004320258
04/10/2010,80.945396,81.800003,79.800003,80.904999,0.00382147
11/10/2010,80.942001,81.300003,79.972,80.910004,6.19E-05
18/10/2010,80.459999,80.779999,78.68,79.563004,-0.016648127
25/10/2010,79.910004,80.541,78.172897,79.431602,-0.001651546
01/11/2010,79.360001,82.634003,79.239998,81.980003,0.032082961
08/11/2010,82.489998,82.724998,80.3731,82.112999,0.001622298
15/11/2010,81.547203,82.790001,81.110001,82.735001,0.007574952
22/11/2010,82.629997,82.990601,80.540001,81.720299,-0.012264483
29/11/2010,81.300003,82.236397,79.757004,81.769997,0.000608148
06/12/2010,82.065102,82.809998,81.402397,82.497002,0.008890853
13/12/2010,82.620003,83.568001,82.559998,83.099998,0.007309308
20/12/2010,82.995399,83.551201,82.709999,83.322502,0.002677545
27/12/2010,82.889999,83.309998,82.589996,82.769997,-0.006630922
03/01/2011,82.8554,83.339996,81.940002,82.695,-0.000906089
10/01/2011,82.639999,82.929604,81.529999,82.574799,-0.001453546
17/01/2011,82.113998,82.769997,81.5,81.737,-0.010145941
24/01/2011,81.709503,82.420998,81.540001,82.025002,0.003523521
31/01/2011,81.010002,83.311996,81.010002,82.809998,0.009570204
07/02/2011,83.241997,83.699997,82.879997,83.419998,0.00736626
14/02/2011,83.540001,84.440002,83.400002,84.260002,0.010069576
21/02/2011,84.293999,84.293999,81.889999,82.896004,-0.016187965
28/02/2011,82.750999,83.941002,82.580002,83.403999,0.0061281
07/03/2011,83.509804,83.715401,81.955803,83.029999,-0.004484197
14/03/2011,82.040001,83.110001,76.730003,78.254799,-0.057511743
21/03/2011,80.830002,83.470001,80.510002,82.630997,0.055922423
28/03/2011,83.396004,87.554001,83.379997,86.127998,0.042320692
04/04/2011,87.494904,89.903999,86.692001,88.839996,0.031487995
11/04/2011,89.824799,90.015999,86.866997,87.919998,-0.010355674
18/04/2011,87.779999,88.550003,85.995399,87.9944,0.000846247
25/04/2011,88.07,89.589996,87.18,89.161697,0.013265583
02/05/2011,88.998596,89.337303,84.739998,85.279999,-0.043535488
09/05/2011,86.496696,88.07,85.25,86.360001,0.012664189
16/05/2011,85.269997,87.489998,84.889999,87.169998,0.009379307
23/05/2011,86.831497,86.936996,85.43,86.319,-0.00976251
30/05/2011,86.519997,87.584999,84.949997,86.360001,0.000474994
06/06/2011,86.227997,86.400002,84.410004,85.302002,-0.01225103
13/06/2011,84.620003,86.343002,84.519997,85.07,-0.002719772
20/06/2011,84.870003,85.260002,84.081001,84.730003,-0.003996673
27/06/2011,84.294998,86.959999,84.040001,86.32,0.018765454
04/07/2011,87.18,87.708,86.25,87.484001,0.01348472
11/07/2011,86.43,86.617996,83.379997,84.907997,-0.02944543
18/07/2011,84.206001,85.333,83.529999,85.155998,0.00292082
25/07/2011,84.980003,86.133003,84.220001,85.489998,0.003922213
01/08/2011,85.040001,86.141998,81.435997,82.681999,-0.032845936
08/08/2011,81.267998,81.730003,76.540001,79.441902,-0.039187454
15/08/2011,79.7584,81.134903,78.873596,79.523003,0.001020884
22/08/2011,79.704102,81.25,79.529999,80.82,0.016309709
29/08/2011,81.099998,82.779999,81.07,82.389999,0.019425872
05/09/2011,81.559898,82.425003,80.489998,82.207001,-0.002221119
12/09/2011,80.838501,80.887001,78.059998,79.209999,-0.036456773
19/09/2011,79.288597,79.300003,73.690002,74.497002,-0.059500026
26/09/2011,75.190002,76.478996,73.379898,74.889999,0.00527534
03/10/2011,74.68,75.852997,72,74.655998,-0.003124596
10/10/2011,74.946198,79.866997,74.8815,78.043404,0.045373528
17/10/2011,79.836998,80.263,77.629997,78.620003,0.007388184
24/10/2011,78.669998,81.412003,78.370003,81.213997,0.032994071
31/10/2011,80.807198,83.839996,79.629997,81.289001,0.000923535
07/11/2011,81.274002,81.309998,78.080002,78.82,-0.030373125
14/11/2011,79.700996,79.711403,76.580002,76.790001,-0.025754872
21/11/2011,76.793701,76.794998,74.760002,74.879997,-0.024873082
28/11/2011,76.309998,80.344002,76.129997,79.449997,0.061030985
05/12/2011,79.945999,80.169998,78,79.040001,-0.005160428
12/12/2011,79.233002,79.234001,76.987999,77.3424,-0.021477745
19/12/2011,77.505203,79.486,77.18,79.190002,0.023888604
26/12/2011,79.209999,79.290001,78.160004,78.419998,-0.0097235
02/01/2012,78.699997,79.677002,78.239998,78.410004,-0.000127442
09/01/2012,78.449997,79.737,78.07,79.029999,0.007907091
16/01/2012,79.056099,80.903999,78.779999,80.519997,0.018853575
23/01/2012,80.563301,82.815002,80.449997,81.608101,0.013513463
30/01/2012,81.57,82.580002,80.511002,82.260002,0.00798819
06/02/2012,82.300003,83.734001,81.860001,83.160004,0.010940943
13/02/2012,83.199997,86.339996,82.75,86.290001,0.03763825
20/02/2012,86.1399,87.377998,84.690002,87.051003,0.008819121
27/02/2012,87.110001,87.963997,85.599998,87.550003,0.005732272
05/03/2012,87.440002,87.68,84.830002,87,-0.006282159
12/03/2012,86.940002,88.727997,86.059998,88.489998,0.017126414
19/03/2012,88.452003,88.561996,85.255997,86.410004,-0.023505414
26/03/2012,86.588997,87.550003,84.599998,86.449997,0.000462828
02/04/2012,86.388,86.753998,83.542,83.542,-0.033637907
09/04/2012,83.669998,84.768997,82.497597,83.761299,0.002625015
16/04/2012,83.629997,84.746002,82.860001,84.650002,0.010609948
23/04/2012,84.709999,84.709999,82.860001,83.902,-0.008836409
30/04/2012,83.989998,83.989998,80.559998,80.779999,-0.03721009
07/05/2012,80.788002,81.612999,79.709999,80.014,-0.009482533
14/05/2012,80.182999,80.363998,77.529999,77.760002,-0.028170045
21/05/2012,77.860001,79.167,76.970703,78.110001,0.004501016
28/05/2012,78.099998,78.647003,74.512001,75.470001,-0.033798489
04/06/2012,75.289001,79.693001,75.238998,79.379997,0.051808612
11/06/2012,79.419998,80.095001,78.110001,79.910004,0.006676833
18/06/2012,79.957001,81.541397,79.330002,80.839996,0.011637992
25/06/2012,80.860001,81.990997,79.290001,81.795998,0.011825854
02/07/2012,81.730003,82.316002,80.959999,81.324997,-0.00575824
09/07/2012,81.039001,81.711998,80.029999,81.07,-0.00313553
16/07/2012,81.027,82.048401,80.449997,81.18,0.001356852
23/07/2012,81.125999,82.282997,79.5877,82.117104,0.011543533
30/07/2012,82.120003,83.133003,81.550003,83.033897,0.011164459
06/08/2012,83.000999,83.583,82.209999,82.644997,-0.004683629
13/08/2012,82.540001,83.436996,82.230003,82.870003,0.00272256
20/08/2012,82.980003,83.542999,81.459999,81.953102,-0.011064329
27/08/2012,81.900002,82.065002,80.440002,80.634201,-0.016093363
03/09/2012,80.419998,81.745003,79.650002,81.110298,0.005904405
10/09/2012,81.073997,83.051003,80.724297,82.519997,0.017380025
17/09/2012,82.510002,82.980003,80.970001,81.559998,-0.011633532
24/09/2012,81.489998,81.517998,80.236603,80.707497,-0.01045244
01/10/2012,80.684601,81.206596,79.730003,79.970001,-0.009137887
08/10/2012,79.980003,80.759697,79.405998,80.167999,0.002475903
15/10/2012,80.204002,82.505997,79.952003,81.730003,0.019484134
22/10/2012,81.639999,83.458,81.639999,82.389999,0.008075321
29/10/2012,82.43,83.820999,81.984001,83.25,0.010438172
05/11/2012,83.247002,84.124001,81.940002,82.539001,-0.008540529
12/11/2012,82.593002,84.389999,82.360001,84.352501,0.021971431
19/11/2012,84.487999,86.294998,84.150002,86.257004,0.022577908
26/11/2012,86.309998,86.416,85.064003,85.934998,-0.0037331
03/12/2012,85.962997,86.704002,85.405998,86.488998,0.006446733
10/12/2012,86.532997,89.059998,86.046997,88.843002,0.027217381
17/12/2012,88.774002,88.856003,87.527,87.768997,-0.012088797
24/12/2012,87.730003,89.789001,86.982002,89.281998,0.017238445
31/12/2012,89.283997,92.811996,89.139999,92.596001,0.037118379
07/01/2013,92.559998,94.459999,91.220001,94.300003,0.018402544
14/01/2013,94.279999,94.919998,92.478996,94.699997,0.004241718
21/01/2013,94.699997,95.126999,92.790001,94.93,0.002428754
28/01/2013,94.917999,96.767998,94.059998,96.709999,0.018750648
04/02/2013,96.706001,97.327103,95.153,95.5,-0.012511623
11/02/2013,95.494003,96.947998,95.169998,96.510002,0.010575937
18/02/2013,96.510002,97.660004,95.160004,96.983002,0.004901046
25/02/2013,97.004303,97.029999,92.986099,95.329002,-0.017054535
04/03/2013,95.384003,98.929001,94.43,98.230003,0.030431463
11/03/2013,98.233002,99.952003,97.375,98.231003,1.02E-05
18/03/2013,98.199997,99.653999,97.730003,99.112999,0.008978795
25/03/2013,99.103996,99.380997,96.480003,98.102699,-0.010193416
01/04/2013,98.137398,102.279999,96.919998,102.075996,0.040501404
08/04/2013,102.239998,105.372002,101.986,103.370003,0.012676898
15/04/2013,103.440002,103.801003,99.599998,102.639,-0.007071713
22/04/2013,102.542999,102.921997,100.269997,100.709999,-0.018794035
29/04/2013,100.632004,102.317001,99.279999,102.157997,0.014377897
06/05/2013,102.050003,102.112,100.446999,101.900002,-0.002525451
13/05/2013,101.785004,101.845001,99.580002,100.139999,-0.017271864
20/05/2013,100.301003,100.948997,97.333,97.529999,-0.026063511
27/05/2013,97.396004,99.029701,96.096001,96.639999,-0.009125397
03/06/2013,96.639999,97.346001,90.641998,92.623001,-0.041566619
10/06/2013,92.540001,93.725998,88.93,90.211998,-0.026030284
17/06/2013,90.276001,91.503998,89.120003,90.827003,0.00681733
24/06/2013,90.891998,91.674004,89.580002,90.68,-0.001618494
01/07/2013,90.744003,92.349998,90.160004,91.888,0.01332157
08/07/2013,91.794998,93.022003,89.355499,89.355499,-0.027560737
15/07/2013,90.028999,92.541,89.4505,92.280998,0.03274
22/07/2013,92.492996,92.699997,90.570999,90.959,-0.014325788
29/07/2013,90.674004,90.917,87.475998,88.063004,-0.031838477
05/08/2013,88.059998,88.637001,86.400002,88.514999,0.005132632
12/08/2013,88.080002,90.029999,88.059998,89.760002,0.014065447
19/08/2013,89.856003,90.099998,87.416603,89.120003,-0.007130113
26/08/2013,89.113998,89.245003,86.470001,87.809998,-0.014699337
02/09/2013,87.882004,91.934998,87.882004,91.889,0.046452592
09/09/2013,91.900002,93.540001,91.343002,92.417,0.005746063
16/09/2013,92.300003,94.427002,92.129997,93.211998,0.008602292
23/09/2013,93.295998,93.558998,90.669998,90.959999,-0.024159969
30/09/2013,90.926003,92.379997,90.760002,91.739998,0.008575187
07/10/2013,91.809998,93.429001,91.000999,92.706001,0.010529791
14/10/2013,92.875603,94.677498,92.699997,94.635002,0.020807725
21/10/2013,94.629997,95.657997,92.980003,93.652,-0.010387298
28/10/2013,93.684998,93.956001,92.650002,93.395897,-0.002734624
04/11/2013,93.438004,94.142998,92.559998,92.922997,-0.005063392
11/11/2013,92.940002,94.07,92.309998,94.010002,0.011697912
18/11/2013,93.989998,94.565002,92.519997,92.853996,-0.012296628
25/11/2013,92.790001,93.640999,92.25,93.449997,0.00641869
02/12/2013,93.459,94.142998,91.914803,93.949997,0.005350455
09/12/2013,93.871002,94.136002,91.779999,92.431999,-0.01615751
16/12/2013,92.405296,92.9823,91.262497,92.790001,0.003873139
23/12/2013,92.798401,93.575996,92.760002,93.212997,0.004558638
30/12/2013,93.160004,94.029999,92.896004,93.959999,0.008013925
06/01/2014,94.029999,94.043999,92.863998,93.599998,-0.003831428
13/01/2014,93.648003,93.829002,91.190002,91.435303,-0.023127084
20/01/2014,91.4394,92.684998,88.446999,88.773804,-0.029108002
27/01/2014,88.732101,91.082001,88.620003,89.400002,0.00705386
03/02/2014,89.491997,91.891998,88.25,91.690002,0.025615212
10/02/2014,91.639999,92.949997,90.920998,92.001297,0.003395081
17/02/2014,91.980003,92.953003,91.07,92.049004,0.000518547
24/02/2014,92.010002,92.754997,90.099998,90.165001,-0.020467391
03/03/2014,90.223,94.448997,90.059998,93.455299,0.036491964
10/03/2014,93.43,93.606003,91.059998,91.467697,-0.021267943
17/03/2014,91.511002,93.0252,91.339996,92.935997,0.016052662
24/03/2014,92.983002,95.220497,92.651001,95.206001,0.024425455
31/03/2014,95.110001,96.485001,94.769997,95.970596,0.008030954
07/04/2014,95.9403,96.205002,95.056999,95.138,-0.008675532
14/04/2014,95.223099,95.976997,94.525002,95.6371,0.005246064
21/04/2014,95.68,96.237,94.5,94.722801,-0.009560087
28/04/2014,94.669998,95.254997,94.593002,94.839996,0.001237242
05/05/2014,94.768997,95.640999,94.264,95.274002,0.004576192
12/05/2014,95.305099,96.091003,94.720001,95.025902,-0.002604068
19/05/2014,95.083,95.124001,93.029999,94.181801,-0.008882852
26/05/2014,94.214996,94.904999,93.742996,94.779999,0.006351524
02/06/2014,94.728996,95.745003,94.269997,95.636002,0.009031473
09/06/2014,95.769997,96.139,95.57,95.834999,0.002080775
16/06/2014,95.739998,95.964996,95.169998,95.767799,-0.000701205
23/06/2014,95.7827,96.297997,95.300003,95.491096,-0.002889311
30/06/2014,95.459999,96.426003,95.151604,95.529999,0.000407399
07/07/2014,95.534897,95.764999,94.712799,95.125999,-0.004229038
14/07/2014,95.101997,95.490997,94.499603,95.234001,0.001135357
21/07/2014,95.201698,96.167,94.919998,95.639397,0.004256841
28/07/2014,95.657997,95.900002,95.306999,95.433098,-0.00215705
04/08/2014,95.485001,95.801003,93.956001,94.727997,-0.007388432
11/08/2014,94.750801,95.692001,94.514198,95.392998,0.00702011
18/08/2014,95.397003,97.120003,95.237801,96.887398,0.01566572
25/08/2014,96.863403,97.235001,96.459999,97.165398,0.00286931
01/09/2014,97.160004,98.592003,97.099998,98.525002,0.013992677
08/09/2014,98.471001,98.643997,96.487,96.650002,-0.019030702
15/09/2014,96.699997,97.912003,96.370003,97.333,0.007066715
22/09/2014,97.360001,97.416,95.349998,95.774399,-0.016013079
29/09/2014,95.559998,96,94.871101,95.0513,-0.007550024
06/10/2014,95.097,95.830002,92.879997,92.890999,-0.022727738
13/10/2014,93.120499,94.5,91.760002,93.809998,0.009893305
20/10/2014,93.805,95.447998,93.573898,95.204002,0.014859866
27/10/2014,95.209999,98.916,94.720001,98.707001,0.036794661
03/11/2014,98.723,99.688004,98.074997,98.973999,0.002704955
10/11/2014,98.970001,102.351997,98.790001,102.322998,0.03383716
17/11/2014,102.220001,102.832001,101.249001,102.195999,-0.001241158
24/11/2014,102.170998,102.457001,99.9161,100.269997,-0.018846159
01/12/2014,100.279999,101.352997,99.980003,101.047997,0.007759051
08/12/2014,100.959999,101.120003,96.860001,97.032997,-0.039733593
15/12/2014,96.984001,98.010002,95.230003,97.319,0.002947482
22/12/2014,97.334503,148.600006,97.107002,97.658997,0.003493634
29/12/2014,97.675003,98.278801,96.959999,97.136002,-0.005355318
05/01/2015,97.1623,97.626999,95.679001,97.181,0.000463247
12/01/2015,97.203003,97.587997,94.277,96.68,-0.005155329
19/01/2015,96.669998,97.388,92.160004,92.395203,-0.044319373
26/01/2015,92.459999,94.598999,90.519997,91.175003,-0.013206313
02/02/2015,91.129997,93.053001,89.379997,92.309998,0.012448533
09/02/2015,92.322998,93.087997,91.349998,92.075996,-0.002534958
16/02/2015,92.110001,93.5,91.720001,93.414001,0.014531529
23/02/2015,93.397003,93.952003,92.419601,93.274002,-0.001498694
02/03/2015,93.319,94.110001,92.959999,93.210098,-0.000685121
09/03/2015,93.169601,93.569,91.807999,92.386497,-0.008835963
16/03/2015,92.389999,93.539001,92.052002,93.406998,0.011045997
23/03/2015,93.393997,94.636002,92.080002,92.225998,-0.012643592
30/03/2015,92.209999,92.262001,90.218002,90.803001,-0.015429456
06/04/2015,90.797997,93.050003,90.529999,92.167999,0.015032521
13/04/2015,92.105499,93.150002,90.473999,92.749001,0.006303728
20/04/2015,92.724998,93.247002,91.737801,93.130997,0.0041186
27/04/2015,93.130203,95.902199,92.864998,94.031898,0.009673482
04/05/2015,94.010002,95.876999,93.747002,94.900002,0.009232016
11/05/2015,94.918999,97.264999,94.449997,96.033997,0.011949368
18/05/2015,95.990601,96.036003,94.971397,95.069,-0.010048494
25/05/2015,94.945999,95.965897,94.620003,94.760002,-0.00325025
01/06/2015,94.896103,96.964996,94.589996,95.615997,0.009033294
08/06/2015,95.650002,96.078003,94.528999,95.727997,0.001171352
15/06/2015,95.276398,96.288002,94.9375,95.793098,0.000680062
22/06/2015,95.361,96.121002,94.561996,95.57,-0.002328957
29/06/2015,93.317001,94.962997,92.07,93.963997,-0.016804468
06/07/2015,91.620697,92.400002,89.18,90.744301,-0.034265209
13/07/2015,90.8881,92.395699,90.839996,92.021004,0.014069236
20/07/2015,91.459,92.259003,89.940002,91.089996,-0.010117342
27/07/2015,90.019997,90.985001,89.339996,90.489998,-0.00658687
03/08/2015,90.505997,92.169998,90.050003,91.598,0.012244469
10/08/2015,91.970001,92.675003,90.458,91.706001,0.001179076
17/08/2015,91.620903,91.875999,89.510002,90.529701,-0.01282686
24/08/2015,88.274597,88.505997,82.315002,86.788002,-0.041331176
31/08/2015,86.559998,86.75,82.209,84.239998,-0.029358943
07/09/2015,82.625,85.883003,82.260002,85.267998,0.012203229
14/09/2015,85.736198,86.903,84.945,86.282997,0.011903634
21/09/2015,86.254799,86.357002,83,84.302002,-0.022959274
28/09/2015,84.483704,85.008003,82.830002,84.301003,-1.19E-05
05/10/2015,84.519997,88.307999,84.489998,87.128998,0.033546398
12/10/2015,87.779999,88.607002,86.138,87.223,0.001078883
19/10/2015,86.543999,88.054001,86.056999,87.129997,-0.001066267
26/10/2015,87.589996,87.990997,85.43,86.077003,-0.012085321
02/11/2015,85.949997,87.569,85.82,86.745003,0.007760493
09/11/2015,86.695,87.927002,86.529999,87.379997,0.007320237
16/11/2015,86.919998,88.999001,86.919998,88.852997,0.016857405
23/11/2015,88.811996,89.055,88.040001,88.353996,-0.005616029
30/11/2015,88.220001,90.694,88.040001,90.348,0.022568351
07/12/2015,90.401001,90.472,86.884003,86.940002,-0.037720791
14/12/2015,86.595001,88.283997,86.199997,86.891998,-0.000552151
21/12/2015,86.940002,87.712997,86.695,87.694,0.009229872
28/12/2015,87.540001,88.137001,87.239998,87.656998,-0.000421944
04/01/2016,87.629997,87.709,80.899002,81.230003,-0.073319816
11/01/2016,81.199997,83.357002,79.620003,80.209999,-0.012556986
18/01/2016,80.238998,83.481003,79.25,83.015999,0.03498317
25/01/2016,82.978996,86.361,81.470001,85.720001,0.032572059
01/02/2016,85.773003,86.112999,82.528,82.856003,-0.033411082
08/02/2016,82.848999,83.467003,77.634003,80.869003,-0.023981364
15/02/2016,80.860001,82.403,79.833,80.32,-0.006788794
22/02/2016,80.378998,81.987,79.629997,80.970001,0.008092642
29/02/2016,81.042999,84.669998,79.819,84.330002,0.041496863
07/03/2016,84.269997,86.260002,83.339996,86.010002,0.019921736
14/03/2016,86.012001,86.397003,83.93,84.620003,-0.0161609
21/03/2016,84.589996,85.842003,84.169998,85.080002,0.005436055
28/03/2016,85.125,86.682999,85.010002,85.649002,0.006687823
04/04/2016,85.610001,85.628998,80.767998,81.910004,-0.043654893
11/04/2016,81.889999,84.730003,81.07,82.497002,0.007166377
18/04/2016,82.612,86.375999,82.460999,85.896004,0.041201521
25/04/2016,85.912003,86.285004,80.599998,81.041,-0.056521884
02/05/2016,81.039001,81.822998,78.160004,79.139999,-0.023457275
09/05/2016,79.130997,80.623001,78.540001,79.028999,-0.001402578
16/05/2016,79.000999,80.543999,78.990997,79.514999,0.006149641
23/05/2016,79.514,79.737,78.309998,79.519997,6.29E-05
30/05/2016,79.504997,80.787003,77.337997,78.376999,-0.014373718
06/06/2016,78.335999,80.290001,78,78.504997,0.001633107
13/06/2016,78.496002,78.842003,75.605003,77.740997,-0.009731865
20/06/2016,77.709999,80.43,73.068001,75.839996,-0.024453005
27/06/2016,75.926003,76.950996,74.536003,76.449997,0.008043263
04/07/2016,76.482002,77.388,74.559998,76.07,-0.00497053
11/07/2016,76.085999,81.480003,75.910004,80.022003,0.051952189
18/07/2016,80.026001,80.660004,78.921997,79.460999,-0.007010622
25/07/2016,79.408997,79.696999,76.999001,77.639999,-0.022916903
01/08/2016,77.629997,78.085999,76.5,77.737,0.001249369
08/08/2016,77.661003,78.670998,77.285004,77.531998,-0.002637123
15/08/2016,77.512001,77.712997,76.075996,76.478996,-0.013581515
22/08/2016,76.461998,77.634003,76.103996,76.875,0.005177945
29/08/2016,76.843002,78.830002,76.726997,78.612999,0.022608117
05/09/2016,78.639,79.119003,77.072998,77.283997,-0.016905627
12/09/2016,77.272003,77.436996,75.986,76.733002,-0.007129484
19/09/2016,76.758003,77.515999,76.18,76.819,0.001120743
26/09/2016,76.827003,78.158997,76.233002,77.620003,0.010427147
03/10/2016,77.598999,78.976997,77.389999,78.279999,0.008502911
10/10/2016,78.310997,79.716003,77.918999,79.014,0.00937661
17/10/2016,79.049004,80.011002,78.737,78.981003,-0.00041761
24/10/2016,78.984001,80.294998,78.877998,79.434998,0.005748154
31/10/2016,79.404999,80.632004,78.502998,79.983002,0.006898773
07/11/2016,79.984001,82.419998,76.846001,80.663002,0.008501806
14/11/2016,80.688004,82.595001,80.528999,81.242996,0.007190335
21/11/2016,81.251999,84.585999,81.148003,83.856003,0.032162859
28/11/2016,83.833,84.799004,83.237999,84.480003,0.007441328
05/12/2016,84.443001,86.074997,84.311996,85.953003,0.017436079
12/12/2016,85.959999,87.514,85.753998,85.877998,-0.000872628
19/12/2016,85.870003,85.931999,83.904999,84.202003,-0.019516
26/12/2016,84.167,84.842003,83.746002,84.081001,-0.001437044
02/01/2017,84.309998,85.688004,83.959,85.626999,0.018387008
09/01/2017,85.658997,86.263,85.050003,85.639999,0.000151821
16/01/2017,85.709,87.028,85.043999,86.179001,0.006293811
23/01/2017,86.196999,87.081001,85.389999,86.605003,0.004943223
30/01/2017,86.610001,86.698997,85.199997,86.453003,-0.001755095
06/02/2017,86.450996,87.402,85.250999,87.367996,0.010583704
13/02/2017,87.402,88.137001,86.269997,86.571999,-0.009110853
20/02/2017,86.567001,87.358002,85.968002,86.046997,-0.00606434
27/02/2017,86.014,87.473,85.846001,86.459,0.004788116
06/03/2017,86.370003,87.060997,85.861,86.540001,0.000936872
13/03/2017,86.540001,87.421997,86.512001,86.838997,0.003455003
20/03/2017,86.810997,87.233002,84.258003,84.376999,-0.028351295
27/03/2017,84.384003,85.755997,83.833,84.878998,0.005949477
03/04/2017,84.920998,85.026001,82.797997,83.490997,-0.016352702
10/04/2017,83.487,83.710999,81.897003,82.114998,-0.016480807
17/04/2017,82.082001,83.903,81.550003,83.094002,0.011922353
24/04/2017,83.124001,83.995003,82.731003,83.278999,0.002226358
01/05/2017,83.293999,84.540001,82.675003,83.557999,0.003350184
08/05/2017,83.539001,84.323997,83.185997,83.731003,0.002070466
15/05/2017,83.709999,84.504997,81.778999,82.926003,-0.009614121
22/05/2017,82.900002,83.855003,82.517998,82.815002,-0.001338555
29/05/2017,82.806,82.949997,81.758003,82.050003,-0.009237445
05/06/2017,82.047997,83.390999,81.786003,83.017998,0.011797623
12/06/2017,83.040001,84.803001,82.692001,84.546997,0.018417681
19/06/2017,84.535004,85.074997,83.737,84.18,-0.004340746
26/06/2017,84.219002,86.521004,84.178001,86.304001,0.025231658
03/07/2017,86.313004,86.935997,85.684998,86.68,0.004356681
10/07/2017,86.647003,88.377998,86.620003,87.947998,0.014628496
17/07/2017,87.963997,89.279999,87.532997,87.918999,-0.000329729
24/07/2017,87.911003,89.414001,87.639999,88.220001,0.003423629
31/07/2017,88.209,88.695,87.373001,87.845001,-0.004250737
07/08/2017,87.850998,88.009003,85.449997,86.330002,-0.017246274
14/08/2017,86.350998,87.538002,86.008003,86.657997,0.003799316
21/08/2017,86.667999,86.944,85.929001,86.817001,0.001834845
28/08/2017,86.860001,87.943001,86.115997,87.441002,0.007187544
04/09/2017,87.428001,87.704002,86.545998,87.125,-0.003613888
11/09/2017,87.142998,89.260002,87.112,88.917,0.020568149
18/09/2017,88.878998,90.257004,88.476997,89.540001,0.007006545
25/09/2017,89.528999,89.674004,88.008003,88.605003,-0.010442238
02/10/2017,88.349998,88.730003,87.32,87.551003,-0.011895491
09/10/2017,87.532997,88.295998,87.239998,88.214996,0.007584071
16/10/2017,88.222,88.983002,87.779999,88.734001,0.00588341
23/10/2017,89.022003,89.061996,87.053001,87.293999,-0.0162283
30/10/2017,87.140999,87.996002,86.690002,87.265999,-0.000320755
06/11/2017,87.352997,87.688004,86.855003,86.977997,-0.003300277
13/11/2017,86.932999,87.084999,84.639999,84.790001,-0.025155741
20/11/2017,84.601997,85.307999,84.532997,84.943001,0.001804458
27/11/2017,84.983002,85.699997,84.348999,85.309998,0.004320509
04/12/2017,85.622002,86.194,84.668999,85.196999,-0.001324569
11/12/2017,85.223,86.487,85.183998,86.058998,0.010117716
18/12/2017,86.195999,87.521004,86.120003,87.358002,0.015094343
25/12/2017,87.389999,88.148003,87.140999,87.969002,0.006994208
01/01/2018,87.910004,88.976997,87.661003,88.894997,0.010526378
08/01/2018,88.919998,89.025002,87.311996,87.787003,-0.012464076
15/01/2018,87.910004,89.013,87.669998,88.5,0.008121897
22/01/2018,88.540001,89.053001,87.800003,88.146004,-0.003999955
29/01/2018,88.171997,88.399002,87.279999,87.294998,-0.009654505
05/02/2018,86.983002,87.496002,84.408997,84.994003,-0.026358841
12/02/2018,85.060997,85.582001,83.349998,84.044998,-0.011165552
19/02/2018,84.07,84.847,83.275002,83.819,-0.002689012
26/02/2018,83.914001,84.161003,81.564003,82.042999,-0.021188525
05/03/2018,81.863998,83.896004,81.504997,83.849998,0.022025024
12/03/2018,84.028999,84.518997,81.802002,81.802002,-0.024424521
19/03/2018,81.755997,82.417999,80.573997,80.625,-0.014388425
26/03/2018,80.832001,81.887001,80.762001,81.639999,0.012589135
02/04/2018,81.684998,82.623001,80.940002,82.130997,0.006014184
09/04/2018,82.089996,84.059998,81.964996,83.348,0.014817828
16/04/2018,83.545998,83.93,82.514,82.592003,-0.009070368
23/04/2018,82.598999,83.070999,82.369003,82.643997,0.000629528
30/04/2018,82.613998,82.688004,81.669998,82.296997,-0.004198732
07/05/2018,82.117996,82.663002,81.120003,82.498001,0.002442422
14/05/2018,82.547997,83.427002,82.182999,83.182999,0.008303207
21/05/2018,83.431,84.472,82.396004,82.568001,-0.007393314
28/05/2018,82.848999,83.054001,81.125999,82.894997,0.003960324
04/06/2018,82.949997,84.514999,82.595001,83.279999,0.004644454
11/06/2018,83.245003,84.140999,82.272003,82.385002,-0.010746842
18/06/2018,82.294998,82.392998,80.633003,81.828003,-0.006760927
25/06/2018,81.771004,81.991997,80.695999,81.984001,0.001906413
02/07/2018,81.926003,82.241997,81.002998,82.043999,0.000731826
09/07/2018,82.106003,83.589996,82.080002,83.411003,0.01666184
16/07/2018,83.382004,83.898003,82.227997,82.702003,-0.008500078
23/07/2018,82.546997,82.806,81.830002,82.155998,-0.006602077
30/07/2018,82.050003,83.250999,81.970001,82.345001,0.002300538
06/08/2018,82.235001,82.785004,80.739998,80.967003,-0.016734446
13/08/2018,80.630997,80.847,79.718002,80.834999,-0.001630343
20/08/2018,80.720001,81.676003,80.594002,81.489998,0.008102913
27/08/2018,81.711998,81.785004,79.766998,79.847,-0.020161959
03/09/2018,79.892998,80.560997,78.889999,78.889999,-0.011985435
10/09/2018,78.893997,80.795998,78.774002,80.123001,0.015629383
17/09/2018,79.940002,82.345001,79.780998,82.127998,0.025023988
24/09/2018,81.883003,82.224998,81.307999,82.130997,3.65E-05
01/10/2018,82.177002,82.459,80.036003,80.212997,-0.023352937
08/10/2018,80.195999,80.584,79.155998,79.838997,-0.004662586
15/10/2018,79.747002,80.469002,79.487,80.132004,0.003669973
22/10/2018,79.996002,80.297997,78.564003,79.333,-0.009971097
29/10/2018,79.422997,81.938004,79.199997,81.615997,0.028777394
05/11/2018,81.427002,82.992996,81.258003,82.238998,0.00763332
12/11/2018,82.263,82.804001,81.391998,82.760002,0.006335243
19/11/2018,82.486,82.608002,81.272003,81.735001,-0.012385222
26/11/2018,81.672997,83.140999,81.650002,83.026001,0.015794947
03/12/2018,83.870003,83.870003,80.942001,81.172997,-0.022318358
10/12/2018,80.790001,82.194,80.790001,81.462997,0.003572617
17/12/2018,81.362,81.494003,78.040001,78.115997,-0.041086139
24/12/2018,78.306999,78.657997,77.341003,77.670998,-0.005696644
31/12/2018,77.709999,78.044998,73.992996,77.240997,-0.005536185
07/01/2019,77.278,78.396004,77.019997,78.329002,0.014085849
14/01/2019,78.117996,78.841003,77.557999,78.683998,0.004532114
21/01/2019,78.536003,78.759003,77.599998,78.650002,-0.000432057
28/01/2019,78.511002,79.545998,77.960999,79.406998,0.009624869
04/02/2019,79.360001,79.818001,77.449997,77.769997,-0.020615324
11/02/2019,77.962997,79.227997,77.879997,78.907997,0.014632892
18/02/2019,78.971001,79.783997,78.342003,78.901001,-8.87E-05
25/02/2019,79.260002,79.660004,78.889999,79.230003,0.004169808
04/03/2019,79.453003,79.515999,77.730003,78.321999,-0.011460355
11/03/2019,78.155998,79.225998,77.914001,79.010002,0.008784288
18/03/2019,79,79.406998,77.789001,77.893997,-0.014124857
25/03/2019,77.967003,78.992996,77.539001,78.561996,0.008575744
01/04/2019,78.945999,79.625,78.480003,79.403999,0.010717688
08/04/2019,79.304001,80.501999,78.949997,80.339996,0.011787782
15/04/2019,80.336998,80.672997,79.879997,80.100998,-0.002974832
22/04/2019,79.959999,80.071999,78.109001,78.558998,-0.019250696
29/04/2019,78.599998,78.896004,77.816002,78.003998,-0.007064754
06/05/2019,77.112,77.987,76.339996,76.963997,-0.013332663
13/05/2019,76.554001,76.672997,75.329002,75.528999,-0.018645056
20/05/2019,76,76.384003,75.360001,75.695,0.002197845
27/05/2019,75.805,76.152,75.084999,75.163002,-0.007028179
03/06/2019,74.982002,75.892998,74.971001,75.710999,0.007290781
10/06/2019,75.862999,75.908997,74.485001,74.614998,-0.014476113
17/06/2019,74.650002,74.766998,73.945999,74.389999,-0.003015466
24/06/2019,74.537003,75.758003,74.32,75.758003,0.018389623
01/07/2019,76.091003,76.091003,75.117996,75.773003,0.000197999
08/07/2019,75.722,75.896004,75.160004,75.760002,-0.000171578
15/07/2019,75.667999,76.136002,75.477997,75.852997,0.001227495
22/07/2019,75.933998,76.155998,75.024002,75.121002,-0.009650179
29/07/2019,75.023003,75.184998,72.263,72.495003,-0.034956922
05/08/2019,72.373001,72.664001,70.741997,71.724998,-0.010621491
12/08/2019,71.438004,72.885002,70.899002,72.120003,0.005507215
19/08/2019,72.199997,72.389999,71.036003,71.179001,-0.013047725
26/08/2019,70.351997,71.944,70.351997,71.620003,0.006195676
02/09/2019,71.400002,73.274002,71.089996,73.224998,0.022409871
09/09/2019,73.209999,73.828003,73.035004,73.679001,0.006200109
16/09/2019,null,null,null,null,#VALUE!
23/09/2019,null,null,null,null,#VALUE!
30/09/2019,null,null,null,null,#VALUE!
07/10/2019,72.211998,73.948997,71.968002,73.633797,#VALUE!
14/10/2019,73.689003,74.380997,73,74.302803,0.009085583
21/10/2019,74.236,74.797997,73.949997,74.130203,-0.002322927
28/10/2019,74.170998,75.285004,74.07,74.740898,0.00823814
04/11/2019,74.833,75.543999,74.550003,74.927696,0.002499274
11/11/2019,74.900002,74.933998,73.372002,74.156601,-0.010291188
18/11/2019,74.075996,74.304001,73.480003,73.684799,-0.006362239
25/11/2019,73.841003,74.264999,73.720001,74.076698,0.005318587
02/12/2019,74.086998,74.838997,73.899002,74.319298,0.003274984
09/12/2019,74.235001,75.948997,73.809998,75.183899,0.0116336
16/12/2019,75.192001,75.612,74.856003,75.492897,0.004109896
23/12/2019,75.609001,76.544998,74.985001,76.401199,0.012031622
30/12/2019,76.432999,76.743202,74.861,75.109596,-0.016905533
06/01/2020,75.024002,75.661003,73.75,75.5355,0.005670434
13/01/2020,75.550003,76.236,75.550003,75.706902,0.002269158
20/01/2020,75.836998,75.888,74.569397,74.569397,-0.015025116
27/01/2020,74.015999,74.301003,72.514,72.549599,-0.027086152
03/02/2020,72.524002,74.367996,72.503998,73.214401,0.009163414
10/02/2020,73.110001,74.278,73.110001,73.690399,0.006501426
17/02/2020,73.818001,74.394997,73.190002,73.8592,0.002290678
24/02/2020,73.681,73.892998,69.426003,70.532997,-0.045034376
02/03/2020,70.197998,71.456001,69.581001,70.033897,-0.007076121
09/03/2020,68.757004,68.989998,64.435997,66.7099,-0.047462688
16/03/2020,65.827003,66.205002,59.195,64.299599,-0.036131084
23/03/2020,63.507,67.644997,62.912998,66.528999,0.034672067
30/03/2020,66.291,67.237999,64.432999,65.048302,-0.022256415
06/04/2020,65.152,69.025002,65.152,68.724998,0.056522552
10/04/2020,68.803001,68.855003,68.803001,68.861,0.001978931
