Date,Open,High,Low,Close,% Change ATX
21/03/2005,2640.969971,2663.27002,2581.820068,2615.439941,-0.95
28/03/2005,2615.449951,2671.040039,2605.469971,2671.040039,2.13
04/04/2005,2670.870117,2717.52002,2670.870117,2711.110107,1.5
11/04/2005,2711.100098,2730.419922,2655.959961,2659.389893,-1.91
18/04/2005,2657.050049,2657.050049,2562.689941,2633.889893,-0.96
25/04/2005,2633.379883,2660.5,2548.810059,2566,-2.58
02/05/2005,2566.050049,2590.179932,2515.719971,2538.149902,-1.09
09/05/2005,2538.050049,2607.139893,2536.070068,2594.580078,2.22
16/05/2005,2595.050049,2679.689941,2571.360107,2678.27002,3.23
23/05/2005,2678.199951,2761.939941,2668.75,2760.77002,3.08
30/05/2005,2762.840088,2856.22998,2754.949951,2822.689941,2.24
06/06/2005,2822.719971,2919.439941,2809.969971,2910.959961,3.13
13/06/2005,2907.969971,3021.449951,2899.459961,3020.659912,3.77
20/06/2005,3017.780029,3050.100098,2948.52002,2965.47998,-1.83
27/06/2005,2965.870117,3090.360107,2959.360107,3089.389893,4.18
04/07/2005,3089.050049,3114.179932,2967.580078,3095.550049,0.2
11/07/2005,3095.370117,3119.52002,3051.219971,3068.139893,-0.89
18/07/2005,3068.659912,3090.5,3037.580078,3048.5,-0.64
25/07/2005,3053.840088,3142.23999,3048.399902,3126.209961,2.55
01/08/2005,3126.209961,3212.610107,3124.360107,3183.76001,1.84
08/08/2005,3183.76001,3271.389893,3176.939941,3235.22998,1.62
15/08/2005,3235.25,3240.120117,3141.98999,3179.610107,-1.72
22/08/2005,3179.780029,3257.820068,3172.719971,3226.199951,1.47
29/08/2005,3225.879883,3340.070068,3214.149902,3333.949951,3.34
05/09/2005,3333.949951,3368.439941,3275.030029,3364.540039,0.92
12/09/2005,3366.120117,3434.709961,3366,3430.290039,1.95
19/09/2005,3430.290039,3431.800049,3358,3379.790039,-1.47
26/09/2005,3379.969971,3457.449951,3359.560059,3457.449951,2.3
03/10/2005,3457.449951,3510.5,3316.280029,3336.699951,-3.49
10/10/2005,3337.530029,3386.969971,3162.76001,3201.620117,-4.05
17/10/2005,3201.620117,3260.439941,3099.560059,3138.350098,-1.98
24/10/2005,3134.27002,3231.419922,3124.199951,3202.399902,2.04
31/10/2005,3200.300049,3359.040039,3200.300049,3354.72998,4.76
07/11/2005,3354.620117,3362.050049,3311.070068,3341.73999,-0.39
14/11/2005,3340.159912,3418.959961,3326.709961,3401.629883,1.79
21/11/2005,3400.97998,3500.780029,3389.469971,3493.340088,2.7
28/11/2005,3493.340088,3574.419922,3475.139893,3569.98999,2.19
05/12/2005,3569.800049,3617.439941,3548.219971,3591.040039,0.59
12/12/2005,3591.040039,3605.379883,3549.679932,3586.620117,-0.12
19/12/2005,3585.48999,3637.429932,3561.459961,3621.370117,0.97
26/12/2005,3621.590088,3675.139893,3613.120117,3667.030029,1.26
02/01/2006,3667.469971,3773.429932,3653.560059,3772.47998,2.88
09/01/2006,3772.610107,3836.399902,3772.610107,3791.800049,0.51
16/01/2006,3791.620117,3873.23999,3716.820068,3846.969971,1.45
23/01/2006,3846.969971,3970.379883,3804.52002,3956.26001,2.84
30/01/2006,3955.840088,4042.310059,3931.23999,3953.469971,-0.07
06/02/2006,3953.080078,4032.949951,3945.350098,4022.47998,1.75
13/02/2006,4022.610107,4091.959961,3945.320068,4079.469971,1.42
20/02/2006,4082.110107,4171.370117,4077.100098,4135.589844,1.38
27/02/2006,4135.799805,4162.089844,3977.939941,4032.929932,-2.48
06/03/2006,4033.139893,4086.469971,3878.429932,3946.050049,-2.15
13/03/2006,3945.840088,4105.680176,3936.219971,4082.870117,3.47
20/03/2006,4083.409912,4106.72998,4039.48999,4070.48999,-0.3
27/03/2006,4070.300049,4139.830078,4029.22998,4139.830078,1.7
03/04/2006,4140.189941,4160.549805,4103.720215,4129.939941,-0.24
10/04/2006,4129.870117,4180.5,4083.090088,4129.959961,0
17/04/2006,4130.450195,4265.069824,4126.77002,4258.5,3.11
24/04/2006,4258.5,4302.709961,4174.009766,4174.120117,-1.98
01/05/2006,4182.310059,4326.350098,4180.669922,4325.589844,3.63
08/05/2006,4325.759766,4353.129883,4220.029785,4232.649902,-2.15
15/05/2006,4231.990234,4237.700195,3800.320068,3846.47998,-9.12
22/05/2006,3847.02002,3887.969971,3528.820068,3802.679932,-1.14
29/05/2006,3805.590088,3877.040039,3669.449951,3868.159912,1.72
05/06/2006,3868.02002,3868.02002,3495.909912,3495.909912,-9.62
12/06/2006,3496.530029,3565.969971,3238.689941,3431.560059,-1.84
19/06/2006,3431.659912,3582.629883,3431.659912,3575.290039,4.19
26/06/2006,3575.530029,3760.840088,3569.909912,3745.719971,4.77
03/07/2006,3745.949951,3863.050049,3741.879883,3811.439941,1.75
10/07/2006,3811.310059,3825.669922,3639.850098,3641.030029,-4.47
17/07/2006,3640.929932,3713.159912,3547.909912,3570.209961,-1.95
24/07/2006,3568.669922,3734.610107,3566.110107,3711.48999,3.96
31/07/2006,3713.02002,3753.72998,3674.98999,3753.72998,1.14
07/08/2006,3753.139893,3753.5,3662.669922,3679.77002,-1.97
14/08/2006,3678.830078,3784.300049,3678.360107,3759.72998,2.17
21/08/2006,3759.77002,3770.110107,3685.830078,3732.209961,-0.73
28/08/2006,3732.360107,3796.75,3726.550049,3788.139893,1.5
04/09/2006,3789.449951,3805.120117,3670.889893,3716.149902,-1.9
11/09/2006,3716.080078,3735.290039,3662.409912,3723.699951,0.2
18/09/2006,3724.939941,3757.27002,3679.290039,3679.590088,-1.18
25/09/2006,3679.330078,3896.810059,3649.330078,3868.27002,5.13
02/10/2006,3868.409912,3870.719971,3739.959961,3814.77002,-1.38
09/10/2006,3815.219971,4020.389893,3793.459961,4010.439941,5.13
16/10/2006,4011.699951,4085.669922,4008.75,4054.209961,1.09
23/10/2006,4052.580078,4162.339844,4031.219971,4107.799805,1.32
30/10/2006,4108.129883,4116.089844,4032.350098,4093.189941,-0.36
06/11/2006,4092.850098,4158.240234,4079.649902,4113.689941,0.5
13/11/2006,4113.52002,4164.22998,4091.300049,4128.25,0.35
20/11/2006,4127.97998,4170.509766,4071.040039,4094.330078,-0.82
27/11/2006,4094.01001,4164.950195,3999.360107,4145.890137,1.26
04/12/2006,4145.890137,4308.5,4138.390137,4308.5,3.92
11/12/2006,4308.879883,4437.02002,4275.350098,4437.02002,2.98
18/12/2006,4437.02002,4465.02002,4396.959961,4414.899902,-0.5
25/12/2006,4414.759766,4474.799805,4402.339844,4463.470215,1.1
01/01/2007,4463.290039,4577.52002,4417.279785,4421.549805,-0.94
08/01/2007,4419.439941,4422.970215,4285.339844,4397.040039,-0.55
15/01/2007,4397.339844,4433.490234,4340.589844,4394.189941,-0.06
22/01/2007,4393.970215,4511.790039,4392.72998,4448.959961,1.25
29/01/2007,4449.720215,4587.97998,4430.589844,4560.189941,2.5
05/02/2007,4560.120117,4580.660156,4526.709961,4554.439941,-0.13
12/02/2007,4553.879883,4606.120117,4512.660156,4533.009766,-0.47
19/02/2007,4531.660156,4617.790039,4517.549805,4582.629883,1.09
26/02/2007,4582.470215,4605.080078,4172.839844,4346.459961,-5.15
05/03/2007,4345.120117,4538.509766,4247.649902,4538.509766,4.42
12/03/2007,4539.040039,4557.27002,4304.649902,4436.399902,-2.25
19/03/2007,4437.009766,4655.740234,4436.950195,4654.819824,4.92
26/03/2007,4654.75,4725.930176,4597.569824,4645.5,-0.2
02/04/2007,4648.410156,4729.589844,4639.790039,4683.870117,0.83
09/04/2007,4685.549805,4769.470215,4649.029785,4720.029785,0.77
16/04/2007,4720.629883,4749.350098,4619.220215,4717.359863,-0.06
23/04/2007,4715.609863,4824.529785,4698.080078,4809.5,1.95
30/04/2007,4800.339844,4800.589844,4696.819824,4726.879883,-1.72
07/05/2007,4726.560059,4746.339844,4593.950195,4667.709961,-1.25
14/05/2007,4670.919922,4826.560059,4644.069824,4818.819824,3.24
21/05/2007,4816.27002,4885.740234,4786.899902,4857.299805,0.8
28/05/2007,4860.359863,4933.299805,4784.680176,4916.939941,1.23
04/06/2007,4915.930176,4932.799805,4671.709961,4766.939941,-3.05
11/06/2007,4766.839844,4969.310059,4754.069824,4967.609863,4.21
18/06/2007,4967.430176,4985.790039,4876.660156,4906.930176,-1.22
25/06/2007,4906.890137,4907.22998,4745.419922,4869.259766,-0.77
02/07/2007,4869.799805,4971.370117,4822.540039,4971.370117,2.1
09/07/2007,4971.419922,5010.930176,4854.5,4926.069824,-0.91
16/07/2007,4925.740234,4945.02002,4825.5,4834.22998,-1.86
23/07/2007,4834.25,4884.209961,4531.390137,4567.109863,-5.53
30/07/2007,4562.129883,4685.410156,4522.330078,4618.430176,1.12
06/08/2007,4617.939941,4672.149902,4407.220215,4434.680176,-3.98
13/08/2007,4434.22998,4569.680176,4201.310059,4283.049805,-3.42
20/08/2007,4283.120117,4523.310059,4278.25,4508.720215,5.27
27/08/2007,4510.379883,4585.339844,4416.100098,4579.609863,1.57
03/09/2007,4579.700195,4680.97998,4485.560059,4487.089844,-2.02
10/09/2007,4487.52002,4524.22998,4423.439941,4474.390137,-0.28
17/09/2007,4473.390137,4625.47998,4386.040039,4582.450195,2.42
24/09/2007,4582.450195,4613.129883,4510.439941,4527.299805,-1.2
01/10/2007,4527.299805,4843.890137,4509.350098,4843.890137,6.99
08/10/2007,4844.410156,4858.109863,4768.410156,4858.109863,0.29
15/10/2007,4859.52002,4872.490234,4776.899902,4796.47998,-1.27
22/10/2007,4796.160156,4811.919922,4698.669922,4786.049805,-0.22
29/10/2007,4785.490234,4893.689941,4737.839844,4763.759766,-0.47
05/11/2007,4763.72998,4775.77002,4576.859863,4587.419922,-3.7
12/11/2007,4587,4636.120117,4380.939941,4411.140137,-3.84
19/11/2007,4413.77002,4437.410156,4088.790039,4241.790039,-3.84
26/11/2007,4241.799805,4494.879883,4179.72998,4471.830078,5.42
03/12/2007,4471.700195,4519.910156,4351.759766,4515.390137,0.97
10/12/2007,4515.080078,4539.509766,4387.310059,4448.279785,-1.49
17/12/2007,4448.279785,4493.25,4350.859863,4477.109863,0.65
24/12/2007,4477.109863,4526.509766,4476.72998,4512.97998,0.8
31/12/2007,4512.200195,4549.22998,4358.850098,4358.850098,-3.42
07/01/2008,4358.939941,4420.850098,4100.02002,4118.580078,-5.51
14/01/2008,4117.140137,4170.970215,3818.5,3898.280029,-5.35
21/01/2008,3897.98999,3989.689941,3450.290039,3901.5,0.08
28/01/2008,3901.919922,3909.100098,3739.439941,3882.469971,-0.49
04/02/2008,3883.070068,3942.73999,3715.280029,3750.610107,-3.4
11/02/2008,3750.590088,3960.639893,3728.919922,3848.560059,2.61
18/02/2008,3848.139893,4017.719971,3848.139893,3938.52002,2.34
25/02/2008,3938.800049,4067.050049,3851.810059,3871.51001,-1.7
03/03/2008,3871.469971,3871.469971,3649.860107,3689.129883,-4.71
10/03/2008,3689.050049,3821.959961,3653.810059,3718.169922,0.79
17/03/2008,3718.169922,3718.169922,3517.22998,3569.320068,-4
24/03/2008,3570.129883,3840.030029,3566.679932,3827.860107,7.24
31/03/2008,3827.889893,3955.389893,3746.570068,3919.070068,2.38
07/04/2008,3919.73999,4009.600098,3857.360107,3881.949951,-0.95
14/04/2008,3878.870117,4066.850098,3817.959961,4061.830078,4.63
21/04/2008,4061.969971,4112.629883,3986.090088,4105.390137,1.07
28/04/2008,4105.859863,4374.399902,4100.689941,4353.180176,6.04
05/05/2008,4352.009766,4387.049805,4261.22998,4262.169922,-2.09
12/05/2008,4262.709961,4512.75,4262.689941,4498.25,5.54
19/05/2008,4497.549805,4539.930176,4369.439941,4371.470215,-2.82
26/05/2008,4371.310059,4432.27002,4304.640137,4394.709961,0.53
02/06/2008,4394.669922,4411.25,4272.129883,4272.129883,-2.79
09/06/2008,4272.02002,4272.02002,4087.820068,4203.830078,-1.6
16/06/2008,4203.470215,4297.569824,4059.600098,4059.600098,-3.43
23/06/2008,4059.560059,4094.610107,3864.5,3914.560059,-3.57
30/06/2008,3914.550049,3955.290039,3725.77002,3728.47998,-4.75
07/07/2008,3728.879883,3839.800049,3546.530029,3546.530029,-4.88
14/07/2008,3546.570068,3609.97998,3297.469971,3602.120117,1.57
21/07/2008,3601.899902,3758.679932,3528.5,3598.949951,-0.09
28/07/2008,3599.360107,3731.330078,3514.820068,3602.909912,0.11
04/08/2008,3602.919922,3729.219971,3545.51001,3638.209961,0.98
11/08/2008,3640.77002,3673.659912,3490.719971,3515.919922,-3.36
18/08/2008,3532.429932,3542.969971,3414.98999,3527.040039,0.32
25/08/2008,3527.449951,3614.52002,3494.25,3613.320068,2.45
01/09/2008,3612.77002,3612.77002,3336.889893,3350.189941,-7.28
08/09/2008,3350.320068,3513.419922,3237.98999,3321.199951,-0.87
15/09/2008,3320.600098,3321.110107,2853.879883,3212.97998,-3.26
22/09/2008,3214.469971,3293.550049,2992.330078,2998.080078,-6.69
29/09/2008,2997.639893,3001.969971,2603.76001,2816.550049,-6.05
06/10/2008,2816.550049,2816.629883,1904.640015,2002.050049,-28.92
13/10/2008,2002.130005,2552.159912,1955.369995,2011.359985,0.47
20/10/2008,2011.359985,2162.110107,1735.099976,1856.829956,-7.68
27/10/2008,1856.790039,1997.900024,1675.890015,1997.900024,7.6
03/11/2008,1997.910034,2235.040039,1965.540039,2097.429932,4.98
10/11/2008,2097.639893,2162.209961,1770.880005,1807.709961,-13.81
17/11/2008,1807.469971,1814.689941,1492.829956,1516.089966,-16.13
24/11/2008,1516.359985,1840.02002,1516.359985,1801.099976,18.8
01/12/2008,1801.300049,1805.089966,1632.949951,1662.339966,-7.7
08/12/2008,1662.449951,1804.650024,1661.430054,1700.800049,2.31
15/12/2008,1700.829956,1762.449951,1633.689941,1638.780029,-3.65
22/12/2008,1639.52002,1740.099976,1639.52002,1725.890015,5.32
29/12/2008,1721.410034,1812.540039,1720.26001,1812.540039,5.02
05/01/2009,1812.890015,1899.380005,1806.400024,1815.25,0.15
12/01/2009,1806.349976,1817.050049,1663.569946,1732.939941,-4.53
19/01/2009,1732.780029,1754.089966,1536.040039,1563.079956,-9.8
26/01/2009,1563.589966,1736.650024,1550.75,1736.22998,11.08
02/02/2009,1736.430054,1737.98999,1660.160034,1733.949951,-0.13
09/02/2009,1734.170044,1764.569946,1651.050049,1684.579956,-2.85
16/02/2009,1685.089966,1685.150024,1430.060059,1465.390015,-13.01
23/02/2009,1465.640015,1504.77002,1402.719971,1481.670044,1.11
02/03/2009,1481.890015,1503.219971,1411.170044,1419.030029,-4.23
09/03/2009,1419.030029,1514.969971,1379.859985,1491.699951,5.12
16/03/2009,1491.859985,1630.859985,1491.859985,1627.430054,9.1
23/03/2009,1627.390015,1731.449951,1616.630005,1690.869995,3.9
30/03/2009,1690.680054,1839.300049,1616.22998,1824.540039,7.91
06/04/2009,1825.449951,1888.800049,1718.22998,1836.689941,0.67
13/04/2009,1836.689941,1917.849976,1836.689941,1914.23999,4.22
20/04/2009,1914.280029,1917.050049,1770.439941,1860.709961,-2.8
27/04/2009,1860.859985,1885.079956,1770.060059,1863.01001,0.12
04/05/2009,1863.160034,2124.23999,1863.160034,2119.600098,13.77
11/05/2009,2119.820068,2127.709961,1904.329956,1959.310059,-7.56
18/05/2009,1959.069946,2107.110107,1925.859985,2053.879883,4.83
25/05/2009,2053.909912,2105.389893,1979.189941,2105.389893,2.51
01/06/2009,2105.439941,2190.27002,2099.780029,2145.580078,1.91
08/06/2009,2145.590088,2220.959961,2101.459961,2190.23999,2.08
15/06/2009,2190.379883,2190.830078,2019.27002,2066.580078,-5.65
22/06/2009,2068.080078,2086.350098,1941.48999,2044.530029,-1.07
29/06/2009,2044.209961,2152.209961,2041.449951,2067.840088,1.14
06/07/2009,2067.709961,2069.48999,1959.599976,1960.099976,-5.21
13/07/2009,1960.290039,2128.600098,1941.640015,2088.689941,6.56
20/07/2009,2089.709961,2205.27002,2089.709961,2202,5.42
27/07/2009,2202.090088,2278.580078,2179.47998,2250.189941,2.19
03/08/2009,2250.189941,2392.659912,2245,2362.110107,4.97
10/08/2009,2362.110107,2441.959961,2265.919922,2388.929932,1.14
17/08/2009,2388.330078,2473.860107,2315.360107,2472.560059,3.5
24/08/2009,2472.560059,2560.76001,2470.169922,2554.820068,3.33
31/08/2009,2554.610107,2555.459961,2359.810059,2454.02002,-3.95
07/09/2009,2454.02002,2551.850098,2454.02002,2542.389893,3.6
14/09/2009,2541.699951,2620.350098,2479.139893,2588.800049,1.83
21/09/2009,2587.120117,2595.76001,2531.909912,2536.810059,-2.01
28/09/2009,2536.810059,2669.590088,2465.76001,2486.610107,-1.98
05/10/2009,2487,2674.439941,2485,2673.959961,7.53
12/10/2009,2673.97998,2765.959961,2667.530029,2725.22998,1.92
19/10/2009,2724.620117,2775.050049,2664.47998,2681.189941,-1.62
26/10/2009,2681.02002,2681.02002,2374.47998,2483.889893,-7.36
02/11/2009,2483.439941,2566.340088,2443.389893,2561.120117,3.11
09/11/2009,2561.01001,2637.530029,2560.659912,2633.209961,2.81
16/11/2009,2633.459961,2667.459961,2575.939941,2578.610107,-2.07
23/11/2009,2579.01001,2632.169922,2438.709961,2527.169922,-1.99
30/11/2009,2527.189941,2586.639893,2460.429932,2582.199951,2.18
07/12/2009,2581.610107,2584.320068,2439.26001,2489.080078,-3.61
14/12/2009,2489.189941,2523.969971,2432.610107,2432.610107,-2.27
21/12/2009,2433.389893,2482.73999,2433.389893,2463.090088,1.25
28/12/2009,2462.959961,2504.23999,2462.22998,2495.560059,1.32
04/01/2010,2495.280029,2642.669922,2493.100098,2588.48999,3.72
11/01/2010,2588.459961,2713.699951,2588.459961,2688.459961,3.86
18/01/2010,2688.590088,2710.76001,2560.699951,2581.01001,-4
25/01/2010,2580.629883,2601.590088,2473.26001,2493.530029,-3.39
01/02/2010,2493.709961,2577.280029,2391.159912,2392.689941,-4.04
08/02/2010,2392.449951,2485.830078,2363.48999,2449.570068,2.38
15/02/2010,2449.72998,2573.919922,2445.929932,2573.189941,5.05
22/02/2010,2573.189941,2588.459961,2400.120117,2438.949951,-5.22
01/03/2010,2439.340088,2471.620117,2409.540039,2455.780029,0.69
08/03/2010,2455.780029,2556.939941,2455.780029,2538.389893,3.36
15/03/2010,2538.699951,2619.52002,2534.060059,2578,1.56
22/03/2010,2577.800049,2632.01001,2535.929932,2630.320068,2.03
29/03/2010,2627.290039,2659.850098,2615.97998,2658.300049,1.06
05/04/2010,2657.949951,2767.199951,2657.949951,2765.840088,4.05
12/04/2010,2765.830078,2801.399902,2721.159912,2733.080078,-1.18
19/04/2010,2732.780029,2769.199951,2671.800049,2731.030029,-0.08
26/04/2010,2730.939941,2771.199951,2575.75,2650.320068,-2.96
03/05/2010,2650.459961,2675.159912,2298,2311.77002,-12.77
10/05/2010,2312.01001,2570.050049,2312.01001,2479.899902,7.27
17/05/2010,2480.800049,2529.669922,2334.679932,2397.810059,-3.31
24/05/2010,2397.919922,2445.719971,2279.330078,2430.27002,1.35
31/05/2010,2429.98999,2445.830078,2260.399902,2267.360107,-6.7
07/06/2010,2266.719971,2374.149902,2195.280029,2363.110107,4.22
14/06/2010,2363.159912,2447.320068,2362.820068,2428.060059,2.75
21/06/2010,2428.469971,2469.919922,2350.090088,2352.050049,-3.13
28/06/2010,2352.469971,2397.139893,2223.800049,2233.75,-5.03
05/07/2010,2233.72998,2352.219971,2223.629883,2333.459961,4.46
12/07/2010,2333.469971,2410.300049,2324.25,2325.98999,-0.32
19/07/2010,2326.090088,2435.98999,2280.550049,2402.929932,3.31
26/07/2010,2402.949951,2533.850098,2402.949951,2483.860107,3.37
02/08/2010,2483.790039,2564.040039,2482.030029,2498.100098,0.57
09/08/2010,2498.389893,2534.02002,2393.840088,2416.73999,-3.26
16/08/2010,2415.929932,2508.620117,2408.620117,2442.139893,1.05
23/08/2010,2442.139893,2456.330078,2366.209961,2413.72998,-1.16
30/08/2010,2413.860107,2487.360107,2384.780029,2475.98999,2.58
06/09/2010,2476.22998,2502.01001,2440.120117,2487.27002,0.46
13/09/2010,2487.27002,2541,2487.27002,2500.959961,0.55
20/09/2010,2500.860107,2543.340088,2487.560059,2533.370117,1.3
27/09/2010,2533.370117,2566.860107,2511.209961,2562.439941,1.15
04/10/2010,2562.439941,2646.98999,2546.899902,2645.320068,3.23
11/10/2010,2645.320068,2709.98999,2633.889893,2670.860107,0.97
18/10/2010,2670.860107,2721.419922,2650.899902,2698.780029,1.05
25/10/2010,2698.780029,2726.639893,2656.040039,2668.070068,-1.14
01/11/2010,2668.070068,2743.75,2667.639893,2719.889893,1.94
08/11/2010,2719.889893,2737.899902,2610.530029,2676.199951,-1.61
15/11/2010,2676.199951,2738.350098,2647.639893,2732.399902,2.1
22/11/2010,2732.399902,2754.340088,2634.25,2681.389893,-1.87
29/11/2010,2681.389893,2770.179932,2595.709961,2755.090088,2.75
06/12/2010,2755.090088,2850.820068,2749.159912,2829.98999,2.72
13/12/2010,2829.98999,2848.830078,2802.419922,2822.840088,-0.25
20/12/2010,2822.840088,2919.419922,2822.840088,2884.889893,2.2
27/12/2010,2884.889893,2952.080078,2873.22998,2904.469971,0.68
03/01/2011,2904.469971,2974.840088,2871.23999,2897.780029,-0.23
10/01/2011,2897.780029,2911.070068,2831.790039,2857.800049,-1.38
17/01/2011,2857.800049,2936.01001,2834.889893,2863.73999,0.21
24/01/2011,2863.73999,2906.429932,2827.040039,2889.139893,0.89
31/01/2011,2889.139893,2970.080078,2852.610107,2943.709961,1.89
07/02/2011,2943.709961,3001.51001,2943.300049,2971.689941,0.95
14/02/2011,2971.689941,3012.780029,2959.27002,2978.459961,0.23
21/02/2011,2978.459961,2979.550049,2838.580078,2882.050049,-3.24
28/02/2011,2882.050049,2922.429932,2827.75,2827.75,-1.88
07/03/2011,2827.75,2854.889893,2772.870117,2792.320068,-1.25
14/03/2011,2792.320068,2822.310059,2648.300049,2789.139893,-0.11
21/03/2011,2822.850098,2902.159912,2789.139893,2887.219971,3.52
28/03/2011,2887.219971,2932.860107,2875.060059,2912.780029,0.89
04/04/2011,2912.780029,2929.73999,2879.949951,2903.209961,-0.33
11/04/2011,2903.209961,2905.570068,2837.219971,2853.75,-1.7
18/04/2011,2853.75,2882.300049,2773.580078,2868.870117,0.53
25/04/2011,2868.870117,2882.909912,2836.929932,2846.050049,-0.8
02/05/2011,2846.050049,2872.449951,2797.639893,2821.800049,-0.85
09/05/2011,2821.800049,2873.389893,2797.429932,2797.429932,-0.86
16/05/2011,2797.429932,2798.639893,2754.719971,2767.77002,-1.06
23/05/2011,2767.77002,2768.090088,2689.699951,2746.899902,-0.75
30/05/2011,2746.939941,2788.72998,2745.26001,2764.370117,0.64
06/06/2011,2764.090088,2770.879883,2692.629883,2707.5,-2.06
13/06/2011,2707.629883,2753.389893,2666.719971,2706.879883,-0.02
20/06/2011,2706.51001,2736.429932,2638.409912,2638.409912,-2.53
27/06/2011,2638.350098,2811.800049,2616.939941,2811.399902,6.56
04/07/2011,2811.649902,2814.399902,2738.97998,2743.580078,-2.41
11/07/2011,2743.5,2743.5,2582.879883,2639.209961,-3.8
18/07/2011,2639.120117,2710.620117,2574.629883,2687.459961,1.83
25/07/2011,2687.090088,2688.439941,2587.090088,2611.320068,-2.83
01/08/2011,2611.689941,2659.219971,2177.459961,2266.350098,-13.21
08/08/2011,2266.350098,2270.26001,1980.869995,2233.409912,-1.45
15/08/2011,2233.73999,2262.639893,2048,2080.840088,-6.83
22/08/2011,2080.620117,2188.48999,2055.840088,2143.800049,3.03
29/08/2011,2143.800049,2288.050049,2143.800049,2209.320068,3.06
05/09/2011,2209.25,2209.25,2046.130005,2046.130005,-7.39
12/09/2011,2046.569946,2079.669922,1930.75,2067.149902,1.03
19/09/2011,2065.830078,2065.830078,1770.839966,1849.5,-10.53
26/09/2011,1847.119995,2007.189941,1802.410034,1947.849976,5.32
03/10/2011,1944.030029,2007.150024,1789.640015,1998.170044,2.58
10/10/2011,1996.22998,2018.390015,1901.069946,1989.420044,-0.44
17/10/2011,1990.97998,2039.959961,1896.77002,1956.73999,-1.64
24/10/2011,1956.930054,2111.370117,1956.920044,2065.300049,5.55
31/10/2011,2062.350098,2062.669922,1909.280029,1984.319946,-3.92
07/11/2011,1985.030029,2003.23999,1880.22998,1932,-2.64
14/11/2011,1933.310059,1965.23999,1789.47998,1796.560059,-7.01
21/11/2011,1796.719971,1801.26001,1637.890015,1680.48999,-6.46
28/11/2011,1683.300049,1857.439941,1683.089966,1854.300049,10.34
05/12/2011,1853.72998,1907.550049,1821.810059,1852.670044,-0.09
12/12/2011,1854.109985,1860.98999,1751.469971,1792.73999,-3.23
19/12/2011,1791.310059,1905.630005,1774.099976,1882.089966,4.98
26/12/2011,1880.52002,1904.839966,1865.329956,1891.680054,0.51
02/01/2012,1890.449951,1958.180054,1890.449951,1891.180054,-0.03
09/01/2012,1891.369995,1949.410034,1848.02002,1923.640015,1.72
16/01/2012,1922.930054,2029.609985,1890.290039,2019.72998,5
23/01/2012,2018.949951,2152.360107,2018.609985,2126.659912,5.29
30/01/2012,2126.01001,2224.47998,2059.629883,2215.620117,4.18
06/02/2012,2214.639893,2266.689941,2168.969971,2175.100098,-1.83
13/02/2012,2176.590088,2231.409912,2149.929932,2206,1.42
20/02/2012,2206.909912,2245.909912,2161.27002,2212.610107,0.3
27/02/2012,2212.350098,2237.73999,2186.100098,2228.100098,0.7
05/03/2012,2225.25,2225.360107,2102.820068,2162.070068,-2.96
12/03/2012,2161.100098,2238.860107,2141.320068,2238.860107,3.55
19/03/2012,2238.219971,2249.22998,2161.310059,2179.409912,-2.66
26/03/2012,2181.219971,2222.570068,2133.110107,2159.060059,-0.93
02/04/2012,2159.449951,2175.780029,2059.72998,2059.72998,-4.6
09/04/2012,2059.209961,2101.219971,2009.319946,2043.109985,-0.81
16/04/2012,2043.920044,2081.909912,2031.810059,2066.830078,1.16
23/04/2012,2067.919922,2118.659912,2014.579956,2116.540039,2.41
30/04/2012,2116.52002,2140.699951,2073.090088,2079.530029,-1.75
07/05/2012,2078.820068,2114.620117,2013.219971,2040.849976,-1.86
14/05/2012,2041.040039,2041.069946,1860.800049,1894.060059,-7.19
21/05/2012,1894.199951,1973.660034,1894.199951,1921.069946,1.43
28/05/2012,1920.930054,1941.359985,1859.02002,1862.219971,-3.06
04/06/2012,1861.959961,1916.930054,1839.859985,1901.130005,2.09
11/06/2012,1901.380005,1949.280029,1868.560059,1926.300049,1.32
18/06/2012,1927.170044,1977.25,1910.109985,1910.109985,-0.84
25/06/2012,1910.910034,1978.01001,1855.400024,1975.349976,3.42
02/07/2012,1975.550049,2027.550049,1956.430054,1956.660034,-0.95
09/07/2012,1953.550049,1976.699951,1933.819946,1960.810059,0.21
16/07/2012,1960.650024,2008.060059,1953.469971,1954.589966,-0.32
23/07/2012,1954.589966,1978.47998,1880.290039,1976.300049,1.11
30/07/2012,1976.300049,2021.73999,1945.160034,2007.920044,1.6
06/08/2012,2008.219971,2065.060059,2007.359985,2050.040039,2.1
13/08/2012,2050.27002,2108.679932,2039.5,2106.080078,2.73
20/08/2012,2106.080078,2118.659912,2020.209961,2032.189941,-3.51
27/08/2012,2032.579956,2056.179932,1983.890015,2016.550049,-0.77
03/09/2012,2016.160034,2122.320068,2008.310059,2116.939941,4.98
10/09/2012,2117.169922,2210.110107,2090.800049,2208.860107,4.34
17/09/2012,2208.969971,2209.01001,2129.290039,2157.01001,-2.35
24/09/2012,2157.01001,2157.01001,2075.129883,2089.73999,-3.12
01/10/2012,2089.75,2180.959961,2086.409912,2172.699951,3.97
08/10/2012,2172.639893,2172.639893,2118.01001,2150.120117,-1.04
15/10/2012,2150.179932,2233.26001,2149.100098,2194.149902,2.05
22/10/2012,2194.149902,2203.060059,2136.26001,2146.860107,-2.16
29/10/2012,2146.959961,2226.98999,2133.030029,2226.699951,3.72
05/11/2012,2227.060059,2241.179932,2159.27002,2183.26001,-1.95
12/11/2012,2183.419922,2196.350098,2151.48999,2157.01001,-1.2
19/11/2012,2157.379883,2244.090088,2157.379883,2242.439941,3.96
26/11/2012,2242.300049,2311.189941,2229.23999,2301.98999,2.66
03/12/2012,2302.030029,2349.850098,2290.060059,2325.790039,1.03
10/12/2012,2325.790039,2371.77002,2304.959961,2367.169922,1.78
17/12/2012,2367.25,2437.090088,2358.050049,2404.370117,1.57
24/12/2012,2404.340088,2424.22998,2389.72998,2401.209961,-0.13
31/12/2012,2402.219971,2490.070068,2402.219971,2483.050049,3.41
07/01/2013,2482.820068,2501.159912,2442.02002,2468.100098,-0.6
14/01/2013,2468.409912,2481.75,2430.25,2458.540039,-0.39
21/01/2013,2458.899902,2466.050049,2405.919922,2459.379883,0.03
28/01/2013,2459.699951,2468.449951,2427.159912,2440.389893,-0.77
04/02/2013,2440.27002,2444.060059,2367.810059,2405.550049,-1.43
11/02/2013,2405.439941,2440.899902,2395.610107,2400.090088,-0.23
18/02/2013,2399.909912,2429.570068,2378.840088,2421.639893,0.9
25/02/2013,2421.97998,2473.949951,2379.47998,2468.080078,1.92
04/03/2013,2468.080078,2550.27002,2441.97998,2548.840088,3.27
11/03/2013,2549.27002,2550.360107,2480.580078,2496.469971,-2.05
18/03/2013,2495.860107,2495.860107,2420.290039,2421.679932,-3
25/03/2013,2422.280029,2450.189941,2340.360107,2352.01001,-2.88
01/04/2013,2352.899902,2385.870117,2317.149902,2326.909912,-1.07
08/04/2013,2326.469971,2470.300049,2326.060059,2437.409912,4.75
15/04/2013,2436.620117,2439.949951,2319.929932,2343.699951,-3.84
22/04/2013,2343.860107,2438.899902,2342.75,2404.800049,2.61
29/04/2013,2403.77002,2433.179932,2338.159912,2399.219971,-0.23
06/05/2013,2398.639893,2453.459961,2398.340088,2444.580078,1.89
13/05/2013,2444.709961,2500.610107,2437.129883,2499.830078,2.26
20/05/2013,2499.439941,2522.540039,2422.860107,2447.919922,-2.08
27/05/2013,2447.820068,2481.52002,2416.689941,2416.689941,-1.28
03/06/2013,2416.129883,2428.070068,2360.98999,2409.060059,-0.32
10/06/2013,2409.159912,2422.179932,2325.159912,2369.76001,-1.63
17/06/2013,2369.310059,2395.73999,2277.5,2277.5,-3.89
24/06/2013,2278.129883,2278.389893,2170.860107,2223.97998,-2.35
01/07/2013,2224.110107,2266.5,2197.439941,2247.52002,1.06
08/07/2013,2247.689941,2315.889893,2213.149902,2302.540039,2.45
15/07/2013,2304.189941,2331.610107,2272.169922,2300.570068,-0.09
22/07/2013,2300.570068,2344.840088,2292.780029,2340.47998,1.73
29/07/2013,2340.530029,2419.439941,2329.149902,2416.850098,3.26
05/08/2013,2418.629883,2476.709961,2385.560059,2472.429932,2.3
12/08/2013,2472,2535.050049,2452.629883,2535.050049,2.53
19/08/2013,2536.98999,2537.110107,2449.570068,2510.570068,-0.97
26/08/2013,2511.73999,2511.73999,2416.909912,2428.929932,-3.25
02/09/2013,2431.97998,2503.169922,2431.97998,2497.22998,2.81
09/09/2013,2496.070068,2549.110107,2468.580078,2486.469971,-0.43
16/09/2013,2486.629883,2532.219971,2478.080078,2503.77002,0.7
23/09/2013,2505.469971,2548.719971,2486.590088,2548.719971,1.8
30/09/2013,2548.590088,2552.26001,2508.860107,2527.939941,-0.82
07/10/2013,2527.830078,2527.830078,2452.290039,2511.77002,-0.64
14/10/2013,2511.290039,2572.860107,2499.340088,2572.860107,2.43
21/10/2013,2574.429932,2580.699951,2536.76001,2541.370117,-1.22
28/10/2013,2541.300049,2618.929932,2529.23999,2602.919922,2.42
04/11/2013,2602.709961,2676.800049,2602.709961,2633.860107,1.19
11/11/2013,2633.75,2648.899902,2594.830078,2616.47998,-0.66
18/11/2013,2616.050049,2639.169922,2600.360107,2635.320068,0.72
25/11/2013,2638.620117,2660.080078,2633.389893,2645.669922,0.39
02/12/2013,2646.73999,2646.73999,2500.949951,2509.560059,-5.14
09/12/2013,2512.100098,2541.090088,2460.719971,2462.159912,-1.89
16/12/2013,2458.75,2513.320068,2442.120117,2500.75,1.57
23/12/2013,2500.580078,2558.060059,2498.27002,2550.429932,1.99
30/12/2013,2553.610107,2566.040039,2527.610107,2553.379883,0.12
06/01/2014,2552.560059,2687.530029,2552.560059,2678.040039,4.88
13/01/2014,2678.040039,2730.449951,2665.97998,2721.76001,1.63
20/01/2014,2722.02002,2723.530029,2625.620117,2626.610107,-3.5
27/01/2014,2629.02002,2692.639893,2543.449951,2559.73999,-2.55
03/02/2014,2561.860107,2594.389893,2505.679932,2594.389893,1.35
10/02/2014,2595.810059,2658.909912,2586.780029,2640.449951,1.78
17/02/2014,2642.22998,2664.060059,2607.820068,2663.27002,0.86
24/02/2014,2662.949951,2692.169922,2566.100098,2587.860107,-2.83
03/03/2014,2587.48999,2587.48999,2483.629883,2542.370117,-1.76
10/03/2014,2540.570068,2540.570068,2370.969971,2386.959961,-6.11
17/03/2014,2387.060059,2506.209961,2387.060059,2474.5,3.67
24/03/2014,2473.669922,2492.439941,2429.870117,2481.840088,0.3
31/03/2014,2481.540039,2585.030029,2481.540039,2581.469971,4.01
07/04/2014,2581.149902,2581.149902,2478.5,2497.939941,-3.24
14/04/2014,2497.699951,2497.699951,2434.600098,2475.699951,-0.89
21/04/2014,2476.810059,2541.969971,2476.159912,2477.719971,0.08
28/04/2014,2475.879883,2531.330078,2466.969971,2527.51001,2.01
05/05/2014,2527.679932,2527.679932,2459.330078,2482.23999,-1.79
12/05/2014,2482.360107,2508.429932,2377.929932,2397.449951,-3.42
19/05/2014,2397.649902,2462,2381.669922,2461.540039,2.67
26/05/2014,2463.26001,2529.330078,2461.189941,2529.330078,2.75
02/06/2014,2530.379883,2570.449951,2504.959961,2567.719971,1.52
09/06/2014,2566.75,2586.649902,2541.189941,2556.360107,-0.44
16/06/2014,2555.439941,2584.699951,2544.899902,2565,0.34
23/06/2014,2566.23999,2566.51001,2480.800049,2491.620117,-2.86
30/06/2014,2493.179932,2539.179932,2450.47998,2460.310059,-1.26
07/07/2014,2461.169922,2464.25,2335.060059,2379.290039,-3.29
14/07/2014,2379.959961,2423.439941,2363.159912,2369.649902,-0.41
21/07/2014,2369.199951,2392.600098,2350.399902,2373.969971,0.18
28/07/2014,2373.659912,2382.320068,2254.300049,2280.689941,-3.93
04/08/2014,2280.26001,2288.25,2208.040039,2231.370117,-2.16
11/08/2014,2231.530029,2279.72998,2231.530029,2270.300049,1.74
18/08/2014,2269.97998,2311.850098,2269.030029,2298.580078,1.25
25/08/2014,2298.959961,2349.5,2278.360107,2301.52002,0.13
01/09/2014,2301.699951,2363.850098,2286.449951,2358.340088,2.47
08/09/2014,2358.159912,2361.709961,2298.570068,2304.389893,-2.29
15/09/2014,2304.429932,2322.280029,2255.449951,2300.870117,-0.15
22/09/2014,2300.570068,2306.100098,2206.610107,2215.780029,-3.7
29/09/2014,2216.070068,2220.949951,2148.72998,2156.629883,-2.67
06/10/2014,2157.51001,2184.050049,2058.73999,2078.97998,-3.6
13/10/2014,2077.47998,2120.590088,1980.530029,2078.629883,-0.02
20/10/2014,2079.01001,2169.290039,2070.429932,2160.5,3.94
27/10/2014,2162.639893,2224.679932,2159.889893,2214.699951,2.51
03/11/2014,2214.76001,2234.030029,2184.48999,2196.689941,-0.81
10/11/2014,2196.709961,2227.719971,2180.409912,2189.699951,-0.32
17/11/2014,2189.75,2278.100098,2175.169922,2277.639893,4.02
24/11/2014,2277.679932,2300.439941,2254.25,2283.100098,0.24
01/12/2014,2282.389893,2293.550049,2254.550049,2286.300049,0.14
08/12/2014,2286.300049,2286.300049,2136.699951,2136.699951,-6.54
15/12/2014,2136.530029,2157.810059,2034.469971,2122.030029,-0.69
22/12/2014,2122.290039,2172.189941,2121.949951,2172.189941,2.36
29/12/2014,2172.379883,2193.620117,2146,2191.060059,0.87
05/01/2015,2190.850098,2193.22998,2122.860107,2147.919922,-1.97
12/01/2015,2148,2156.919922,2083.219971,2143.360107,-0.21
19/01/2015,2143.5,2266.449951,2124.560059,2227.649902,3.93
26/01/2015,2227.379883,2253.76001,2167.73999,2191.110107,-1.64
02/02/2015,2192.219971,2277.310059,2184.399902,2274.820068,3.82
09/02/2015,2274.879883,2403.439941,2246.370117,2399.590088,5.48
16/02/2015,2379.639893,2450.939941,2376.370117,2450.939941,2.14
23/02/2015,2450.830078,2499.469971,2447.02002,2495.209961,1.81
02/03/2015,2491.030029,2549.330078,2451.48999,2548.300049,2.13
09/03/2015,2543.52002,2548.060059,2474.399902,2517.159912,-1.22
16/03/2015,2519.649902,2533,2462.030029,2528.600098,0.45
23/03/2015,2527.949951,2539.909912,2449.659912,2464.969971,-2.52
30/03/2015,2464.51001,2552,2464.5,2545.689941,3.27
06/04/2015,2545.340088,2631.209961,2545.340088,2620.52002,2.94
13/04/2015,2620.409912,2657.590088,2575.899902,2589.560059,-1.18
20/04/2015,2589.570068,2643.120117,2579.409912,2637.850098,1.86
27/04/2015,2638.620117,2663.389893,2560.580078,2586.330078,-1.95
04/05/2015,2586.459961,2653.22998,2536.330078,2653.22998,2.59
11/05/2015,2653.590088,2695.570068,2610.949951,2681.439941,1.06
18/05/2015,2681.939941,2681.939941,2625.389893,2640.719971,-1.52
25/05/2015,2641.409912,2642.76001,2561.889893,2568.76001,-2.73
01/06/2015,2568.909912,2615.570068,2542.080078,2544.669922,-0.94
08/06/2015,2544.360107,2557.370117,2465.629883,2494.030029,-1.99
15/06/2015,2494.120117,2494.120117,2397.629883,2431.02002,-2.53
22/06/2015,2431.709961,2531.209961,2431.709961,2509.560059,3.23
29/06/2015,2509.120117,2509.120117,2380.72998,2433.23999,-3.04
06/07/2015,2432.98999,2466.800049,2322.350098,2464.75,1.29
13/07/2015,2466.090088,2548.459961,2466.090088,2533.439941,2.79
20/07/2015,2533.76001,2567.850098,2501.590088,2507.97998,-1
27/07/2015,2507.379883,2507.889893,2455.530029,2499.449951,-0.34
03/08/2015,2499.409912,2507.879883,2478.590088,2487.959961,-0.46
10/08/2015,2488.179932,2500,2408.800049,2453.600098,-1.38
17/08/2015,2453.97998,2468.47998,2316.179932,2316.179932,-5.6
24/08/2015,2315.840088,2363.320068,2173.870117,2335.889893,0.85
31/08/2015,2336.26001,2338.050049,2250.540039,2251.709961,-3.6
07/09/2015,2251.77002,2324.419922,2244.340088,2266.040039,0.64
14/09/2015,2266.679932,2299.879883,2238.060059,2240.830078,-1.11
21/09/2015,2240.379883,2253.370117,2164.800049,2206.669922,-1.52
28/09/2015,2206.110107,2263.48999,2141.629883,2236.149902,1.34
05/10/2015,2236.22998,2380.48999,2236.22998,2361.800049,5.62
12/10/2015,2363.350098,2397.280029,2298.370117,2386.290039,1.04
19/10/2015,2387.219971,2491.840088,2363.040039,2467.649902,3.41
26/10/2015,2468.189941,2468.73999,2391.52002,2420.659912,-1.9
02/11/2015,2420.780029,2501.469971,2405.840088,2493.719971,3.02
09/11/2015,2494.5,2505.929932,2378.52002,2398.439941,-3.82
16/11/2015,2398.149902,2502.429932,2378.360107,2483.699951,3.55
23/11/2015,2483.290039,2501.330078,2438.030029,2473.98999,-0.39
30/11/2015,2473.73999,2515.090088,2431.73999,2448.52002,-1.03
07/12/2015,2447.149902,2457.070068,2325.929932,2339.860107,-4.44
14/12/2015,2340.02002,2415.830078,2290.370117,2356.860107,0.73
21/12/2015,2357.939941,2405.959961,2335.040039,2401.189941,1.88
28/12/2015,2400.649902,2412.550049,2389.100098,2396.939941,-0.18
04/01/2016,2396.939941,2396.939941,2219.870117,2221.090088,-7.34
11/01/2016,2221.449951,2242.800049,2089.040039,2113.159912,-4.86
18/01/2016,2113.22998,2150.01001,2029.540039,2138.899902,1.22
25/01/2016,2139.840088,2168.51001,2093.639893,2162.419922,1.1
01/02/2016,2162.909912,2167.870117,2062.649902,2129.939941,-1.5
08/02/2016,2130.419922,2131.649902,1929.72998,2033.47998,-4.53
15/02/2016,2035.72998,2176.040039,2035.72998,2124.840088,4.49
22/02/2016,2124.800049,2181.72998,2088.100098,2145.879883,0.99
29/02/2016,2146.129883,2239.419922,2113.540039,2230.5,3.94
07/03/2016,2229.879883,2293.090088,2195.419922,2284.02002,2.4
14/03/2016,2283.840088,2334.5,2246.949951,2316.800049,1.44
21/03/2016,2317.899902,2329.620117,2218.600098,2221.419922,-4.12
28/03/2016,2221.909912,2282.51001,2209.959961,2266.550049,2.03
04/04/2016,2265.639893,2273.209961,2205.560059,2241.169922,-1.12
11/04/2016,2241.899902,2322.419922,2230.810059,2303.649902,2.79
18/04/2016,2302.669922,2361.48999,2277.889893,2358.459961,2.38
25/04/2016,2359.139893,2359.899902,2308.97998,2329.419922,-1.23
02/05/2016,2329.72998,2335.409912,2211.610107,2239.340088,-3.87
09/05/2016,2239.48999,2254.280029,2192.090088,2201.790039,-1.68
16/05/2016,2204.169922,2232.290039,2179.560059,2193.129883,-0.39
23/05/2016,2193.23999,2277.959961,2182.689941,2263.51001,3.21
30/05/2016,2263.790039,2274.52002,2210.530029,2215.77002,-2.11
06/06/2016,2216.540039,2266.300049,2179.120117,2189.870117,-1.17
13/06/2016,2189.219971,2189.219971,2080.370117,2139.810059,-2.29
20/06/2016,2139.810059,2251.540039,1993.47998,2084.219971,-2.6
27/06/2016,2083.820068,2107.75,1981.930054,2104.209961,0.96
04/07/2016,2104.52002,2117,1997.209961,2074.110107,-1.43
11/07/2016,2074.409912,2226.469971,2074.300049,2219.139893,6.99
18/07/2016,2219.030029,2238.389893,2193.800049,2234.75,0.7
25/07/2016,2235.050049,2258.189941,2213.820068,2233.439941,-0.06
01/08/2016,2234.100098,2245.860107,2166.580078,2229.870117,-0.16
08/08/2016,2230.159912,2289.590088,2230.159912,2284.530029,2.45
15/08/2016,2284.530029,2285.110107,2245.449951,2268.199951,-0.71
22/08/2016,2268.120117,2316.530029,2250.459961,2311.649902,1.92
29/08/2016,2311.47998,2369.030029,2295.889893,2369.030029,2.48
05/09/2016,2368.73999,2417.360107,2365.580078,2394.530029,1.08
12/09/2016,2394.219971,2394.820068,2311.879883,2320.699951,-3.08
19/09/2016,2320.100098,2411.399902,2319.97998,2403.129883,3.55
26/09/2016,2402.879883,2426.72998,2357.570068,2405.280029,0.09
03/10/2016,2405.600098,2430.129883,2387.76001,2390.879883,-0.6
10/10/2016,2391.159912,2423.409912,2378.439941,2418.360107,1.15
17/10/2016,2418.719971,2472.909912,2402.26001,2463.959961,1.89
24/10/2016,2464.290039,2511.679932,2464.290039,2506.550049,1.73
31/10/2016,2506.76001,2506.820068,2404.47998,2412.850098,-3.74
07/11/2016,2413.159912,2526.100098,2362.149902,2485.5,3.01
14/11/2016,2485.870117,2521.290039,2468.870117,2480.75,-0.19
21/11/2016,2480.780029,2525.02002,2463.899902,2513.600098,1.32
28/11/2016,2513.100098,2539.340088,2466.280029,2501.73999,-0.47
05/12/2016,2502.209961,2618.26001,2488.77002,2598.610107,3.87
12/12/2016,2598.52002,2659.26001,2591.340088,2647.429932,1.88
19/12/2016,2646.919922,2647.060059,2616.47998,2633.580078,-0.52
26/12/2016,2632.860107,2649.929932,2618.429932,2618.429932,-0.58
02/01/2017,2655.399902,2700.889893,2655.399902,2696.300049,2.97
09/01/2017,2696.419922,2697.139893,2650.469971,2678.439941,-0.66
16/01/2017,2678.570068,2686.300049,2643.679932,2684.830078,0.24
23/01/2017,2684.620117,2750.159912,2640.870117,2733.070068,1.8
30/01/2017,2732.530029,2739.719971,2676.209961,2730.77002,-0.08
06/02/2017,2731.610107,2758.98999,2687.870117,2758.98999,1.03
13/02/2017,2759.129883,2819.47998,2752.72998,2798.27002,1.42
20/02/2017,2798.75,2824.969971,2741.389893,2752.98999,-1.62
27/02/2017,2752.850098,2816.050049,2733.860107,2798.790039,1.66
06/03/2017,2798.790039,2835.280029,2781.959961,2826.110107,0.98
13/03/2017,2826.800049,2862.709961,2804.659912,2841.550049,0.55
20/03/2017,2841.26001,2867.669922,2784.419922,2829.429932,-0.43
27/03/2017,2829.719971,2851,2789.040039,2828.790039,-0.02
03/04/2017,2829.060059,2908.73999,2829.040039,2908.73999,2.83
10/04/2017,2908.75,2913.76001,2839.629883,2861.189941,-1.63
17/04/2017,2861.360107,2865.919922,2808.530029,2851.629883,-0.33
24/04/2017,2851.679932,3015.01001,2851.679932,3010.179932,5.56
01/05/2017,3009.330078,3070.159912,2993.149902,3068.280029,1.93
08/05/2017,3069.399902,3093.830078,3040.080078,3082.110107,0.45
15/05/2017,3086.030029,3169.320068,3040.810059,3161.449951,2.57
22/05/2017,3158.449951,3211.080078,3153.52002,3209.580078,1.52
29/05/2017,3206.120117,3206.919922,3114.790039,3157.72998,-1.62
05/06/2017,3155.389893,3212.5,3144.449951,3209.27002,1.63
12/06/2017,3207.899902,3207.899902,3096.959961,3102.189941,-3.34
19/06/2017,3101.97998,3160.22998,3051.189941,3058.090088,-1.42
26/06/2017,3058.449951,3129.360107,3056.060059,3106.659912,1.59
03/07/2017,3106.610107,3165.639893,3106.600098,3124.610107,0.58
10/07/2017,3124.629883,3190.629883,3124.629883,3182.100098,1.84
17/07/2017,3182.399902,3220.360107,3151.310059,3162.01001,-0.63
24/07/2017,3162.409912,3256.73999,3140.870117,3239.72998,2.46
31/07/2017,3239.800049,3266.889893,3214.790039,3259.659912,0.62
07/08/2017,3259.639893,3285,3147.439941,3162.469971,-2.98
14/08/2017,3164.100098,3255.870117,3163.959961,3178.129883,0.5
21/08/2017,3178.01001,3233.629883,3152.330078,3231.199951,1.67
28/08/2017,3229.48999,3261.23999,3144.370117,3259.399902,0.87
04/09/2017,3260,3260.100098,3215.050049,3230.330078,-0.89
11/09/2017,3229.870117,3289.709961,3229.199951,3266.98999,1.13
18/09/2017,3267.669922,3312.669922,3267.090088,3305.969971,1.19
25/09/2017,3306.120117,3320.439941,3280.800049,3315.969971,0.3
02/10/2017,3315.969971,3361.47998,3302.649902,3324.409912,0.25
09/10/2017,3324.459961,3378.159912,3309.149902,3375.800049,1.55
16/10/2017,3375.560059,3407.530029,3354,3383.149902,0.22
23/10/2017,3383.25,3415.379883,3363.379883,3415.379883,0.95
30/10/2017,3415.600098,3447.929932,3391.439941,3410.25,-0.15
06/11/2017,3410.48999,3431.429932,3353.870117,3393.22998,-0.5
13/11/2017,3393.360107,3404.149902,3293.22998,3314.699951,-2.31
20/11/2017,3314.790039,3349.73999,3293.100098,3328.47998,0.42
27/11/2017,3328.469971,3356.080078,3287.899902,3328.100098,-0.01
04/12/2017,3328.77002,3375.469971,3305.959961,3327.379883,-0.02
11/12/2017,3327.659912,3359.689941,3273.949951,3279.23999,-1.45
18/12/2017,3279.52002,3444.709961,3279.159912,3440.060059,4.9
25/12/2017,3438.719971,3441.590088,3412.02002,3420.139893,-0.58
01/01/2018,3420.310059,3567.800049,3415.98999,3550.879883,3.82
08/01/2018,3550.620117,3608.370117,3541.080078,3599.280029,1.36
15/01/2018,3599.449951,3658.5,3589.179932,3643,1.21
22/01/2018,3643.379883,3700.370117,3635.879883,3656.26001,0.36
29/01/2018,3656.310059,3670.429932,3532.590088,3538.129883,-3.23
05/02/2018,3538.01001,3538.01001,3297.189941,3354.120117,-5.2
12/02/2018,3354.780029,3441.050049,3354.780029,3407.98999,1.61
19/02/2018,3407.610107,3437.080078,3384.02002,3408.060059,0
26/02/2018,3410.139893,3502.76001,3362.110107,3388.580078,-0.57
05/03/2018,3384.840088,3488.5,3372.459961,3485.51001,2.86
12/03/2018,3485.899902,3506.550049,3409.75,3443.709961,-1.2
19/03/2018,3443.030029,3528.27002,3371.780029,3410.050049,-0.98
26/03/2018,3409.679932,3447.780029,3373.120117,3428.530029,0.54
02/04/2018,3427.72998,3488.300049,3357.679932,3452.23999,0.69
09/04/2018,3453.530029,3457.939941,3348.689941,3417.030029,-1.02
16/04/2018,3416.870117,3485.47998,3412.51001,3480.949951,1.87
23/04/2018,3480.219971,3519.51001,3430.310059,3477.340088,-0.1
30/04/2018,3478.419922,3497.76001,3427.409912,3452.709961,-0.71
07/05/2018,3452.870117,3537.159912,3440.790039,3522.169922,2.01
14/05/2018,3522.120117,3548.600098,3475.949951,3485.790039,-1.03
21/05/2018,3485.73999,3523.52002,3379.48999,3405.350098,-2.31
28/05/2018,3404.959961,3425.51001,3272.129883,3357.100098,-1.42
04/06/2018,3358.370117,3383.320068,3267.080078,3349.22998,-0.23
11/06/2018,3349.77002,3401.280029,3332.709961,3349.25,0
18/06/2018,3349.129883,3349.129883,3233.110107,3286.73999,-1.87
25/06/2018,3289.689941,3298.060059,3188.449951,3255.959961,-0.94
02/07/2018,3254.860107,3298.719971,3216.25,3268.939941,0.4
09/07/2018,3268.939941,3308.870117,3244.340088,3285.139893,0.5
16/07/2018,3281.860107,3315.790039,3270.639893,3308.540039,0.71
23/07/2018,3309.320068,3407.030029,3296.070068,3404.72998,2.91
30/07/2018,3403.969971,3446.550049,3387.560059,3417.01001,0.36
06/08/2018,3416.540039,3469.120117,3301.080078,3326.449951,-2.65
13/08/2018,3326.449951,3326.620117,3239.01001,3264.070068,-1.88
20/08/2018,3265.199951,3311.060059,3237.149902,3295.070068,0.95
27/08/2018,3295.070068,3340.689941,3289.280029,3299.75,0.14
03/09/2018,3300.300049,3329.949951,3238.22998,3262.919922,-1.12
10/09/2018,3266.439941,3337.580078,3256.129883,3329.080078,2.03
17/09/2018,3329.350098,3402.600098,3319.830078,3368.909912,1.2
24/09/2018,3368.280029,3399.280029,3331.179932,3344.040039,-0.74
01/10/2018,3347.340088,3419.929932,3344.389893,3368.800049,0.74
08/10/2018,3367.780029,3372.350098,3169.26001,3201.129883,-4.98
15/10/2018,3201.350098,3305.719971,3194.969971,3228.040039,0.84
22/10/2018,3228.600098,3261.310059,3032.649902,3070.909912,-4.87
29/10/2018,3070.590088,3220.129883,3069.379883,3190.800049,3.9
05/11/2018,3190.77002,3249.51001,3133.23999,3198.209961,0.23
12/11/2018,3199,3219.679932,3117.030029,3134.100098,-2
19/11/2018,3134.100098,3158.77002,3009.72998,3019.77002,-3.65
26/11/2018,3019.889893,3081.629883,3002.830078,3074.939941,1.83
03/12/2018,3074.139893,3149.52002,2907.870117,2935.639893,-4.53
10/12/2018,2935.959961,2940.73999,2839.610107,2911.959961,-0.81
17/12/2018,2911.129883,2911.129883,2702.139893,2714.110107,-6.79
24/12/2018,2714.379883,2750.26001,2674.709961,2745.780029,1.17
31/12/2018,2746.169922,2862.23999,2721.51001,2858.48999,4.1
07/01/2019,2857.399902,2955.699951,2857.399902,2903.830078,1.59
14/01/2019,2903.830078,2993.719971,2857.899902,2987.47998,2.88
21/01/2019,2987.550049,3003.709961,2927.22998,2997.810059,0.35
28/01/2019,2998.23999,3026.600098,2953.25,2991.050049,-0.23
04/02/2019,2991.550049,3050.879883,2957.300049,2963.969971,-0.91
11/02/2019,2964.98999,3031.070068,2956.810059,3023.76001,2.02
18/02/2019,3023.669922,3076.550049,3005.939941,3028.659912,0.16
25/02/2019,3028.659912,3074.870117,2998.080078,3061.699951,1.09
04/03/2019,3063.790039,3084.800049,2924.139893,2937.570068,-4.05
11/03/2019,2936.969971,3058.060059,2936.790039,3041.669922,3.54
18/03/2019,3042.129883,3102.209961,3036.320068,3040.409912,-0.04
25/03/2019,3039.699951,3062.899902,3009.5,3034.040039,-0.21
01/04/2019,3034.179932,3160.459961,3034.030029,3154.899902,3.98
08/04/2019,3153.840088,3227.689941,3103.550049,3215.629883,1.92
15/04/2019,3215.629883,3304.800049,3208.889893,3301.379883,2.67
22/04/2019,3301.840088,3308.909912,3212.459961,3227.76001,-2.23
29/04/2019,3227.72998,3235.639893,3170.100098,3174.219971,-1.66
06/05/2019,3170.399902,3170.399902,3010.199951,3050.919922,-3.88
13/05/2019,3051.790039,3080.02002,3000.320068,3058.5,0.25
20/05/2019,3057.419922,3057.540039,2938.030029,2954.419922,-3.4
27/05/2019,2954.600098,2980.590088,2877.959961,2897.449951,-1.93
03/06/2019,2897.01001,2958.100098,2859.48999,2934.879883,1.29
10/06/2019,2934.800049,2986.870117,2932.179932,2940.350098,0.19
17/06/2019,2940.52002,2986.23999,2905.689941,2951.090088,0.37
24/06/2019,2951.429932,2980.419922,2915.389893,2977.679932,0.9
01/07/2019,2977.560059,3044.409912,2972.27002,3028.189941,1.7
08/07/2019,3028.639893,3047.310059,2970.659912,3001.629883,-0.88
15/07/2019,3001.280029,3020.780029,2935.820068,2948.870117,-1.76
22/07/2019,2947.959961,3082.77002,2947.840088,3032.280029,2.83
29/07/2019,3031.600098,3032.649902,2911,2946.659912,-2.82
05/08/2019,2946.669922,2950.669922,2864.100098,2892.399902,-1.84
12/08/2019,2894.879883,2923.100098,2784.629883,2851.070068,-1.43
19/08/2019,2857.02002,2959.679932,2857.02002,2896.639893,1.6
26/08/2019,2896.639893,2919.76001,2850.040039,2911.149902,0.5
02/09/2019,2908.689941,2945.219971,2866.959961,2935.719971,0.84
09/09/2019,2937.120117,3039.699951,2936.800049,3032.810059,3.31
16/09/2019,3032.73999,3070.669922,3012.219971,3068.040039,1.16
23/09/2019,3068,3068,2959.459961,3021.22998,-1.53
30/09/2019,3020.929932,3034.949951,2896.409912,2923.290039,-3.24
07/10/2019,2923.75,3012.959961,2899.98999,3005.639893,2.82
14/10/2019,3005.639893,3072.459961,2971.919922,3048.27002,1.42
21/10/2019,3049.030029,3173.350098,3048.199951,3154.469971,3.48
28/10/2019,3154.800049,3196.800049,3129.370117,3164.639893,0.32
04/11/2019,3165.159912,3261.929932,3164.169922,3224.169922,1.88
11/11/2019,3219.939941,3239.52002,3170.459961,3189.25,-1.08
18/11/2019,3189.370117,3203.840088,3120.570068,3174.570068,-0.46
25/11/2019,3171.370117,3205.419922,3135.27002,3139.820068,-1.09
02/12/2019,3140.370117,3169.120117,3079.48999,3144.5,0.15
09/12/2019,3144.5,3207.76001,3095.409912,3168.060059,0.75
16/12/2019,3168.5,3242.22998,3168.5,3210.27002,1.33
23/12/2019,3210.22998,3244.629883,3201.060059,3212.540039,0.07
30/12/2019,3212.97998,3231.26001,3186.939941,3217.070068,0.14
06/01/2020,3202.73999,3224.22998,3179.25,3219.389893,0.07
13/01/2020,3219.570068,3224.149902,3155.610107,3172.52002,-1.46
20/01/2020,3173.25,3178.919922,3116.610107,3145.449951,-0.85
27/01/2020,3146.110107,3146.610107,3060.320068,3074.310059,-2.26
03/02/2020,3074.02002,3161.679932,3048.77002,3146.909912,2.36
10/02/2020,3140.459961,3221.300049,3118.72998,3212.47998,2.08
17/02/2020,3212.800049,3223.419922,3136.219971,3149.389893,-1.96
24/02/2020,3147.389893,3147.389893,2710.199951,2787.389893,-11.49
02/03/2020,2789.639893,2881.469971,2590.790039,2615.560059,-6.16
09/03/2020,2614.449951,2614.449951,1968.77002,2000.76001,-23.51
16/03/2020,2000.630005,2000.630005,1622.949951,1889.189941,-5.58
23/03/2020,1888.069946,2186.300049,1870.829956,1997.800049,5.75
30/03/2020,2000.859985,2059.590088,1932.900024,1964.939941,-1.64
06/04/2020,1965.680054,2188.27002,1965.680054,2184.060059,11.15
