Date,Open,High,Low,Close,% Change CAC
21/03/2005,4045.969971,4080.899902,4009.01001,4078.310059,0.68
28/03/2005,4056.429932,4097.069824,4043.899902,4080.080078,0.04
04/04/2005,4067.810059,4143.930176,4029.949951,4124.290039,1.08
11/04/2005,4107,4126.52002,4032.280029,4032.280029,-2.23
18/04/2005,3975.25,3985.800049,3930.629883,3980.179932,-1.29
25/04/2005,3973.75,4000.120117,3882.419922,3911.709961,-1.72
02/05/2005,3928.709961,4041.169922,3920.879883,4033.459961,3.11
09/05/2005,4028.51001,4035.649902,3977.110107,4017.889893,-0.39
16/05/2005,3990.459961,4112.060059,3990.459961,4096.180176,1.95
23/05/2005,4113.330078,4142.540039,4083.530029,4131.830078,0.87
30/05/2005,4108.950195,4198.200195,4097.959961,4162.470215,0.74
06/06/2005,4159.870117,4195.100098,4139.419922,4184.100098,0.52
13/06/2005,4192.649902,4246.430176,4179.740234,4220.910156,0.88
20/06/2005,4213.399902,4244.839844,4182.669922,4199.870117,-0.50
27/06/2005,4172.959961,4269.620117,4149.950195,4269.620117,1.66
04/07/2005,4276.709961,4300.310059,4089.27002,4300.310059,0.72
11/07/2005,4317.899902,4389.490234,4293.669922,4373.77002,1.71
18/07/2005,4381.189941,4465.899902,4357.5,4415.52002,0.95
25/07/2005,4423.22998,4483.470215,4403.02002,4451.740234,0.82
01/08/2005,4457.490234,4503.740234,4421.700195,4421.700195,-0.67
08/08/2005,4437.149902,4527.109863,4433.02002,4476.47998,1.24
15/08/2005,4470.410156,4490.529785,4406.02002,4487.899902,0.26
22/08/2005,4490.140137,4498.040039,4342.700195,4342.700195,-3.24
29/08/2005,4319.930176,4437.859863,4313.339844,4404.950195,1.43
05/09/2005,4404.810059,4498.439941,4404.810059,4491.680176,1.97
12/09/2005,4504.859863,4526.930176,4453.410156,4509.490234,0.40
19/09/2005,4486.209961,4536.990234,4424.200195,4477.200195,-0.72
26/09/2005,4510.399902,4620.850098,4510.399902,4600.02002,2.74
03/10/2005,4610.009766,4651.109863,4514.740234,4528.790039,-1.55
10/10/2005,4544.049805,4570.490234,4445.830078,4482.129883,-1.03
17/10/2005,4498.509766,4507.350098,4354.390137,4366.52002,-2.58
24/10/2005,4371.950195,4441.75,4288.149902,4326.709961,-0.91
31/10/2005,4373.040039,4506.27002,4373.040039,4498.700195,3.98
07/11/2005,4493.310059,4541.819824,4474.22998,4536.490234,0.84
14/11/2005,4530.080078,4577.290039,4494.529785,4556.22998,0.44
21/11/2005,4563.049805,4611.129883,4556.240234,4600.47998,0.97
28/11/2005,4621.609863,4662.5,4551.279785,4662.5,1.35
05/12/2005,4660.009766,4690.75,4623.22998,4661.009766,-0.03
12/12/2005,4674.040039,4724.089844,4657.720215,4704.410156,0.93
19/12/2005,4705.620117,4768.939941,4674.180176,4757.740234,1.13
26/12/2005,4751.149902,4780.049805,4703.339844,4715.22998,-0.89
02/01/2006,4731.919922,4867.149902,4727.089844,4867.149902,3.22
09/01/2006,4875.120117,4898.049805,4834.240234,4850.529785,-0.34
16/01/2006,4844.129883,4864.759766,4730.379883,4773.47998,-1.59
23/01/2006,4725,4956.600098,4719.330078,4956.600098,3.84
30/01/2006,4945.830078,5012.379883,4905.629883,4937.560059,-0.38
06/02/2006,4949.839844,4963.689941,4875.799805,4910.819824,-0.54
13/02/2006,4916.359863,5003.390137,4898.959961,5000,1.82
20/02/2006,4981.310059,5073.950195,4971.25,5073.950195,1.48
27/02/2006,5082.129883,5085.200195,4966.709961,4989.149902,-1.67
06/03/2006,5025.720215,5069.27002,4927.589844,5069.27002,1.61
13/03/2006,5094.22998,5171.379883,5085.740234,5141.080078,1.42
20/03/2006,5161.209961,5226.370117,5098.379883,5218.709961,1.51
27/03/2006,5212.390137,5247.310059,5134.339844,5220.850098,0.04
03/04/2006,5251.560059,5258.509766,5174.959961,5174.959961,-0.88
10/04/2006,5170.049805,5197.410156,5058.350098,5102.620117,-1.40
17/04/2006,5097.560059,5252.379883,5073.509766,5252.379883,2.93
24/04/2006,5227.700195,5261.600098,5169.97998,5188.399902,-1.22
01/05/2006,5187.339844,5287.240234,5185.680176,5286.399902,1.89
08/05/2006,5297.5,5329.160156,5150.450195,5150.450195,-2.57
15/05/2006,5130.529785,5137.430176,4841.77002,4944.569824,-4.00
22/05/2006,4934.109863,5045.089844,4798.810059,5045.089844,2.03
29/05/2006,5022.859863,5026.359863,4820.060059,4959.700195,-1.69
05/06/2006,4960.160156,4970.509766,4684.339844,4768.180176,-3.86
12/06/2006,4757.560059,4801.629883,4564.689941,4694.890137,-1.54
19/06/2006,4722.620117,4838.540039,4678.370117,4817.629883,2.61
26/06/2006,4838.720215,4974.529785,4744.580078,4965.959961,3.08
03/07/2006,4967.069824,4985.839844,4902.569824,4953.709961,-0.25
10/07/2006,4939.200195,4989.290039,4780.790039,4780.790039,-3.49
17/07/2006,4790.919922,4895.100098,4710.609863,4818.549805,0.79
24/07/2006,4827.069824,5030.779785,4826.169922,5028.509766,4.36
31/07/2006,5024.509766,5060.470215,4932.410156,5040.950195,0.25
07/08/2006,4980.439941,5033.189941,4935.959961,4985.52002,-1.10
14/08/2006,5019.169922,5157.600098,5015.47998,5135.689941,3.01
21/08/2006,5126.740234,5136.220215,5062.939941,5111.129883,-0.48
28/08/2006,5104.379883,5206.22998,5083.009766,5183.450195,1.41
04/09/2006,5195.180176,5209.060059,5043.759766,5073.569824,-2.12
11/09/2006,5042.879883,5165.390137,5018.180176,5144.879883,1.41
18/09/2006,5152.899902,5222.830078,5091.939941,5141.950195,-0.06
25/09/2006,5156.439941,5285.339844,5126.390137,5250.009766,2.10
02/10/2006,5268.629883,5300.180176,5196.069824,5282.060059,0.61
09/10/2006,5261.870117,5372.810059,5261.77002,5353.22998,1.35
16/10/2006,5359,5399.830078,5298.879883,5375.350098,0.41
23/10/2006,5391.779785,5458.209961,5361.379883,5396.029785,0.38
30/10/2006,5352.870117,5387.77002,5290.27002,5336.299805,-1.11
06/11/2006,5351.459961,5454.600098,5347.399902,5447.5,2.08
13/11/2006,5445.470215,5518.430176,5422.009766,5439.709961,-0.14
20/11/2006,5414.310059,5494.339844,5349.669922,5389.459961,-0.92
27/11/2006,5377.25,5402.089844,5239.839844,5254.049805,-2.51
04/12/2006,5268.240234,5401.490234,5246.379883,5384.160156,2.48
11/12/2006,5413.129883,5553.450195,5401.379883,5541.620117,2.92
18/12/2006,5533.080078,5545,5453.109863,5453.939941,-1.58
25/12/2006,5482.680176,5553.859863,5478.850098,5541.759766,1.61
01/01/2007,5575.759766,5623.669922,5517.350098,5517.350098,-0.44
08/01/2007,5532.569824,5619.930176,5473.470215,5617.620117,1.82
15/01/2007,5641.370117,5649.759766,5529.439941,5614.700195,-0.05
22/01/2007,5630.410156,5658.080078,5539.759766,5582.299805,-0.58
29/01/2007,5592.72998,5693.470215,5582.430176,5677.299805,1.70
05/02/2007,5671.22998,5711.040039,5652.47998,5692.450195,0.27
12/02/2007,5670.72998,5729.160156,5625.169922,5713.589844,0.37
19/02/2007,5723.049805,5758.330078,5677.589844,5716.379883,0.05
26/02/2007,5732.279785,5771.689941,5355.75,5424.700195,-5.10
05/03/2007,5325.140137,5549.299805,5303.290039,5537.839844,2.09
12/03/2007,5553.819824,5565.419922,5295.580078,5382.160156,-2.81
19/03/2007,5435.370117,5642.189941,5411.540039,5634.75,4.69
26/03/2007,5638.47998,5674.259766,5530.790039,5634.160156,-0.01
02/04/2007,5623.399902,5751.330078,5609.279785,5741.379883,1.90
09/04/2007,5750.470215,5798.209961,5701.350098,5789.339844,0.84
16/04/2007,5815.359863,5957.799805,5745.029785,5938.899902,2.58
23/04/2007,5937.149902,5981.549805,5860.689941,5930.77002,-0.14
30/04/2007,5913.029785,6075.580078,5913.029785,6068.830078,2.33
07/05/2007,6079.859863,6081.779785,5927.509766,6050.629883,-0.30
14/05/2007,6070.299805,6111.720215,5987.490234,6101.140137,0.83
21/05/2007,6091.589844,6121.870117,6011.490234,6057.490234,-0.72
28/05/2007,6065.25,6168.149902,5986.259766,6168.149902,1.83
04/06/2007,6157.330078,6163.899902,5837.140137,5883.290039,-4.62
11/06/2007,5939.339844,6122.310059,5851.47998,6105.279785,3.77
18/06/2007,6117.52002,6132.140137,5995.370117,6023.25,-1.34
25/06/2007,5971.959961,6054.930176,5897.799805,6054.930176,0.53
02/07/2007,6021.100098,6115.089844,6011.379883,6102.689941,0.79
09/07/2007,6118.629883,6156.160156,5936.899902,6117.959961,0.25
16/07/2007,6131.740234,6132.290039,5952.220215,5957.160156,-2.63
23/07/2007,5936.279785,6009.160156,5608.279785,5643.959961,-5.26
30/07/2007,5649.049805,5754,5561.870117,5597.890137,-0.82
06/08/2007,5532.589844,5766.560059,5434.930176,5448.629883,-2.67
13/08/2007,5512.930176,5576.890137,5217.700195,5363.629883,-1.56
20/08/2007,5428.669922,5596.160156,5345.080078,5569.379883,3.84
27/08/2007,5598.72998,5686.470215,5425.899902,5662.700195,1.68
03/09/2007,5683.100098,5683.100098,5417.259766,5430.100098,-4.11
10/09/2007,5432.080078,5574.620117,5378.040039,5538.919922,2.00
17/09/2007,5523.879883,5744.740234,5417.009766,5700.649902,2.92
24/09/2007,5686.470215,5752.890137,5608.689941,5715.689941,0.26
01/10/2007,5670.790039,5854.810059,5660.759766,5843.240234,2.23
08/10/2007,5852.319824,5882.069824,5779.040039,5843.950195,0.01
15/10/2007,5842.879883,5867.950195,5728.359863,5740.47998,-1.77
22/10/2007,5635.700195,5805.029785,5630.799805,5794.870117,0.95
29/10/2007,5845.850098,5855.350098,5668.669922,5720.419922,-1.28
05/11/2007,5676.759766,5759.529785,5493.600098,5524.180176,-3.43
12/11/2007,5488.97998,5638.819824,5483.709961,5523.629883,-0.01
19/11/2007,5519.970215,5564.649902,5358.759766,5521.169922,-0.04
26/11/2007,5558.060059,5685.529785,5383.669922,5670.569824,2.71
03/12/2007,5654.100098,5744.759766,5538.319824,5718.75,0.85
10/12/2007,5683.600098,5795.220215,5560.589844,5605.359863,-1.98
17/12/2007,5532.669922,5622.609863,5465.97998,5602.77002,-0.05
24/12/2007,5619.859863,5656.140137,5593.919922,5627.25,0.44
31/12/2007,5621.120117,5665.939941,5417.529785,5446.790039,-3.21
07/01/2008,5432,5533.930176,5349.25,5371.410156,-1.38
14/01/2008,5345.830078,5421.220215,5081.22998,5092.399902,-5.19
21/01/2008,5006.47998,5012.529785,4505.140137,4878.120117,-4.21
28/01/2008,4791.5,5009.160156,4755.97998,4978.060059,2.05
04/02/2008,5027.259766,5027.259766,4679.799805,4709.649902,-5.39
11/02/2008,4653.149902,4926.330078,4644.740234,4771.790039,1.32
18/02/2008,4810.290039,4940.359863,4779.140137,4824.549805,1.11
25/02/2008,4877.890137,4992.77002,4768.529785,4790.660156,-0.70
03/03/2008,4723.220215,4782.859863,4576.589844,4618.959961,-3.58
10/03/2008,4601.709961,4741.890137,4534.580078,4592.149902,-0.58
17/03/2008,4449.390137,4652.669922,4416.709961,4533.720215,-1.27
24/03/2008,4692.169922,4750.629883,4647.540039,4695.919922,3.58
31/03/2008,4648.540039,4926.370117,4622.259766,4900.879883,4.36
07/04/2008,4936.25,4959.970215,4775.160156,4797.930176,-2.10
14/04/2008,4755.069824,4976.370117,4741.060059,4961.689941,3.41
21/04/2008,4954.490234,5013.439941,4849.879883,4978.209961,0.33
28/04/2008,4989.919922,5099.390137,4935.100098,5069.709961,1.84
05/05/2008,5062.700195,5100.100098,4925.049805,4960.560059,-2.15
12/05/2008,4975.089844,5120.910156,4951.370117,5078.040039,2.37
19/05/2008,5090.529785,5142.100098,4933.77002,4933.77002,-2.84
26/05/2008,4910.529785,5028.799805,4893.859863,5014.279785,1.63
02/06/2008,5008.939941,5012.009766,4793.720215,4795.319824,-4.37
09/06/2008,4779.430176,4821.27002,4614.540039,4682.299805,-2.36
16/06/2008,4686.680176,4723.25,4475.129883,4509.27002,-3.70
23/06/2008,4497.299805,4538.540039,4348.310059,4397.319824,-2.48
30/06/2008,4404.490234,4439.779785,4224.129883,4266,-2.99
07/07/2008,4305.290039,4350.939941,4100.640137,4100.640137,-3.88
14/07/2008,4148.100098,4299.359863,4002.870117,4299.359863,4.85
21/07/2008,4310.160156,4440.890137,4259.290039,4377.180176,1.81
28/07/2008,4367.5,4448.049805,4256.359863,4314.339844,-1.44
04/08/2008,4306.850098,4514.169922,4267.290039,4491.850098,4.11
11/08/2008,4500.299805,4552.259766,4383.47998,4453.620117,-0.85
18/08/2008,4435.910156,4501.379883,4294.939941,4400.450195,-1.19
25/08/2008,4383.240234,4508.669922,4296.240234,4482.600098,1.87
01/09/2008,4455.589844,4558.560059,4181.609863,4196.660156,-6.38
08/09/2008,4355.52002,4408.819824,4192.919922,4332.660156,3.24
15/09/2008,4184.52002,4324.870117,3926.820068,4324.870117,-0.18
22/09/2008,4331.169922,4356.669922,4097.350098,4163.379883,-3.73
29/09/2008,4160.839844,4160.839844,3844.629883,4080.75,-1.98
06/10/2008,3887.139893,3911.48999,3047.850098,3176.48999,-22.16
13/10/2008,3379.530029,3766.879883,3115.889893,3329.919922,4.83
20/10/2008,3413.830078,3545.530029,2959.290039,3193.790039,-4.09
27/10/2008,3035.370117,3489.350098,2976.399902,3487.070068,9.18
03/11/2008,3513.120117,3691.090088,3351.219971,3469.120117,-0.51
10/11/2008,3558.649902,3612.280029,3183.649902,3291.469971,-5.12
17/11/2008,3283.570068,3309.620117,2838.5,2881.26001,-12.46
24/11/2008,2959.52002,3274.709961,2931.48999,3262.679932,13.24
01/12/2008,3261.330078,3272.090088,2956.75,2988.01001,-8.42
08/12/2008,3190.5,3342.840088,3114.77002,3213.600098,7.55
15/12/2008,3258.25,3305.02002,3146.820068,3225.899902,0.38
22/12/2008,3201.659912,3209.350098,3094.689941,3116.209961,-3.40
29/12/2008,3139.23999,3349.689941,3105.070068,3349.689941,7.49
05/01/2009,3381.280029,3426.040039,3269.800049,3299.5,-1.50
12/01/2009,3287.580078,3305.459961,2962.560059,3016.75,-8.57
19/01/2009,3069.919922,3083.389893,2770.090088,2849.139893,-5.56
26/01/2009,2838.73999,3085.689941,2834.540039,2973.919922,4.38
02/02/2009,2929.189941,3146.689941,2867.679932,3122.790039,5.01
09/02/2009,3110.600098,3146.129883,2932.409912,2997.860107,-4.00
16/02/2009,2977.169922,2994.409912,2750.550049,2750.550049,-8.25
23/02/2009,2805.669922,2810.909912,2644.189941,2702.47998,-1.75
02/03/2009,2632.919922,2675.679932,2521.459961,2534.449951,-6.22
09/03/2009,2552.98999,2771.719971,2465.459961,2705.629883,6.75
16/03/2009,2761.540039,2833.209961,2720.439941,2791.139893,3.16
23/03/2009,2845.77002,2918.22998,2801.939941,2840.620117,1.77
30/03/2009,2788.370117,3019.02002,2719.340088,2958.73999,4.16
06/04/2009,2993.080078,3018.360107,2847.959961,2974.179932,0.52
13/04/2009,2994.449951,3102.040039,2956.449951,3091.959961,3.96
20/04/2009,3081.149902,3102.850098,2898.52002,3102.850098,0.35
27/04/2009,3043.300049,3194.25,3016.060059,3159.850098,1.84
04/05/2009,3180.26001,3355.949951,3168.25,3312.590088,4.83
11/05/2009,3312.649902,3312.649902,3118.060059,3169.050049,-4.33
18/05/2009,3135.120117,3320.330078,3115.27002,3227.969971,1.86
25/05/2009,3235.219971,3317.580078,3168.219971,3277.649902,1.54
01/06/2009,3339.379883,3399.590088,3288.98999,3339.050049,1.87
08/06/2009,3327.560059,3370.870117,3275.699951,3326.139893,-0.39
15/06/2009,3308.570068,3308.570068,3136.909912,3221.27002,-3.15
22/06/2009,3221.159912,3224.419922,3097.389893,3129.72998,-2.84
29/06/2009,3122.540039,3233.600098,3092.179932,3119.51001,-0.33
06/07/2009,3089.199951,3112.949951,2976.810059,2983.100098,-4.37
13/07/2009,2974.330078,3235.820068,2957.830078,3218.459961,7.89
20/07/2009,3252.149902,3408.280029,3233.939941,3366.449951,4.60
27/07/2009,3405.159912,3455.51001,3322.209961,3426.27002,1.78
03/08/2009,3427.449951,3539.310059,3417.820068,3521.139893,2.77
10/08/2009,3504.98999,3558.469971,3435.870117,3495.27002,-0.73
17/08/2009,3472.389893,3623.350098,3396.600098,3615.810059,3.45
24/08/2009,3631.419922,3724.340088,3614.610107,3693.139893,2.14
31/08/2009,3668.370117,3686.080078,3535.48999,3598.76001,-2.56
07/09/2009,3625.530029,3751.439941,3621.600098,3734.889893,3.78
14/09/2009,3694.689941,3853.969971,3674.219971,3827.840088,2.49
21/09/2009,3827.449951,3856.669922,3731.98999,3739.139893,-2.32
28/09/2009,3727.77002,3845.01001,3627.399902,3649.899902,-2.39
05/10/2009,3651.97998,3822.959961,3629.409912,3799.610107,4.10
12/10/2009,3813.379883,3907.48999,3790.659912,3827.600098,0.74
19/10/2009,3842.540039,3913.810059,3792.47998,3808.23999,-0.51
26/10/2009,3823.820068,3838.449951,3600.459961,3607.689941,-5.27
02/11/2009,3603.639893,3728.76001,3549.649902,3707.290039,2.76
09/11/2009,3737.429932,3843.879883,3737.370117,3806.01001,2.66
16/11/2009,3837.23999,3868.159912,3714.419922,3729.360107,-2.01
23/11/2009,3766.379883,3828.689941,3610.810059,3721.449951,-0.21
30/11/2009,3732.629883,3876.22998,3669.27002,3846.620117,3.36
07/12/2009,3836.050049,3854.080078,3734.709961,3803.719971,-1.12
14/12/2009,3839.75,3878.199951,3793.649902,3794.439941,-0.24
21/12/2009,3807.840088,3930.76001,3802.129883,3912.72998,3.12
28/12/2009,3939.659912,3976.919922,3928.199951,3936.330078,0.60
04/01/2010,3952.209961,4051.409912,3950.610107,4045.139893,2.76
11/01/2010,4071.399902,4088.179932,3949.899902,3954.379883,-2.24
18/01/2010,3971.169922,4019.879883,3786.290039,3820.780029,-3.38
25/01/2010,3793.629883,3833.439941,3688.790039,3739.459961,-2.13
01/02/2010,3713.169922,3831.379883,3563.76001,3563.76001,-4.70
08/02/2010,3595.379883,3675.639893,3545.909912,3599.070068,0.99
15/02/2010,3621.409912,3772.669922,3599.629883,3769.540039,4.74
22/02/2010,3780.679932,3791.560059,3633.810059,3708.800049,-1.61
01/03/2010,3739.560059,3910.419922,3724.840088,3910.419922,5.44
08/03/2010,3924.219971,3956.419922,3876.090088,3927.399902,0.43
15/03/2010,3921,3967.51001,3889.129883,3925.439941,-0.05
22/03/2010,3908.550049,4008.699951,3868.02002,3988.929932,1.62
29/03/2010,4002.129883,4041.580078,3943.030029,4034.22998,1.14
05/04/2010,4048.899902,4065.070068,3952.139893,4050.540039,0.40
12/04/2010,4078.379883,4086,3976.419922,3986.629883,-1.58
19/04/2010,3964.530029,4037.389893,3907.189941,3951.300049,-0.89
26/04/2010,3995.26001,4017.530029,3749.530029,3816.98999,-3.40
03/05/2010,3796.790039,3847.209961,3349.959961,3392.590088,-11.12
10/05/2010,3605.840088,3774.100098,3461.959961,3560.360107,4.95
17/05/2010,3526.870117,3640.060059,3341.76001,3430.73999,-3.64
24/05/2010,3460.48999,3553.169922,3287.570068,3515.060059,2.46
31/05/2010,3506.300049,3598.379883,3414.5,3455.610107,-1.69
07/06/2010,3397.169922,3570.389893,3343.590088,3555.52002,2.89
14/06/2010,3583.469971,3716.189941,3581.969971,3687.209961,3.70
21/06/2010,3750.699951,3759.540039,3504.310059,3519.72998,-4.54
28/06/2010,3537.669922,3577.590088,3321.350098,3348.370117,-4.87
05/07/2010,3362.719971,3570.889893,3331.590088,3554.47998,6.16
12/07/2010,3562.699951,3656.76001,3487.209961,3500.159912,-1.53
19/07/2010,3476.070068,3628.199951,3419.77002,3607.050049,3.05
26/07/2010,3634.76001,3720.629883,3589.929932,3643.139893,1.00
02/08/2010,3675.879883,3802.939941,3671.929932,3716.050049,2.00
09/08/2010,3764.25,3781.629883,3577.540039,3610.909912,-2.83
16/08/2010,3622.600098,3680.030029,3517.48999,3526.120117,-2.35
23/08/2010,3536.949951,3583.449951,3414.840088,3507.439941,-0.53
30/08/2010,3518.689941,3706.47998,3430.909912,3672.199951,4.70
06/09/2010,3695.469971,3731.860107,3613.290039,3725.820068,1.46
13/09/2010,3765.23999,3795.47998,3705.290039,3722.02002,-0.10
20/09/2010,3738,3824.97998,3666.22998,3782.47998,1.62
27/09/2010,3796.530029,3800.870117,3672.899902,3692.090088,-2.39
04/10/2010,3689.179932,3799.709961,3638.340088,3763.179932,1.93
11/10/2010,3770.030029,3845.360107,3700.26001,3827.370117,1.71
18/10/2010,3803.459961,3889.73999,3786.360107,3868.540039,1.08
25/10/2010,3894.909912,3894.909912,3807.800049,3833.5,-0.91
01/11/2010,3865.040039,3937.639893,3812.370117,3916.72998,2.17
08/11/2010,3915.340088,3961.699951,3769.590088,3831.120117,-2.19
15/11/2010,3810.23999,3875.629883,3753.060059,3860.159912,0.76
22/11/2010,3892.649902,3896.070068,3687.429932,3728.649902,-3.41
29/11/2010,3748.100098,3775.75,3591.780029,3750.550049,0.59
06/12/2010,3758.580078,3873.639893,3723.159912,3857.350098,2.85
13/12/2010,3872.830078,3906.090088,3861.100098,3867.350098,0.26
20/12/2010,3873.23999,3936.060059,3869.199951,3900.389893,0.85
27/12/2010,3893.110107,3904.040039,3804.780029,3804.780029,-2.45
03/01/2011,3847.629883,3945.719971,3836.709961,3865.580078,1.60
10/01/2011,3850.27002,3992.100098,3790.959961,3983.280029,3.04
17/01/2011,3984.090088,4057.969971,3950.300049,4017.449951,0.86
24/01/2011,4028.330078,4079.300049,4002.320068,4002.320068,-0.38
31/01/2011,3997.139893,4089.639893,3953.179932,4047.209961,1.12
07/02/2011,4055.5,4121.379883,4039.23999,4101.310059,1.34
14/02/2011,4128.700195,4169.870117,4085.5,4157.140137,1.36
21/02/2011,4153.100098,4163.990234,3984.360107,4070.379883,-2.09
28/02/2011,4064.550049,4145.72998,4009.889893,4020.209961,-1.23
07/03/2011,4007.340088,4049.97998,3915.209961,3928.679932,-2.28
14/03/2011,3914.030029,3939.5,3693.939941,3810.219971,-3.02
21/03/2011,3870.719971,3986.560059,3855.25,3972.379883,4.26
28/03/2011,3966.77002,4055.879883,3949.199951,4054.76001,2.07
04/04/2011,4051.439941,4070.889893,4013.669922,4061.909912,0.18
11/04/2011,4056.939941,4057.530029,3949.01001,3974.47998,-2.15
18/04/2011,3970.620117,4034.5,3862.399902,4021.879883,1.19
25/04/2011,4014.290039,4110.410156,4009.820068,4106.919922,2.11
02/05/2011,4137.75,4137.970215,3981.189941,4058.01001,-1.19
09/05/2011,4037.909912,4076.659912,3986.929932,4018.850098,-0.97
16/05/2011,3975.379883,4050.570068,3941.580078,3990.850098,-0.70
23/05/2011,3934.360107,3979.070068,3884.550049,3950.97998,-1.00
30/05/2011,3947.159912,4015.850098,3845.389893,3890.679932,-1.53
06/06/2011,3875.629883,3889.969971,3798.879883,3805.090088,-2.20
13/06/2011,3807.459961,3877.810059,3742.310059,3823.73999,0.49
20/06/2011,3758.97998,3885.22998,3755.290039,3784.800049,-1.02
27/06/2011,3775.75,4023.590088,3769.610107,4007.350098,5.88
04/07/2011,4010.370117,4020.330078,3912.77002,3913.550049,-2.34
11/07/2011,3878.600098,3890.070068,3706.820068,3726.590088,-4.78
18/07/2011,3697.540039,3866.340088,3645.790039,3842.699951,3.12
25/07/2011,3813.5,3845.060059,3630.75,3672.77002,-4.42
01/08/2011,3718.110107,3722.590088,3218.389893,3278.560059,-10.73
08/08/2011,3254.360107,3333.610107,2891.110107,3213.879883,-1.97
15/08/2011,3248.139893,3288.820068,2947.909912,3016.98999,-6.13
22/08/2011,2989.600098,3189.419922,2989.600098,3087.639893,2.34
29/08/2011,3141.189941,3295.540039,3117.939941,3148.530029,1.97
05/09/2011,3072.51001,3116.209961,2942.780029,2974.590088,-5.52
12/09/2011,2880.459961,3086.639893,2769.969971,3031.080078,1.90
19/09/2011,2960.929932,2991.209961,2693.209961,2810.110107,-7.29
26/09/2011,2754.820068,3060.429932,2753.27002,2981.959961,6.12
03/10/2011,2913.070068,3126,2808.219971,3095.560059,3.81
10/10/2011,3121.409912,3251.620117,3094.169922,3217.889893,3.95
17/10/2011,3241.969971,3266.570068,3082.120117,3171.340088,-1.45
24/10/2011,3190.709961,3411.219971,3146.110107,3348.629883,5.59
31/10/2011,3302.780029,3310.300049,3029.439941,3123.550049,-6.72
07/11/2011,3087.97998,3193.620117,3008.72998,3149.379883,0.83
14/11/2011,3169.429932,3174.320068,2979.600098,2997.01001,-4.84
21/11/2011,2981.790039,2981.790039,2793.219971,2856.969971,-4.67
28/11/2011,2897.47998,3201.060059,2890.76001,3164.949951,10.78
05/12/2011,3206.669922,3244.889893,3064.629883,3172.350098,0.23
12/12/2011,3150.840088,3163.699951,2969.399902,2972.300049,-6.31
19/12/2011,2942.340088,3121.389893,2941.399902,3102.090088,4.37
26/12/2011,3111.139893,3159.810059,3064.689941,3159.810059,1.86
02/01/2012,3158.23999,3246.73999,3122.629883,3137.360107,-0.71
09/01/2012,3143.949951,3253.290039,3114.449951,3196.48999,1.88
16/01/2012,3174.330078,3336.620117,3163.679932,3321.5,3.91
23/01/2012,3325.419922,3368.659912,3285.629883,3318.76001,-0.08
30/01/2012,3295.97998,3427.919922,3264.02002,3427.919922,3.29
06/02/2012,3412.320068,3449.23999,3365.47998,3373.139893,-1.60
13/02/2012,3406.860107,3450.76001,3352.629883,3439.620117,1.97
20/02/2012,3463.560059,3478.030029,3425.02002,3467.030029,0.80
27/02/2012,3452.01001,3514.149902,3412.169922,3501.169922,0.98
05/03/2012,3485.51001,3507.52002,3362.560059,3487.47998,-0.39
12/03/2012,3473.370117,3600.47998,3467.610107,3594.830078,3.08
19/03/2012,3581.47998,3581.47998,3432.560059,3476.179932,-3.30
26/03/2012,3495.76001,3535.600098,3374.689941,3423.810059,-1.51
02/04/2012,3439.169922,3473.199951,3279.310059,3319.810059,-3.04
09/04/2012,3274.850098,3292.280029,3180.189941,3189.090088,-3.94
16/04/2012,3183.189941,3292.51001,3155.360107,3188.580078,-0.02
23/04/2012,3157.850098,3282.649902,3088.360107,3266.27002,2.44
30/04/2012,3270.780029,3273.719971,3153.919922,3161.969971,-3.19
07/05/2012,3112.469971,3219.409912,3073.379883,3129.77002,-1.02
14/05/2012,3093.360107,3098.800049,2970.100098,3008,-3.89
21/05/2012,2997.189941,3093.919922,2984.719971,3047.939941,1.33
28/05/2012,3068.340088,3099.840088,2922.26001,2950.469971,-3.20
04/06/2012,2928.909912,3104.73999,2927.01001,3051.689941,3.43
11/06/2012,3110.959961,3122.409912,2993.709961,3087.620117,1.18
18/06/2012,3120.820068,3153.280029,3052.649902,3090.899902,0.11
25/06/2012,3072.610107,3196.649902,3003.840088,3196.649902,3.42
02/07/2012,3197.040039,3288.51001,3168.790039,3168.790039,-0.87
09/07/2012,3167.280029,3204.620117,3118.47998,3180.810059,0.38
16/07/2012,3176.27002,3267.75,3155.629883,3193.889893,0.41
23/07/2012,3159.679932,3280.189941,3065.469971,3280.189941,2.70
30/07/2012,3299.310059,3374.840088,3232.459961,3374.189941,2.87
06/08/2012,3365.370117,3464.290039,3358.199951,3435.620117,1.82
13/08/2012,3429.530029,3501.909912,3410.939941,3488.379883,1.54
20/08/2012,3484.469971,3523.850098,3396.810059,3433.209961,-1.58
27/08/2012,3422.550049,3462.830078,3371.73999,3413.070068,-0.59
03/09/2012,3401.959961,3561.909912,3372.800049,3519.050049,3.11
10/09/2012,3513.659912,3588.02002,3477.370117,3581.580078,1.78
17/09/2012,3558.570068,3573.97998,3486.360107,3530.719971,-1.42
24/09/2012,3501.340088,3520.290039,3354.820068,3354.820068,-4.98
01/10/2012,3348.070068,3461.840088,3348.070068,3457.040039,3.05
08/10/2012,3429.320068,3429.860107,3351.439941,3389.080078,-1.97
15/10/2012,3387.76001,3542.580078,3387.76001,3504.560059,3.41
22/10/2012,3498.379883,3519.050049,3382.360107,3435.090088,-1.98
29/10/2012,3419.379883,3502.639893,3394.889893,3492.459961,1.67
05/11/2012,3469.899902,3515.870117,3374.080078,3423.570068,-1.97
12/11/2012,3424.550049,3436.26001,3341.52002,3341.52002,-2.40
19/11/2012,3375.419922,3528.800049,3369.530029,3528.800049,5.60
26/11/2012,3513.939941,3584.72998,3479.159912,3557.280029,0.81
03/12/2012,3567.899902,3622.360107,3563.02002,3605.610107,1.36
10/12/2012,3587.320068,3659.100098,3575.530029,3643.280029,1.04
17/12/2012,3633.169922,3674.570068,3611.120117,3661.399902,0.50
24/12/2012,3662.949951,3684.159912,3618.669922,3620.25,-1.12
31/12/2012,3600.159912,3733.929932,3599.219971,3730.02002,3.03
07/01/2013,3731.48999,3732.649902,3683.820068,3706.02002,-0.64
14/01/2013,3721.629883,3760.949951,3680.610107,3741.580078,0.96
21/01/2013,3747.580078,3782.600098,3711.550049,3778.159912,0.98
28/01/2013,3784.580078,3793.26001,3725.679932,3773.530029,-0.12
04/02/2013,3778.360107,3778.360107,3601.050049,3649.5,-3.29
11/02/2013,3660.280029,3710.090088,3634.820068,3660.370117,0.30
18/02/2013,3655.530029,3743.649902,3623.169922,3706.280029,1.25
25/02/2013,3721.100098,3787.530029,3600.810059,3699.909912,-0.17
04/03/2013,3680.580078,3849.870117,3673.030029,3840.149902,3.79
11/03/2013,3830.689941,3871.580078,3817.560059,3844.030029,0.10
18/03/2013,3768.070068,3834.879883,3750.050049,3770.290039,-1.92
25/03/2013,3823.879883,3837.02002,3669.169922,3731.419922,-1.03
01/04/2013,3729.820068,3810.179932,3638.830078,3663.47998,-1.82
08/04/2013,3677.209961,3788.860107,3655.919922,3729.300049,1.80
15/04/2013,3728.689941,3747.669922,3584.379883,3651.959961,-2.07
22/04/2013,3673.47998,3854.409912,3631.580078,3810.050049,4.33
29/04/2013,3828.939941,3914.51001,3819.040039,3912.949951,2.70
06/05/2013,3909.48999,3971.919922,3897.72998,3953.830078,1.04
13/05/2013,3948.330078,4018.840088,3922.199951,4001.27002,1.20
20/05/2013,4005.790039,4058.72998,3940.290039,3956.790039,-1.11
27/05/2013,3979.149902,4072.23999,3938.189941,3948.590088,-0.21
03/06/2013,3929.679932,3979.530029,3800.850098,3872.590088,-1.92
10/06/2013,3864.080078,3884.639893,3731.840088,3805.159912,-1.74
17/06/2013,3815.439941,3882.879883,3658.040039,3658.040039,-3.87
24/06/2013,3652.52002,3780.560059,3575.169922,3738.909912,2.21
01/07/2013,3761.570068,3837.389893,3668.77002,3753.850098,0.40
08/07/2013,3782.120117,3888.189941,3781.51001,3855.090088,2.70
15/07/2013,3867.080078,3927.790039,3821.550049,3925.320068,1.82
22/07/2013,3929.189941,4002.350098,3915.810059,3968.840088,1.11
29/07/2013,3989.340088,4059.620117,3962.429932,4045.649902,1.94
05/08/2013,4049.159912,4087.72998,4010.629883,4076.550049,0.76
12/08/2013,4080.969971,4123.890137,4048.620117,4123.890137,1.16
19/08/2013,4122.379883,4122.379883,4005.469971,4069.469971,-1.32
26/08/2013,4072.780029,4072.780029,3933.780029,3933.780029,-3.33
02/09/2013,3974.790039,4049.189941,3927.629883,4049.189941,2.93
09/09/2013,4046.26001,4122.529785,4022.810059,4114.5,1.61
16/09/2013,4154.189941,4228,4131.220215,4203.660156,2.17
23/09/2013,4207.180176,4216.919922,4162.839844,4186.77002,-0.40
30/09/2013,4141.549805,4196.600098,4120.240234,4164.25,-0.54
07/10/2013,4145.109863,4227.540039,4105.669922,4219.97998,1.34
14/10/2013,4206.100098,4286.029785,4192.589844,4286.029785,1.57
21/10/2013,4285.709961,4309.149902,4242.220215,4272.310059,-0.32
28/10/2013,4287.890137,4309.919922,4236.029785,4273.189941,0.02
04/11/2013,4284.830078,4356.279785,4211.819824,4260.439941,-0.30
11/11/2013,4262.799805,4299.669922,4213.209961,4292.22998,0.75
18/11/2013,4289.220215,4336.609863,4222.310059,4278.529785,-0.32
25/11/2013,4298.009766,4311.810059,4276.790039,4295.209961,0.39
02/12/2013,4294.649902,4309.310059,4082.139893,4129.370117,-3.86
09/12/2013,4143.299805,4144.799805,4053.409912,4059.709961,-1.69
16/12/2013,4051.929932,4200.310059,4051.25,4193.77002,3.30
23/12/2013,4199.919922,4279.279785,4187.950195,4277.649902,2.00
30/12/2013,4283.419922,4312.589844,4226.660156,4247.649902,-0.70
06/01/2014,4242.27002,4278.109863,4215.589844,4250.600098,0.07
13/01/2014,4261.700195,4341.859863,4213.569824,4327.5,1.81
20/01/2014,4320.810059,4351.209961,4154.950195,4161.470215,-3.84
27/01/2014,4166.279785,4245.959961,4098.709961,4165.720215,0.10
03/02/2014,4160.279785,4228.899902,4080.600098,4228.180176,1.50
10/02/2014,4247.580078,4340.379883,4229.069824,4340.140137,2.65
17/02/2014,4345.580078,4383.149902,4290.470215,4381.060059,0.94
24/02/2014,4374.459961,4420.939941,4354.950195,4408.080078,0.62
03/03/2014,4338.790039,4432.5,4288.439941,4366.419922,-0.95
10/03/2014,4365.490234,4417.799805,4183,4216.370117,-3.44
17/03/2014,4216.910156,4353.390137,4211.620117,4335.279785,2.82
24/03/2014,4321.990234,4411.379883,4266.97998,4411.259766,1.75
31/03/2014,4426.830078,4496.540039,4390.77002,4484.549805,1.66
07/04/2014,4453.189941,4466.189941,4333.870117,4365.859863,-2.65
14/04/2014,4345.620117,4432.640137,4319.279785,4431.810059,1.51
21/04/2014,4451.910156,4499.319824,4431.379883,4443.629883,0.27
28/04/2014,4455.049805,4504.140137,4444.459961,4458.169922,0.33
05/05/2014,4453.52002,4507.240234,4400.910156,4477.279785,0.43
12/05/2014,4467.379883,4512.620117,4418.589844,4456.279785,-0.47
19/05/2014,4447.680176,4495.759766,4418.049805,4493.149902,0.83
26/05/2014,4504.259766,4536.830078,4495.790039,4519.569824,0.59
02/06/2014,4523.899902,4586.680176,4470.470215,4581.120117,1.36
09/06/2014,4580.939941,4598.649902,4506.930176,4543.279785,-0.83
16/06/2014,4523.52002,4581.950195,4508.459961,4541.339844,-0.04
23/06/2014,4540.52002,4540.52002,4412.180176,4436.990234,-2.30
30/06/2014,4443.029785,4490.720215,4407.180176,4468.97998,0.72
07/07/2014,4453.759766,4463.060059,4277.580078,4316.5,-3.41
14/07/2014,4327.660156,4374.220215,4284.419922,4335.310059,0.44
21/07/2014,4334.620117,4415.290039,4295.359863,4330.549805,-0.11
28/07/2014,4352.5,4389.759766,4182.02002,4202.779785,-2.95
04/08/2014,4222.779785,4252.680176,4109.310059,4147.810059,-1.31
11/08/2014,4182.75,4256.339844,4150.899902,4174.359863,0.64
18/08/2014,4227.879883,4292.930176,4211.379883,4252.799805,1.88
25/08/2014,4299.5,4401.52002,4286.609863,4381.040039,3.02
01/09/2014,4383.620117,4509.580078,4358.259766,4486.490234,2.41
08/09/2014,4484.399902,4489.02002,4411.069824,4441.700195,-1.00
15/09/2014,4425.629883,4492.390137,4391.080078,4461.220215,0.44
22/09/2014,4446.910156,4464.310059,4340.629883,4394.75,-1.49
29/09/2014,4389.830078,4435.069824,4242.669922,4281.740234,-2.57
06/10/2014,4317.919922,4319.310059,4065.5,4073.709961,-4.86
13/10/2014,4033.73999,4104,3789.110107,4033.179932,-0.99
20/10/2014,4023.76001,4166.459961,3962.060059,4128.899902,2.37
27/10/2014,4170.839844,4246.930176,4051.860107,4233.089844,2.52
03/11/2014,4225.810059,4275.299805,4118.5,4189.890137,-1.02
10/11/2014,4184.180176,4252.919922,4153.169922,4202.459961,0.30
17/11/2014,4169.609863,4356.109863,4166.399902,4347.22998,3.44
24/11/2014,4355.970215,4403.549805,4348.830078,4390.180176,0.99
01/12/2014,4354.189941,4427.740234,4310.689941,4419.47998,0.67
08/12/2014,4400.169922,4407.950195,4103.490234,4108.930176,-7.03
15/12/2014,4094.459961,4291.200195,3926.340088,4241.649902,3.23
22/12/2014,4255.879883,4316.390137,4239.359863,4295.850098,1.28
29/12/2014,4301.660156,4317.930176,4224.339844,4252.290039,-1.01
05/01/2015,4221.990234,4276.919922,4076.159912,4179.069824,-1.72
12/01/2015,4196.779785,4387.220215,4119.350098,4379.620117,4.80
19/01/2015,4388.669922,4673.299805,4367.240234,4640.689941,5.96
26/01/2015,4620,4679.259766,4571.049805,4604.25,-0.79
02/02/2015,4613.310059,4707.240234,4584.370117,4691.029785,1.88
09/02/2015,4652.160156,4779.540039,4611.149902,4759.359863,1.46
16/02/2015,4757.52002,4841.689941,4683.189941,4830.899902,1.50
23/02/2015,4872.129883,4951.47998,4832.359863,4951.47998,2.50
02/03/2015,4937.430176,4986.879883,4856.140137,4964.350098,0.26
09/03/2015,4940.640137,5010.799805,4869.450195,5010.459961,0.93
16/03/2015,5019.02002,5106.040039,5001.370117,5087.490234,1.54
23/03/2015,5078.25,5103.299805,4932.529785,5034.060059,-1.05
30/03/2015,5052.25,5110.790039,5007.680176,5074.140137,0.80
06/04/2015,5106.359863,5240.649902,5096,5240.459961,3.28
13/04/2015,5236.109863,5269.5,5132.709961,5143.259766,-1.85
20/04/2015,5154.910156,5243.569824,5146.27002,5201.450195,1.13
27/04/2015,5198.790039,5283.709961,4987.259766,5046.490234,-2.98
04/05/2015,5060.5,5133.169922,4874.899902,5090.390137,0.87
11/05/2015,5050.919922,5066.569824,4905.700195,4993.819824,-1.90
18/05/2015,4996.959961,5155.279785,4932.009766,5142.890137,2.99
25/05/2015,5139.649902,5193.77002,5006.459961,5007.890137,-2.62
01/06/2015,5029.049805,5088.140137,4894.169922,4920.740234,-1.74
08/06/2015,4906.169922,5022.100098,4783.919922,4901.189941,-0.40
15/06/2015,4844.950195,4871.069824,4712.970215,4815.370117,-1.75
22/06/2015,4926.629883,5095.040039,4911.859863,5059.169922,5.06
29/06/2015,4821.450195,4946.620117,4780.549805,4808.220215,-4.96
06/07/2015,4709.009766,4922.629883,4601.899902,4903.069824,1.97
13/07/2015,4985.140137,5147.399902,4959.620117,5124.390137,4.51
20/07/2015,5134.160156,5184.740234,5051.140137,5057.359863,-1.31
27/07/2015,5030.890137,5083.640137,4924.290039,5082.609863,0.50
03/08/2015,5076.799805,5217.799805,5066.149902,5154.75,1.42
10/08/2015,5179.839844,5197.649902,4907.330078,4956.470215,-3.85
17/08/2015,4996.759766,5025.709961,4630.990234,4630.990234,-6.57
24/08/2015,4465.47998,4686.669922,4230.490234,4675.129883,0.95
31/08/2015,4636.439941,4692.299805,4499.490234,4523.080078,-3.25
07/09/2015,4563.850098,4733.049805,4524.990234,4548.720215,0.57
14/09/2015,4554.709961,4665.990234,4495.049805,4535.850098,-0.28
21/09/2015,4526.279785,4605.259766,4309.419922,4480.660156,-1.22
28/09/2015,4452.240234,4528.160156,4278.569824,4458.879883,-0.49
05/10/2015,4543.069824,4737.689941,4528.02002,4701.390137,5.44
12/10/2015,4705.220215,4718.910156,4580.839844,4702.790039,0.03
19/10/2015,4697.52002,4947.02002,4642.939941,4923.640137,4.70
26/10/2015,4908.330078,4924.240234,4841.390137,4897.660156,-0.53
02/11/2015,4848.859863,5011.649902,4845.120117,4984.149902,1.77
09/11/2015,4978.839844,4983.77002,4762.330078,4807.950195,-3.54
16/11/2015,4756.919922,4962.450195,4751.029785,4910.970215,2.14
23/11/2015,4901.680176,4961.450195,4773.97998,4930.140137,0.39
30/11/2015,4917.149902,4975.709961,4670.990234,4714.790039,-4.37
07/12/2015,4746.259766,4803.47998,4527.259766,4549.560059,-3.50
14/12/2015,4572.370117,4748.759766,4472.649902,4625.259766,1.66
21/12/2015,4617.200195,4686.089844,4526.859863,4663.180176,0.82
28/12/2015,4667.029785,4708.319824,4613.779785,4637.060059,-0.56
04/01/2016,4582.049805,4586.109863,4323.549805,4333.759766,-6.54
11/01/2016,4333.209961,4465.560059,4178.870117,4210.160156,-2.85
18/01/2016,4211.109863,4371.649902,4084.679932,4336.689941,3.01
25/01/2016,4365.149902,4417.02002,4224.450195,4417.02002,1.85
01/02/2016,4418.140137,4422.609863,4176.47998,4200.669922,-4.90
08/02/2016,4217.450195,4220.850098,3892.459961,3995.060059,-4.89
15/02/2016,4086.290039,4279.189941,4076.810059,4223.040039,5.71
22/02/2016,4260.620117,4352.390137,4117.490234,4314.569824,2.17
29/02/2016,4275.839844,4480.209961,4254.77002,4456.620117,3.29
07/03/2016,4436.370117,4580.970215,4350.350098,4492.790039,0.81
14/03/2016,4501.810059,4535.910156,4367.439941,4462.509766,-0.67
21/03/2016,4425.839844,4481.109863,4323.180176,4329.680176,-2.98
28/03/2016,4354.029785,4466.5,4261.25,4322.240234,-0.17
04/04/2016,4311.189941,4378.049805,4229.120117,4303.120117,-0.44
11/04/2016,4294.120117,4515,4263.080078,4495.169922,4.46
18/04/2016,4425.25,4607.689941,4424.759766,4569.660156,1.66
25/04/2016,4561.919922,4579.120117,4428.589844,4428.959961,-3.08
02/05/2016,4455.759766,4458.740234,4245.169922,4301.240234,-2.88
09/05/2016,4322.689941,4374.75,4253.129883,4319.990234,0.44
16/05/2016,4290.649902,4362.330078,4267.709961,4353.899902,0.78
23/05/2016,4344.890137,4518.220215,4300.180176,4514.740234,3.69
30/05/2016,4507.089844,4536.629883,4396.629883,4421.779785,-2.06
06/06/2016,4407.009766,4486.470215,4301.100098,4306.720215,-2.60
13/06/2016,4253.97998,4275.970215,4109.819824,4193.830078,-2.62
20/06/2016,4301.189941,4490.549805,4007.969971,4106.72998,-2.08
27/06/2016,4073.719971,4288.720215,4012.199951,4273.959961,4.07
04/07/2016,4288.5,4288.660156,4062.070068,4190.680176,-1.95
11/07/2016,4221.220215,4402.22998,4207.370117,4372.509766,4.34
18/07/2016,4375.089844,4408.129883,4304.200195,4381.100098,0.20
25/07/2016,4381.629883,4474.669922,4353.620117,4439.810059,1.34
01/08/2016,4469.990234,4477.439941,4293.339844,4410.549805,-0.66
08/08/2016,4419.02002,4510.060059,4407.319824,4500.189941,2.03
15/08/2016,4503.649902,4528,4373.75,4400.52002,-2.21
22/08/2016,4397.390137,4455.609863,4377.700195,4441.870117,0.94
29/08/2016,4421.459961,4548.040039,4390.040039,4542.169922,2.26
05/09/2016,4550.819824,4569.620117,4481.089844,4491.399902,-1.12
12/09/2016,4415.22998,4470.259766,4310.879883,4332.450195,-3.54
19/09/2016,4368.850098,4528.890137,4368.850098,4488.689941,3.61
26/09/2016,4455.589844,4505.299805,4342.640137,4448.259766,-0.90
03/10/2016,4447.540039,4521.359863,4432.77002,4449.910156,0.04
10/10/2016,4458.069824,4520.180176,4370.649902,4470.919922,0.47
17/10/2016,4452.720215,4555.109863,4439.910156,4536.069824,1.46
24/10/2016,4551.72998,4579.279785,4496.970215,4548.580078,0.28
31/10/2016,4525.600098,4540.259766,4355.810059,4377.459961,-3.76
07/11/2016,4440.109863,4606.660156,4344.879883,4489.27002,2.55
14/11/2016,4528.049805,4560.879883,4479.939941,4504.350098,0.34
21/11/2016,4525.459961,4571.790039,4479.689941,4550.27002,1.02
28/11/2016,4544.089844,4597.540039,4490.149902,4528.819824,-0.47
05/12/2016,4506.660156,4780.52002,4502.200195,4764.069824,5.19
12/12/2016,4769.839844,4856.959961,4746.549805,4833.27002,1.45
19/12/2016,4820.490234,4852.580078,4812.080078,4839.680176,0.13
26/12/2016,4840.169922,4864.290039,4822.290039,4862.310059,0.47
02/01/2017,4845.959961,4929.600098,4843.930176,4909.839844,0.98
09/01/2017,4915.350098,4924.580078,4856.5,4922.490234,0.26
16/01/2017,4883.430176,4911.390137,4818.879883,4850.669922,-1.46
23/01/2017,4816.97998,4901.069824,4800.390137,4839.97998,-0.22
30/01/2017,4823.5,4847.470215,4748.899902,4825.419922,-0.30
06/02/2017,4829.680176,4845.450195,4733.819824,4828.319824,0.06
13/02/2017,4844.220215,4932.350098,4841.600098,4867.580078,0.81
20/02/2017,4894.25,4922.640137,4806.490234,4845.240234,-0.46
27/02/2017,4864.129883,5002.319824,4833.77002,4995.129883,3.09
06/03/2017,4983.959961,5022.100098,4933.77002,4993.319824,-0.04
13/03/2017,4997.879883,5037.850098,4958.879883,5029.240234,0.72
20/03/2017,5008.080078,5054.910156,4953.569824,5020.899902,-0.17
27/03/2017,4975.089844,5122.509766,4971.069824,5122.509766,2.02
03/04/2017,5130.180176,5135.279785,5051.609863,5135.279785,0.25
10/04/2017,5127.359863,5142.810059,5062.319824,5071.100098,-1.25
17/04/2017,5078.25,5093.600098,4980.410156,5059.200195,-0.23
24/04/2017,5267.879883,5296.52002,5228.540039,5267.330078,4.11
01/05/2017,5284.879883,5432.399902,5274.290039,5432.399902,3.13
08/05/2017,5442.100098,5442.100098,5356.410156,5405.419922,-0.50
15/05/2017,5411.27002,5417.399902,5238.509766,5324.399902,-1.50
22/05/2017,5335.120117,5368.879883,5282.419922,5336.640137,0.23
29/05/2017,5327.72998,5372.970215,5273.560059,5343.410156,0.13
05/06/2017,5337.109863,5343.790039,5250.680176,5299.709961,-0.82
12/06/2017,5282.580078,5314.959961,5176.669922,5263.310059,-0.69
19/06/2017,5305.220215,5339.549805,5224.049805,5266.120117,0.05
26/06/2017,5295.040039,5323.72998,5117.22998,5120.680176,-2.76
03/07/2017,5151.189941,5200.72998,5111.160156,5145.160156,0.48
10/07/2017,5160.700195,5259.470215,5135.950195,5235.310059,1.75
17/07/2017,5238.410156,5251.25,5095.120117,5117.660156,-2.25
24/07/2017,5133.680176,5218.560059,5094.359863,5131.390137,0.27
31/07/2017,5127.629883,5216.399902,5084.200195,5203.439941,1.40
07/08/2017,5210.72998,5231.649902,5046.75,5060.919922,-2.74
14/08/2017,5082.870117,5200.160156,5074.450195,5114.149902,1.05
21/08/2017,5091.310059,5149.080078,5066.189941,5104.330078,-0.19
28/08/2017,5076.470215,5138.419922,4995.069824,5123.259766,0.37
04/09/2017,5088.279785,5148.060059,5050.089844,5113.490234,-0.19
11/09/2017,5145.779785,5237.169922,5145.779785,5213.910156,1.96
18/09/2017,5231.990234,5295.930176,5219.709961,5281.290039,1.29
25/09/2017,5267.990234,5329.810059,5255.109863,5329.810059,0.92
02/10/2017,5332.919922,5381.740234,5326.660156,5359.899902,0.56
09/10/2017,5364.810059,5378.509766,5338.140137,5351.740234,-0.15
16/10/2017,5362.529785,5394.22998,5343,5372.379883,0.39
23/10/2017,5377.450195,5513.529785,5364.160156,5494.129883,2.27
30/10/2017,5488.330078,5536.399902,5486.240234,5517.970215,0.43
06/11/2017,5507.069824,5525.549805,5375.120117,5380.720215,-2.49
13/11/2017,5382.649902,5384.759766,5267.220215,5319.169922,-1.14
20/11/2017,5311.279785,5419.879883,5302.850098,5390.459961,1.34
27/11/2017,5378.959961,5441.689941,5299.060059,5316.890137,-1.36
04/12/2017,5363.290039,5425.75,5316.549805,5399.089844,1.55
11/12/2017,5411.709961,5429.029785,5330.100098,5349.299805,-0.92
18/12/2017,5386.399902,5427.870117,5323.540039,5364.720215,0.29
25/12/2017,5359.819824,5388.140137,5312.560059,5312.560059,-0.97
01/01/2018,5318.740234,5470.75,5258.660156,5470.75,2.98
08/01/2018,5483.470215,5529.299805,5478.919922,5517.060059,0.85
15/01/2018,5515.549805,5535.950195,5474.109863,5526.509766,0.17
22/01/2018,5520.209961,5567.029785,5456.049805,5529.149902,0.05
29/01/2018,5534.140137,5537.529785,5364.97998,5364.97998,-2.97
05/02/2018,5322.939941,5332.77002,5051.209961,5079.209961,-5.33
12/02/2018,5130.399902,5291.47998,5081.620117,5281.580078,3.98
19/02/2018,5295.330078,5322.350098,5249.850098,5317.370117,0.68
26/02/2018,5343.569824,5363.52002,5121.240234,5136.580078,-3.40
05/03/2018,5116.390137,5293.080078,5115.939941,5274.399902,2.68
12/03/2018,5298.220215,5311.660156,5224.310059,5282.75,0.16
19/03/2018,5263.390137,5265.439941,5059.669922,5095.220215,-3.55
26/03/2018,5106.339844,5194.97998,5038.120117,5167.299805,1.41
02/04/2018,5144.629883,5282.720215,5094.689941,5258.240234,1.76
09/04/2018,5271,5339.049805,5247.569824,5315.02002,1.08
16/04/2018,5322.410156,5425.790039,5298.939941,5412.830078,1.84
23/04/2018,5404.720215,5483.189941,5388.669922,5483.189941,1.30
30/04/2018,5477.439941,5538.72998,5474.47998,5516.049805,0.60
07/05/2018,5511.939941,5547.200195,5496.390137,5541.939941,0.47
14/05/2018,5539.049805,5643.149902,5524.439941,5614.509766,1.31
21/05/2018,5626.700195,5657.439941,5519.779785,5542.549805,-1.28
28/05/2018,5565.660156,5577.379883,5381.379883,5465.529785,-1.39
04/06/2018,5497.740234,5512.819824,5405.359863,5450.220215,-0.28
11/06/2018,5459.810059,5560.620117,5408.299805,5501.879883,0.95
18/06/2018,5487.700195,5491.839844,5302.089844,5387.379883,-2.08
25/06/2018,5350.959961,5371.580078,5246.410156,5323.529785,-1.19
02/07/2018,5264.399902,5393.459961,5242.640137,5375.77002,0.98
09/07/2018,5403.040039,5439.560059,5349.47998,5429.200195,0.99
16/07/2018,5429.430176,5459.720215,5342.299805,5398.319824,-0.57
23/07/2018,5382.859863,5514.399902,5358.819824,5511.759766,2.10
30/07/2018,5490.200195,5531.580078,5445.910156,5478.97998,-0.59
06/08/2018,5487.279785,5539.410156,5391.009766,5414.680176,-1.17
13/08/2018,5402.410156,5447.930176,5287.180176,5344.930176,-1.29
20/08/2018,5362.370117,5449.75,5356.319824,5432.5,1.64
27/08/2018,5455.399902,5506.759766,5403.160156,5406.850098,-0.47
03/09/2018,5400.700195,5428.220215,5226.310059,5252.220215,-2.86
10/09/2018,5250.759766,5366.339844,5240.040039,5352.569824,1.91
17/09/2018,5344.549805,5499.029785,5329.970215,5494.169922,2.65
24/09/2018,5480.640137,5546.799805,5458.209961,5493.490234,-0.01
01/10/2018,5494.930176,5519.939941,5354.790039,5359.359863,-2.44
08/10/2018,5339.490234,5349.310059,5095.740234,5095.97998,-4.91
15/10/2018,5095.120117,5205.379883,5057.450195,5084.660156,-0.22
22/10/2018,5130.290039,5135.689941,4896.799805,4967.370117,-2.31
29/10/2018,4958.509766,5162.180176,4929.939941,5102.129883,2.71
05/11/2018,5101.870117,5168.109863,5066.390137,5106.75,0.09
12/11/2018,5130.379883,5140.450195,4986.189941,5025.200195,-1.60
19/11/2018,5040.680176,5062.75,4894.299805,4946.950195,-1.56
26/11/2018,4982.540039,5036.810059,4958.709961,5003.919922,1.15
03/12/2018,5112.580078,5115.129883,4760.97998,4813.129883,-3.81
10/12/2018,4797.919922,4935.47998,4732.02002,4853.700195,0.84
17/12/2018,4840.120117,4847.5,4628.240234,4694.379883,-3.28
24/12/2018,4650.419922,4700.490234,4555.990234,4678.740234,-0.33
31/12/2018,4708.740234,4750.509766,4606.200195,4737.120117,1.25
07/01/2019,4757.009766,4843.47998,4690.220215,4781.339844,0.93
14/01/2019,4740.310059,4881.569824,4730.549805,4875.930176,1.98
21/01/2019,4865.790039,4931.799805,4820.140137,4925.819824,1.02
28/01/2019,4903.950195,5023.370117,4878.620117,5019.259766,1.90
04/02/2019,5014.310059,5083.890137,4946.140137,4961.640137,-1.15
11/02/2019,4988.089844,5164.580078,4986.299805,5153.189941,3.86
18/02/2019,5149.060059,5226.799805,5137.169922,5215.850098,1.22
25/02/2019,5228.25,5286.689941,5197.290039,5265.189941,0.95
04/03/2019,5291.129883,5314.970215,5221.029785,5231.220215,-0.65
11/03/2019,5253.490234,5421.509766,5230.160156,5405.319824,3.33
18/03/2019,5403.540039,5443.100098,5264.129883,5269.919922,-2.50
25/03/2019,5211.759766,5356.069824,5211.759766,5350.529785,1.53
01/04/2019,5394.5,5486,5376.180176,5476.200195,2.35
08/04/2019,5471.740234,5510.990234,5436.419922,5502.700195,0.48
15/04/2019,5501.509766,5601.379883,5497.529785,5580.379883,1.41
22/04/2019,5577.52002,5597.600098,5538.299805,5569.359863,-0.20
29/04/2019,5567.089844,5593.600098,5535.580078,5548.839844,-0.37
06/05/2019,5450.830078,5490.330078,5307.060059,5327.439941,-3.99
13/05/2019,5332.299805,5450.649902,5247.660156,5438.22998,2.08
20/05/2019,5425.299805,5438.600098,5272.779785,5316.509766,-2.24
27/05/2019,5341.390137,5364.220215,5160.910156,5207.629883,-2.05
03/06/2019,5171.609863,5389.950195,5152.299805,5364.049805,3.00
10/06/2019,5382.290039,5431.540039,5342.149902,5367.620117,0.07
17/06/2019,5370.759766,5582.240234,5368.069824,5528.330078,2.99
24/06/2019,5534.350098,5547.109863,5465.620117,5538.970215,0.19
01/07/2019,5584.129883,5629.790039,5556.759766,5593.720215,0.99
08/07/2019,5580.259766,5606.180176,5544.620117,5572.859863,-0.37
15/07/2019,5581.109863,5626.790039,5533.470215,5552.339844,-0.37
22/07/2019,5550.299805,5672.77002,5545.609863,5610.049805,1.04
29/07/2019,5598.649902,5624.339844,5350.759766,5359,-4.48
05/08/2019,5296.080078,5387.959961,5226.390137,5327.919922,-0.58
12/08/2019,5362.390137,5402.990234,5170.77002,5300.790039,-0.51
19/08/2019,5333.129883,5441.350098,5325.720215,5326.870117,0.49
26/08/2019,5310.160156,5504.009766,5300.990234,5480.47998,2.88
02/09/2019,5483.430176,5610.700195,5441.180176,5603.990234,2.25
09/09/2019,5606.359863,5672.069824,5555.509766,5655.459961,0.92
16/09/2019,5626.609863,5696.25,5587.740234,5690.779785,0.62
23/09/2019,5679.310059,5683.930176,5531.620117,5640.580078,-0.88
30/09/2019,5636.149902,5704.930176,5393.490234,5488.319824,-2.70
07/10/2019,5476.77002,5667.399902,5447.009766,5665.47998,3.23
14/10/2019,5646.330078,5737.149902,5600.109863,5636.25,-0.52
21/10/2019,5633.040039,5722.640137,5612.859863,5722.149902,1.52
28/10/2019,5720.72998,5778.290039,5711.100098,5761.890137,0.69
04/11/2019,5788.359863,5894.870117,5784.850098,5889.700195,2.22
11/11/2019,5873.740234,5947.620117,5871.709961,5939.27002,0.84
18/11/2019,5939.640137,5966.790039,5834.259766,5893.129883,-0.78
25/11/2019,5917.839844,5947.299805,5885.660156,5905.169922,0.20
02/12/2019,5910.120117,5947.680176,5697.060059,5871.910156,-0.56
09/12/2019,5865.72998,5972.169922,5776.669922,5919.02002,0.80
16/12/2019,5946.649902,6024.169922,5942.299805,6021.529785,1.73
23/12/2019,6013.560059,6065,6005.959961,6037.390137,0.26
30/12/2019,6028.959961,6062.919922,5958.25,6044.160156,0.11
06/01/2020,6001.209961,6071.660156,5955.25,6037.109863,-0.12
13/01/2020,6040.910156,6109.810059,5980.049805,6100.720215,1.05
20/01/2020,6092.970215,6094.089844,5961.870117,6024.259766,-1.25
27/01/2020,5924.060059,5969.72998,5799.040039,5806.339844,-3.62
03/02/2020,5822.040039,6050.939941,5804.140137,6029.75,3.85
10/02/2020,6008.47998,6104.72998,5993.910156,6069.350098,0.66
17/02/2020,6079.529785,6111.410156,5995.140137,6029.720215,-0.65
24/02/2020,5875.859863,5884.859863,5229.560059,5309.899902,-11.94
02/03/2020,5416.02002,5509.279785,5117.569824,5139.109863,-3.22
09/03/2020,4845.27002,4924.839844,4025.889893,4118.359863,-19.86
16/03/2020,3886.820068,4109.109863,3632.060059,4048.800049,-1.69
23/03/2020,3869.01001,4543.580078,3851.169922,4351.490234,7.48
30/03/2020,4362.089844,4468.52002,4142.279785,4154.580078,-4.53
06/04/2020,4298.5,4543.689941,4268.52002,4506.850098,8.48
