Date,Open,High,Low,Close,Change %
21/03/2005,0.64487,0.64558,0.6423,0.64309,-0.276024625
28/03/2005,0.64309,0.64599,0.64263,0.64362,0.082414592
04/04/2005,0.64375,0.64633,0.64292,0.64583,0.343370312
11/04/2005,0.64595,0.64645,0.64214,0.64495,-0.136258768
18/04/2005,0.64487,0.64965,0.64458,0.64813,0.493061478
25/04/2005,0.64813,0.65117,0.64717,0.64981,0.259207258
02/05/2005,0.64973,0.65015,0.64516,0.64608,-0.574013943
09/05/2005,0.6462,0.64834,0.64545,0.64671,0.097511144
16/05/2005,0.64675,0.64859,0.64499,0.64545,-0.194832305
23/05/2005,0.64545,0.64876,0.64508,0.64717,0.26648075
30/05/2005,0.64725,0.65325,0.64658,0.65249,0.822040577
06/06/2005,0.65249,0.65364,0.64952,0.65036,-0.326441785
13/06/2005,0.65045,0.651,0.64645,0.64805,-0.355187896
20/06/2005,0.64805,0.65015,0.64704,0.6488,0.115731811
27/06/2005,0.64901,0.64918,0.64305,0.64545,-0.516337855
04/07/2005,0.64629,0.64725,0.64255,0.64276,-0.416763498
11/07/2005,0.64247,0.64371,0.64057,0.64098,-0.276930736
18/07/2005,0.64066,0.64119,0.63849,0.6391,-0.293300883
25/07/2005,0.63902,0.64135,0.63828,0.6398,0.109529025
01/08/2005,0.64,0.64296,0.63943,0.6409,0.171928728
08/08/2005,0.64086,0.64466,0.64037,0.64441,0.547667343
15/08/2005,0.6445,0.64691,0.64383,0.64499,0.090004811
22/08/2005,0.64504,0.64838,0.64271,0.6465,0.234112157
29/08/2005,0.64679,0.65424,0.64425,0.64906,0.395978345
05/09/2005,0.6491,0.64918,0.64696,0.64809,-0.149446892
12/09/2005,0.64809,0.64821,0.64296,0.64466,-0.529247481
19/09/2005,0.64466,0.64562,0.64218,0.64251,-0.333509137
26/09/2005,0.64243,0.64367,0.64135,0.64309,0.090270969
03/10/2005,0.64305,0.64717,0.64259,0.64475,0.258128722
10/10/2005,0.64479,0.64666,0.64408,0.64475,0
17/10/2005,0.6447,0.64918,0.6423,0.64788,0.48545948
24/10/2005,0.64788,0.64838,0.64562,0.64725,-0.09724023
31/10/2005,0.64729,0.64863,0.64558,0.647,-0.038624952
07/11/2005,0.647,0.65091,0.64683,0.65024,0.500772798
14/11/2005,0.65007,0.65024,0.64533,0.64583,-0.678211122
21/11/2005,0.64583,0.64758,0.64437,0.64712,0.199742966
28/11/2005,0.64712,0.64842,0.64458,0.64771,0.091173198
05/12/2005,0.64763,0.65096,0.64687,0.6499,0.33811428
12/12/2005,0.64977,0.65053,0.64475,0.64516,-0.729342976
19/12/2005,0.64495,0.64549,0.64168,0.64296,-0.341000682
26/12/2005,0.64292,0.64354,0.63727,0.64263,-0.051325121
02/01/2006,0.64259,0.64876,0.64214,0.64788,0.816955324
09/01/2006,0.64788,0.64863,0.64487,0.64516,-0.419830833
16/01/2006,0.64504,0.64662,0.64334,0.64541,0.038750078
23/01/2006,0.64545,0.64654,0.64263,0.64379,-0.251003238
30/01/2006,0.64396,0.64429,0.64164,0.64259,-0.186396185
06/02/2006,0.64259,0.64416,0.63379,0.64276,0.026455438
13/02/2006,0.64259,0.64317,0.63918,0.63943,-0.518078287
20/02/2006,0.63935,0.64212,0.63865,0.63926,-0.026586178
27/02/2006,0.63926,0.64074,0.6378,0.64045,0.186152739
06/03/2006,0.6407,0.64158,0.63698,0.63715,-0.515262706
13/03/2006,0.63715,0.63967,0.63524,0.63601,-0.178921761
20/03/2006,0.63597,0.63694,0.63339,0.63412,-0.297165139
27/03/2006,0.63412,0.6367,0.63215,0.63275,-0.216047436
03/04/2006,0.63287,0.63593,0.63056,0.63512,0.374555512
10/04/2006,0.63516,0.63694,0.63343,0.63589,0.121236932
17/04/2006,0.63593,0.63943,0.63444,0.63549,-0.062903961
24/04/2006,0.63545,0.63971,0.63183,0.6391,0.568065587
01/05/2006,0.63918,0.64189,0.63853,0.64078,0.26286966
08/05/2006,0.64082,0.6465,0.63996,0.64654,0.89890446
15/05/2006,0.64654,0.64683,0.64226,0.64367,-0.443901383
22/05/2006,0.6435,0.64622,0.63971,0.64012,-0.55152485
29/05/2006,0.64016,0.64222,0.63873,0.64107,0.148409673
05/06/2006,0.64107,0.64284,0.63939,0.64226,0.185627155
12/06/2006,0.64218,0.64508,0.64168,0.64259,0.051381061
19/06/2006,0.64251,0.64276,0.63902,0.63975,-0.441961437
26/06/2006,0.64,0.64049,0.63763,0.63906,-0.107854631
03/07/2006,0.63918,0.63922,0.63646,0.6382,-0.134572654
10/07/2006,0.6382,0.64103,0.63731,0.6407,0.391726731
17/07/2006,0.64082,0.64127,0.63589,0.63674,-0.618073982
24/07/2006,0.63674,0.63698,0.63323,0.63565,-0.171184471
31/07/2006,0.63569,0.63688,0.63331,0.63536,-0.045622591
07/08/2006,0.63532,0.63633,0.63195,0.63335,-0.316356082
14/08/2006,0.63331,0.63428,0.63171,0.63211,-0.195784321
21/08/2006,0.63211,0.63416,0.63191,0.63227,0.02531205
28/08/2006,0.63231,0.63512,0.63187,0.63311,0.132854635
04/09/2006,0.63319,0.63323,0.63088,0.63219,-0.1453144
11/09/2006,0.63227,0.63335,0.62617,0.62909,-0.490358911
18/09/2006,0.62909,0.63311,0.62716,0.63255,0.550000795
25/09/2006,0.63247,0.63438,0.62901,0.63084,-0.270334361
02/10/2006,0.63072,0.63171,0.62834,0.62949,-0.21400038
09/10/2006,0.62952,0.6302,0.62649,0.62763,-0.295477291
16/10/2006,0.62763,0.63032,0.62735,0.62956,0.307506015
23/10/2006,0.6296,0.62988,0.62708,0.62909,-0.074655315
30/10/2006,0.62901,0.63044,0.62653,0.62735,-0.276589995
06/11/2006,0.62731,0.62816,0.62566,0.62802,0.106798438
13/11/2006,0.62806,0.62838,0.62465,0.62664,-0.219738225
20/11/2006,0.62661,0.63237,0.62602,0.63135,0.751627729
27/11/2006,0.63139,0.63159,0.62771,0.62854,-0.445078007
04/12/2006,0.62873,0.6302,0.62723,0.62893,0.062048557
11/12/2006,0.62893,0.62933,0.62508,0.62578,-0.500850651
18/12/2006,0.62586,0.62602,0.6229,0.62414,-0.262072933
25/12/2006,0.62414,0.62582,0.62089,0.62112,-0.483865799
01/01/2007,0.62147,0.62305,0.61835,0.62212,0.160999485
08/01/2007,0.62212,0.62247,0.61839,0.62,-0.340770269
15/01/2007,0.61992,0.62046,0.61713,0.61782,-0.351612903
22/01/2007,0.61789,0.61992,0.61554,0.61755,-0.043702049
29/01/2007,0.61759,0.61862,0.61497,0.61816,0.098777427
05/02/2007,0.61814,0.62154,0.61448,0.61573,-0.393102109
12/02/2007,0.61584,0.61744,0.61391,0.61671,0.159160671
19/02/2007,0.61675,0.61702,0.61395,0.61622,-0.079453876
26/02/2007,0.61618,0.62367,0.61573,0.62367,1.208983804
05/03/2007,0.62371,0.62755,0.61629,0.61757,-0.978081357
12/03/2007,0.6177,0.62367,0.61732,0.62267,0.825817316
19/03/2007,0.62255,0.62267,0.61671,0.61732,-0.859203109
26/03/2007,0.6174,0.61908,0.61474,0.6161,-0.197628458
02/04/2007,0.61614,0.61675,0.61065,0.61151,-0.745008927
09/04/2007,0.61151,0.61211,0.60728,0.60731,-0.686824418
16/04/2007,0.60731,0.61256,0.60328,0.60927,0.322734682
23/04/2007,0.60864,0.61084,0.60683,0.60872,-0.090271965
30/04/2007,0.60879,0.60879,0.60474,0.60742,-0.213562886
07/05/2007,0.60746,0.60901,0.60573,0.60658,-0.138289816
14/05/2007,0.6065,0.60661,0.60194,0.60201,-0.753404332
21/05/2007,0.60197,0.6068,0.60194,0.60588,0.642846464
28/05/2007,0.60588,0.60798,0.60438,0.60481,-0.176602628
04/06/2007,0.60485,0.60894,0.60416,0.60555,0.122352474
11/06/2007,0.60547,0.60621,0.60132,0.60158,-0.655602345
18/06/2007,0.60154,0.60445,0.59977,0.60438,0.465441005
25/06/2007,0.60438,0.60621,0.60325,0.60463,0.041364704
02/07/2007,0.60459,0.60735,0.60187,0.60241,-0.367166697
09/07/2007,0.60241,0.60514,0.60208,0.60335,0.156039906
16/07/2007,0.60339,0.60496,0.60118,0.60176,-0.263528632
23/07/2007,0.60176,0.60809,0.59934,0.60713,0.892382345
30/07/2007,0.60705,0.61136,0.60489,0.61091,0.62260142
06/08/2007,0.61076,0.61293,0.60536,0.60931,-0.261904372
13/08/2007,0.60931,0.61763,0.60809,0.61444,0.84193596
20/08/2007,0.61448,0.61687,0.60831,0.60872,-0.930928976
27/08/2007,0.60872,0.61275,0.60665,0.6075,-0.200420555
03/09/2007,0.60746,0.61207,0.60613,0.61207,0.752263374
10/09/2007,0.6108,0.61102,0.60555,0.60643,-0.921463231
17/09/2007,0.60643,0.60835,0.60118,0.60547,-0.158303514
24/09/2007,0.60547,0.60709,0.60143,0.60255,-0.482269972
01/10/2007,0.60255,0.60263,0.59948,0.6006,-0.323624595
08/10/2007,0.60053,0.60093,0.59428,0.59563,-0.827505828
15/10/2007,0.59577,0.60107,0.59495,0.6002,0.767254839
22/10/2007,0.60013,0.601,0.59552,0.59698,-0.536487837
29/10/2007,0.59694,0.5997,0.59492,0.5983,0.221112935
05/11/2007,0.5983,0.6079,0.59769,0.60761,1.556075547
12/11/2007,0.60731,0.61147,0.60635,0.61005,0.401573378
19/11/2007,0.61005,0.65764,0.57907,0.61072,0.109827063
26/11/2007,0.61278,0.61282,0.585,0.60394,-1.110165051
03/12/2007,0.60394,0.60757,0.60335,0.60492,0.162267775
10/12/2007,0.60492,0.60496,0.59823,0.60049,-0.732328242
17/12/2007,0.6006,0.6047,0.60053,0.6019,0.23480824
24/12/2007,0.60176,0.61687,0.5973,0.60259,0.114636983
31/12/2007,0.60281,0.61244,0.60281,0.61229,1.60971805
07/01/2008,0.61214,0.61523,0.6079,0.61399,0.277646213
14/01/2008,0.61414,0.62301,0.61308,0.62208,1.317611036
21/01/2008,0.62216,0.63155,0.61943,0.62158,-0.080375514
28/01/2008,0.62162,0.6243,0.61828,0.62062,-0.154445124
04/02/2008,0.62077,0.62625,0.61679,0.62449,0.623569978
11/02/2008,0.62441,0.627,0.61797,0.62309,-0.224182933
18/02/2008,0.62309,0.62321,0.6161,0.62085,-0.359498628
25/02/2008,0.62089,0.63666,0.61824,0.6365,2.520737698
03/03/2008,0.63642,0.63776,0.63056,0.63658,0.012568735
10/03/2008,0.63666,0.64338,0.6298,0.64193,0.84042854
17/03/2008,0.6421,0.6513,0.63682,0.64103,-0.140202203
24/03/2008,0.64123,0.64123,0.63387,0.63646,-0.712915152
31/03/2008,0.63617,0.63824,0.62976,0.63195,-0.708606982
07/04/2008,0.63191,0.63585,0.62668,0.63223,0.044307303
14/04/2008,0.63223,0.6342,0.61881,0.62136,-1.71931101
21/04/2008,0.62128,0.62434,0.61538,0.61839,-0.477983778
28/04/2008,0.61848,0.62071,0.61248,0.61384,-0.735781626
05/05/2008,0.61391,0.62224,0.6117,0.62059,1.099635084
12/05/2008,0.62046,0.62086,0.61091,0.61238,-1.322934627
19/05/2008,0.61244,0.61989,0.61065,0.61866,1.025507038
26/05/2008,0.61865,0.619,0.61343,0.61614,-0.407331976
02/06/2008,0.61645,0.62344,0.61622,0.62265,1.05657805
09/06/2008,0.62267,0.6238,0.61897,0.62047,-0.350116438
16/06/2008,0.6205,0.62206,0.61655,0.61813,-0.377133463
23/06/2008,0.61808,0.62312,0.61535,0.6217,0.577548412
30/06/2008,0.6217,0.6236,0.61915,0.62116,-0.086858613
07/07/2008,0.62131,0.62189,0.61546,0.61652,-0.746989504
14/07/2008,0.61658,0.62496,0.61573,0.61722,0.113540518
21/07/2008,0.61722,0.61862,0.61317,0.61406,-0.51197304
28/07/2008,0.61413,0.61507,0.61095,0.61211,-0.317558545
04/08/2008,null,null,null,0.6153,0.52114816
11/08/2008,null,null,null,0.6206,0.861368438
18/08/2008,null,null,null,0.6146,-0.966806316
25/08/2008,0.61854,0.62089,0.61805,0.61957,0.808656036
01/09/2008,0.61961,0.63211,0.61862,0.6229,0.537469535
08/09/2008,0.62299,0.63115,0.62131,0.62457,0.268100819
15/09/2008,0.62455,0.63456,0.62282,0.62655,0.317018108
22/09/2008,0.62659,0.63159,0.62402,0.62937,0.450083792
29/09/2008,0.62929,0.645,0.62806,0.64534,2.537458093
06/10/2008,0.64561,0.66287,0.64057,0.65091,0.863110918
13/10/2008,0.65092,0.66007,0.64267,0.65637,0.838825644
20/10/2008,0.65634,0.6932,0.65135,0.68087,3.732650791
27/10/2008,0.6799,0.69803,0.67087,0.67736,-0.515516912
03/11/2008,0.67723,0.67795,0.65916,0.66331,-2.074229361
10/11/2008,0.66339,0.67912,0.65755,0.66573,0.364836954
17/11/2008,0.6656,0.6664,0.64842,0.6488,-2.543073018
24/11/2008,0.64867,0.65154,0.64391,0.64956,0.117139334
01/12/2008,0.65058,0.65911,0.643,0.64437,-0.799002402
08/12/2008,0.64462,0.64462,0.63223,0.63416,-1.584493381
15/12/2008,0.6346,0.6535,0.62964,0.64859,2.27545099
22/12/2008,0.6483,0.66612,0.6483,0.66498,2.527020151
29/12/2008,0.66511,0.67728,0.66414,0.66918,0.631597943
05/01/2009,0.66872,0.66961,0.66033,0.66845,-0.109088735
12/01/2009,0.66836,0.6818,0.66529,0.67015,0.254319695
19/01/2009,0.67011,0.67813,0.66225,0.66734,-0.41930911
26/01/2009,0.66751,0.67426,0.65841,0.67426,1.036952678
02/02/2009,0.67425,0.71378,0.66316,0.66482,-1.400053392
09/02/2009,0.66467,0.67236,0.66002,0.67177,1.045395746
16/02/2009,0.67218,0.68013,0.6672,0.67412,0.349822112
23/02/2009,0.67431,0.677,0.66979,0.67653,0.357503115
02/03/2009,0.67678,0.68526,0.67304,0.68138,0.71689356
09/03/2009,0.68148,0.68517,0.64952,0.65261,-4.22231354
16/03/2009,0.65264,0.65625,0.64745,0.65175,-0.131778551
23/03/2009,0.6518,0.65902,0.65041,0.65772,0.915995397
30/03/2009,0.65789,0.66363,0.65413,0.65488,-0.431794685
06/04/2009,0.65501,0.66133,0.65402,0.65638,0.229049597
13/04/2009,0.65633,0.66304,0.65595,0.65742,0.158444803
20/04/2009,0.65741,0.66494,0.65733,0.66463,1.096711387
27/04/2009,0.66467,0.66582,0.66103,0.66295,-0.252772219
04/05/2009,0.66238,0.66398,0.65898,0.66385,0.135756844
11/05/2009,0.66369,0.66615,0.66028,0.6605,-0.50463207
18/05/2009,0.66055,0.66238,0.65638,0.6578,-0.408781226
25/05/2009,0.65772,0.6641,0.65738,0.66279,0.758589237
01/06/2009,0.66287,0.66291,0.65634,0.65872,-0.614070822
08/06/2009,0.65873,0.66276,0.65729,0.66194,0.488826816
15/06/2009,0.66211,0.66619,0.66011,0.6637,0.265885126
22/06/2009,0.66375,0.66603,0.65024,0.65591,-1.173723068
29/06/2009,0.65587,0.65885,0.65435,0.65837,0.375051455
06/07/2009,0.65838,0.66171,0.65742,0.66041,0.30985616
13/07/2009,0.66035,0.6612,0.65687,0.65798,-0.367953241
20/07/2009,0.65785,0.65982,0.6563,0.65638,-0.243168485
27/07/2009,0.65605,0.65656,0.65274,0.65587,-0.077698894
03/08/2009,0.65471,0.65496,0.65113,0.65121,-0.710506655
10/08/2009,0.65153,0.65643,0.65151,0.6563,0.781621904
17/08/2009,0.65854,0.65988,0.65746,0.65916,0.435776322
24/08/2009,0.65876,0.65982,0.65699,0.65972,0.084956611
31/08/2009,0.65863,0.66076,0.65863,0.659,-0.10913721
07/09/2009,0.65803,0.66121,0.65789,0.6612,0.33383915
14/09/2009,0.66103,0.66133,0.6585,0.66041,-0.119479734
21/09/2009,0.65989,0.66287,0.65967,0.66237,0.29678533
28/09/2009,0.66225,0.66295,0.6592,0.66212,-0.037743255
05/10/2009,0.6612,0.66154,0.65807,0.65815,-0.599589198
12/10/2009,0.65916,0.66024,0.65872,0.65923,0.164096331
19/10/2009,0.66059,0.66234,0.66024,0.66094,0.259393535
26/10/2009,0.66094,0.66284,0.65946,0.6623,0.205767543
02/11/2009,0.66238,0.66397,0.66094,0.66167,-0.095123056
09/11/2009,0.66159,0.66269,0.66111,0.66247,0.120906192
16/11/2009,0.66247,0.66292,0.66015,0.66103,-0.217368334
23/11/2009,0.66111,0.66604,0.66059,0.66301,0.299532548
30/11/2009,0.66301,0.66415,0.66159,0.66178,-0.185517564
07/12/2009,0.66211,0.6624,0.66059,0.66118,-0.090664571
14/12/2009,0.66104,0.67137,0.66041,0.67065,1.432287728
21/12/2009,0.67065,0.67219,0.66706,0.67091,0.038768359
28/12/2009,0.67075,0.67472,0.67024,0.67422,0.493359765
04/01/2010,0.67404,0.67815,0.67158,0.67751,0.487971285
11/01/2010,0.67747,0.67907,0.67513,0.67769,0.026567874
18/01/2010,0.67769,0.68131,0.67651,0.67843,0.109194469
25/01/2010,0.67838,0.68325,0.67774,0.67962,0.175404979
01/02/2010,0.67953,0.68584,0.67545,0.68138,0.258968247
08/02/2010,0.68109,0.68315,0.68036,0.6823,0.135020106
15/02/2010,0.68218,0.68299,0.6805,0.68262,0.046900191
22/02/2010,0.68226,0.68376,0.68105,0.68311,0.071782251
01/03/2010,0.68311,0.68376,0.68255,0.6833,0.027813968
08/03/2010,0.68327,0.68662,0.68269,0.68606,0.403922143
15/03/2010,0.68606,0.69818,0.68573,0.6971,1.609188701
22/03/2010,0.69726,0.7025,0.69578,0.69908,0.284033855
29/03/2010,0.6991,0.70661,0.6954,0.69823,-0.121588373
05/04/2010,0.69832,0.69842,0.69286,0.69294,-0.757630007
12/04/2010,0.69292,0.69806,0.69118,0.69789,0.714347563
19/04/2010,0.69795,0.69808,0.69623,0.6973,-0.084540544
26/04/2010,0.69731,0.69804,0.69594,0.6973,0
03/05/2010,0.69733,0.71391,0.697,0.70333,0.86476409
10/05/2010,0.70387,0.714,0.69769,0.71386,1.497163494
17/05/2010,0.71383,0.71408,0.68546,0.69297,-2.926344101
24/05/2010,0.69305,0.70862,0.69225,0.70323,1.480583575
31/05/2010,0.70294,0.72074,0.70146,0.7201,2.398930649
07/06/2010,0.7199,0.72742,0.71705,0.71839,-0.237467018
14/06/2010,0.71834,0.73115,0.71257,0.72917,1.500577681
21/06/2010,0.72877,0.74228,0.72653,0.73908,1.359079501
28/06/2010,0.73914,0.76261,0.73866,0.74839,1.25967419
05/07/2010,0.74839,0.75401,0.74527,0.74928,0.118921952
12/07/2010,0.74929,0.75154,0.73411,0.73834,-1.460068332
19/07/2010,0.73839,0.74939,0.73099,0.73601,-0.315572771
26/07/2010,0.73598,0.74001,0.72368,0.73582,-0.025814867
02/08/2010,0.73548,0.73561,0.72056,0.72506,-1.462314153
09/08/2010,0.72505,0.74477,0.71813,0.74228,2.374975864
16/08/2010,0.74533,0.7608,0.74322,0.75597,1.844317508
23/08/2010,0.75983,0.77071,0.75815,0.76817,1.613820654
30/08/2010,0.762,0.77705,0.75959,0.7697,0.199174662
06/09/2010,0.76289,0.78296,0.76104,0.77592,0.808107055
13/09/2010,0.77095,0.77664,0.74671,0.7529,-2.966800701
20/09/2010,0.75936,0.7647,0.75328,0.76163,1.159516536
27/09/2010,0.75324,0.75923,0.74239,0.74605,-2.045612699
04/10/2010,0.74343,0.75385,0.74106,0.74327,-0.37262918
11/10/2010,0.74377,0.75371,0.74182,0.74535,0.279844471
18/10/2010,0.74705,0.75117,0.73378,0.74228,-0.411887033
25/10/2010,0.73384,0.73813,0.72939,0.73303,-1.246160479
01/11/2010,0.72897,0.74344,0.72254,0.73346,0.058660628
08/11/2010,0.73948,0.7554,0.73907,0.75182,2.503203992
15/11/2010,0.74577,0.74811,0.73099,0.73543,-2.180043095
22/11/2010,0.73314,0.75534,0.73206,0.74936,1.894129965
29/11/2010,0.75264,0.77111,0.75221,0.7622,1.713462154
06/12/2010,0.76443,0.77157,0.76225,0.76817,0.783258987
13/12/2010,0.77135,0.78597,0.76876,0.78296,1.925355065
20/12/2010,0.78302,0.80239,0.78247,0.79554,1.606723204
27/12/2010,0.79319,0.80593,0.7875,0.80435,1.107423888
03/01/2011,0.80263,0.8053,0.78584,0.79745,-0.857835519
10/01/2011,0.80186,0.80405,0.77225,0.7767,-2.602044015
17/01/2011,0.77523,0.78264,0.7652,0.76781,-1.144586069
24/01/2011,0.76602,0.77941,0.76505,0.77006,0.293041247
31/01/2011,0.78204,0.78241,0.76704,0.77537,0.689556658
07/02/2011,0.77172,0.77299,0.75809,0.75866,-2.155100146
14/02/2011,0.75962,0.77541,0.75729,0.77292,1.879629874
21/02/2011,0.7724,0.78678,0.77052,0.78217,1.196760337
28/02/2011,0.78419,0.78567,0.76805,0.7685,-1.747701906
07/03/2011,0.77201,0.77952,0.76681,0.77744,1.16330514
14/03/2011,0.77296,0.79973,0.77093,0.79223,1.902397613
21/03/2011,0.78088,0.78494,0.7719,0.77671,-1.95902705
28/03/2011,0.77292,0.7758,0.75972,0.76806,-1.113671769
04/04/2011,0.75953,0.76579,0.75541,0.76307,-0.649688826
11/04/2011,0.76046,0.77824,0.75942,0.77256,1.243660477
18/04/2011,0.77717,0.78543,0.77075,0.77525,0.348193021
25/04/2011,0.77548,0.78236,0.77101,0.77166,-0.463076427
02/05/2011,0.78036,0.79064,0.7758,0.79,2.376694399
09/05/2011,0.79335,0.80077,0.78753,0.794,0.506329114
16/05/2011,0.79532,0.806,0.79081,0.79244,-0.196473552
23/05/2011,0.8071,0.82271,0.80199,0.81721,3.125788703
30/05/2011,0.8225,0.82823,0.81175,0.81883,0.19823546
06/06/2011,0.81786,0.82754,0.81235,0.819,0.02076133
13/06/2011,0.82816,0.83682,0.81653,0.82992,1.333333333
20/06/2011,0.82433,0.84392,0.82305,0.83612,0.747059958
27/06/2011,0.84509,0.84604,0.81156,0.81983,-1.948284935
04/07/2011,0.81103,0.83956,0.80991,0.82396,0.503762975
11/07/2011,0.84111,0.86896,0.83864,0.86624,5.131317054
18/07/2011,0.87314,0.8765,0.84104,0.84839,-2.060629849
25/07/2011,0.85455,0.88441,0.85346,0.87041,2.595504426
01/08/2011,0.87986,0.93198,0.8726,0.92807,6.624464333
08/08/2011,0.91755,0.97489,0.90586,0.92242,-0.608790285
15/08/2011,0.89461,0.89513,0.86535,0.87889,-4.719108432
22/08/2011,0.88339,0.88745,0.85565,0.87627,-0.298103289
29/08/2011,0.8535,0.90794,0.83589,0.88138,0.583153594
05/09/2011,0.89302,0.90742,0.82076,0.82248,-6.682702126
12/09/2011,0.82848,0.83155,0.82712,0.82795,0.665061764
19/09/2011,0.82891,0.82988,0.81002,0.81703,-1.318920225
26/09/2011,0.81672,0.82387,0.81602,0.82001,0.364735689
03/10/2011,0.82284,0.82442,0.80606,0.80917,-1.321935098
10/10/2011,0.80626,0.81254,0.80414,0.80911,-0.007415005
17/10/2011,0.80762,0.81889,0.80205,0.81169,0.318868881
24/10/2011,0.81704,0.82206,0.81255,0.81967,0.983133955
31/10/2011,0.81976,0.82428,0.81633,0.82385,0.509961326
07/11/2011,0.81413,0.81513,0.80257,0.81103,-1.556108515
14/11/2011,0.80598,0.81106,0.80386,0.80593,-0.628830006
21/11/2011,0.80613,0.81615,0.80535,0.8147,1.088183837
28/11/2011,0.80961,0.81739,0.80775,0.8109,-0.466429361
05/12/2011,0.80959,0.81181,0.80354,0.80932,-0.194845234
12/12/2011,0.80769,0.81903,0.80657,0.81662,0.901991796
19/12/2011,0.819,0.82194,0.81678,0.8186,0.242462835
26/12/2011,0.81759,0.82352,0.81679,0.82245,0.470315172
02/01/2012,0.82256,0.82358,0.8194,0.82264,0.023101708
09/01/2012,0.82277,0.83326,0.82169,0.82816,0.671010406
16/01/2012,0.82853,0.83153,0.82495,0.82803,-0.01569745
23/01/2012,0.82808,0.83465,0.82576,0.82891,0.106276343
30/01/2012,0.82878,0.83085,0.82366,0.8286,-0.037398511
06/02/2012,0.82864,0.83542,0.82352,0.82637,-0.269128651
13/02/2012,0.82639,0.83126,0.82379,0.82645,0.009680894
20/02/2012,0.82653,0.83904,0.82617,0.83004,0.434388045
27/02/2012,0.83006,0.83029,0.82699,0.82887,-0.140957062
05/03/2012,0.82898,0.82988,0.8285,0.82898,0.01327108
12/03/2012,0.82898,0.8296,0.82311,0.82857,-0.049458371
19/03/2012,0.82864,0.83001,0.82781,0.82974,0.14120714
26/03/2012,0.82961,0.83078,0.82843,0.83015,0.049413069
02/04/2012,0.83048,0.83319,0.82988,0.83239,0.269830753
09/04/2012,0.8322,0.8326,0.83056,0.83139,-0.120135994
16/04/2012,0.83146,0.83243,0.83077,0.83195,0.067357077
23/04/2012,0.83209,0.83264,0.83126,0.83215,0.024039906
30/04/2012,0.8324,0.8327,0.83091,0.83236,0.025235835
07/05/2012,0.83246,0.83268,0.83119,0.83229,-0.008409823
14/05/2012,0.83231,0.83278,0.83186,0.83234,0.006007521
21/05/2012,0.83242,0.8328,0.82802,0.83126,-0.129754668
28/05/2012,0.832,0.83279,0.83099,0.83236,0.132329235
04/06/2012,0.83236,0.83285,0.83119,0.83217,-0.022826662
11/06/2012,0.83242,0.83282,0.83126,0.83222,0.006008388
18/06/2012,0.8323,0.83292,0.83132,0.83249,0.032443344
25/06/2012,0.83248,0.8328,0.83056,0.83217,-0.0384389
02/07/2012,0.83195,0.83278,0.83119,0.83236,0.022831873
09/07/2012,0.83243,0.83306,0.83139,0.8325,0.016819645
16/07/2012,0.8325,0.83274,0.83132,0.83256,0.007207207
23/07/2012,0.83258,0.83333,0.83181,0.83251,-0.006005573
30/07/2012,0.83254,0.83272,0.83056,0.832,-0.061260525
06/08/2012,0.83221,0.83292,0.83153,0.83257,0.068509615
13/08/2012,0.8326,0.83271,0.83126,0.83241,-0.019217603
20/08/2012,0.83236,0.83292,0.83132,0.83245,0.004805324
27/08/2012,0.8325,0.83285,0.83132,0.83257,0.01441528
03/09/2012,0.83262,0.83278,0.82237,0.82679,-0.69423592
10/09/2012,0.82649,0.8303,0.82048,0.82268,-0.497103255
17/09/2012,0.823,0.82766,0.82054,0.82584,0.384110468
24/09/2012,0.8263,0.82771,0.82534,0.8274,0.188898576
01/10/2012,0.8274,0.82753,0.82346,0.82504,-0.285230844
08/10/2012,0.82522,0.82805,0.82298,0.82697,0.233928052
15/10/2012,0.8268,0.82775,0.82508,0.82706,0.010883103
22/10/2012,0.82727,0.82727,0.8251,0.82679,-0.032645757
29/10/2012,0.82665,0.83008,0.82645,0.82829,0.181424546
05/11/2012,0.82827,0.82961,0.82692,0.82914,0.102621063
12/11/2012,0.82912,0.83087,0.828686,0.82977,0.075982343
19/11/2012,0.82979,0.83077,0.82871,0.83052,0.090386493
26/11/2012,0.83052,0.83119,0.82898,0.8295,-0.122814622
03/12/2012,0.8296,0.82971,0.82169,0.82788,-0.195298373
10/12/2012,0.82786,0.82891,0.82433,0.82697,-0.109919312
17/12/2012,0.82694,0.82891,0.82623,0.82781,0.101575632
24/12/2012,0.82795,0.82871,0.82645,0.82809,0.033824187
31/12/2012,0.82812,0.82845,0.825812,0.82725,-0.101438249
07/01/2013,0.82735,0.82747,0.81833,0.81861,-1.044424297
14/01/2013,0.8188,0.81928,0.7957,0.80382,-1.806721149
21/01/2013,0.80368,0.81065,0.79942,0.80051,-0.411783733
28/01/2013,0.80104,0.81241,0.79899,0.80644,0.740777754
04/02/2013,0.80661,0.81566,0.80645,0.81526,1.093695749
11/02/2013,0.81533,0.81555,0.8071,0.81189,-0.413365061
18/02/2013,0.81195,0.81566,0.80891,0.81453,0.325167202
25/02/2013,0.81444,0.82462,0.81103,0.81545,0.112948572
04/03/2013,0.81526,0.81653,0.806856,0.80829,-0.878042798
11/03/2013,0.80833,0.82113,0.807748,0.82014,1.466057974
18/03/2013,0.82051,0.82163,0.81189,0.81801,-0.259711757
25/03/2013,0.81806,0.8221,0.81599,0.82163,0.442537377
01/04/2013,0.82168,0.82431,0.82034,0.82412,0.30305612
08/04/2013,0.82406,0.82413,0.81867,0.8223,-0.220841625
15/04/2013,0.82223,0.82366,0.81994,0.82053,-0.215249909
22/04/2013,0.82028,0.82088,0.80965,0.81413,-0.779983669
29/04/2013,0.8138,0.81969,0.81235,0.81484,0.087209659
06/05/2013,0.81462,0.81586,0.80244,0.80427,-1.297187178
13/05/2013,0.80427,0.80723,0.79504,0.80198,-0.284730252
20/05/2013,0.80291,0.80502,0.79067,0.80341,0.178308686
27/05/2013,0.8037,0.80747,0.79523,0.80354,0.016181028
03/06/2013,0.80396,0.81482,0.80064,0.80794,0.547576972
10/06/2013,0.80781,0.818,0.80515,0.81256,0.57182464
17/06/2013,0.81255,0.81668,0.80885,0.81524,0.329821798
24/06/2013,0.81481,0.81826,0.80867,0.81296,-0.279672244
01/07/2013,0.81287,0.81336,0.80684,0.8073,-0.696221216
08/07/2013,0.80736,0.80953,0.80192,0.80847,0.144927536
15/07/2013,0.80856,0.8111,0.8058,0.80846,-0.001236904
22/07/2013,0.80885,0.81193,0.8058,0.81098,0.311703733
29/07/2013,0.81086,0.81263,0.80626,0.81055,-0.053022269
05/08/2013,0.8105,0.81471,0.80906,0.81274,0.27018691
12/08/2013,0.81288,0.81312,0.80386,0.80912,-0.445406895
19/08/2013,0.809,0.81373,0.80827,0.81102,0.234823018
26/08/2013,0.8109,0.81434,0.80906,0.81228,0.155359917
02/09/2013,0.81189,0.81237,0.806,0.8086,-0.453045748
09/09/2013,0.80834,0.81054,0.80515,0.80881,0.025970814
16/09/2013,0.80898,0.81235,0.806932,0.81179,0.368442527
23/09/2013,0.81116,0.81826,0.81037,0.81813,0.780990158
30/09/2013,0.81839,0.8186,0.81235,0.81375,-0.53536724
07/10/2013,0.81387,0.81619,0.80952,0.81058,-0.389554531
14/10/2013,0.81045,0.8121,0.80775,0.80994,-0.078955809
21/10/2013,0.81004,0.81403,0.80841,0.81116,0.150628442
28/10/2013,0.81131,0.81307,0.80775,0.81208,0.113417821
04/11/2013,0.81208,0.81372,0.81037,0.81156,-0.0640331
11/11/2013,0.81163,0.81195,0.80867,0.81003,-0.188525802
18/11/2013,0.81004,0.81393,0.80567,0.81347,0.424675629
25/11/2013,0.81344,0.81367,0.81086,0.81212,-0.165955721
02/12/2013,0.81189,0.818,0.81103,0.81745,0.65630695
09/12/2013,0.81747,0.81954,0.81633,0.81793,0.058719188
16/12/2013,0.81757,0.82089,0.81433,0.81633,-0.195615762
23/12/2013,0.81627,0.81745,0.81427,0.81568,-0.079624662
30/12/2013,0.81563,0.81653,0.81103,0.81254,-0.384954884
06/01/2014,0.81242,0.81307,0.80679,0.81076,-0.219066138
13/01/2014,0.81064,0.81344,0.80794,0.81083,0.008633874
20/01/2014,0.8109,0.81779,0.80775,0.81745,0.816447344
27/01/2014,0.81724,0.8188,0.81301,0.81778,0.040369442
03/02/2014,0.81759,0.82043,0.81599,0.81686,-0.112499694
10/02/2014,0.81679,0.81913,0.81559,0.81833,0.179957398
17/02/2014,0.81847,0.82044,0.81693,0.82001,0.205296152
24/02/2014,0.82014,0.82608,0.81833,0.8251,0.620724138
03/03/2014,0.82508,0.82535,0.81833,0.82083,-0.517513029
10/03/2014,0.82071,0.82484,0.81967,0.82409,0.397158973
17/03/2014,0.82392,0.82413,0.81943,0.82146,-0.3191399
24/03/2014,0.82136,0.82142,0.81699,0.8196,-0.226426119
31/03/2014,0.81976,0.82141,0.81606,0.81824,-0.165934602
07/04/2014,0.81833,0.82317,0.81766,0.82298,0.579292139
14/04/2014,0.82341,0.82348,0.81821,0.81954,-0.417993147
21/04/2014,0.81954,0.82055,0.81766,0.82001,0.057349245
28/04/2014,0.82001,0.82152,0.81833,0.82111,0.134144706
05/05/2014,0.82114,0.82208,0.8194,0.81958,-0.186333134
12/05/2014,0.81941,0.82025,0.81755,0.81806,-0.185460846
19/05/2014,0.81802,0.81934,0.81699,0.81913,0.130797252
26/05/2014,0.81909,0.81996,0.81699,0.81922,0.010987267
02/06/2014,0.81921,0.82196,0.81766,0.82008,0.104977906
09/06/2014,0.82028,0.82194,0.819,0.82055,0.057311482
16/06/2014,0.82043,0.82273,0.81967,0.82151,0.116994699
23/06/2014,0.82138,0.82296,0.82034,0.82242,0.110771628
30/06/2014,0.82237,0.82406,0.82169,0.82242,0
07/07/2014,0.82229,0.82393,0.82169,0.82365,0.14955862
14/07/2014,0.82364,0.82395,0.822111,0.82292,-0.088629879
21/07/2014,0.82294,0.82353,0.822295,0.82284,-0.00972148
28/07/2014,0.82288,0.82329,0.82102,0.82205,-0.096008945
04/08/2014,0.82176,0.82495,0.820937,0.82344,0.169089471
11/08/2014,0.82341,0.82721,0.82305,0.82624,0.340036918
18/08/2014,0.82651,0.827136,0.82508,0.82634,0.012103021
25/08/2014,0.82647,0.82971,0.82638,0.82857,0.269864705
01/09/2014,0.82878,0.830375,0.82708,0.82904,0.056724236
08/09/2014,0.82891,0.82937,0.82508,0.82638,-0.320853035
15/09/2014,0.82616,0.828854,0.82508,0.82832,0.234758828
22/09/2014,0.82814,0.82886,0.82692,0.8286,0.033803361
29/09/2014,0.82863,0.82963,0.82447,0.82564,-0.357229061
06/10/2014,0.8257,0.82765,0.82366,0.82755,0.231335691
13/10/2014,0.82725,0.829377,0.82645,0.82801,0.055585765
20/10/2014,0.82817,0.82938,0.82772,0.82875,0.089370901
27/10/2014,0.82864,0.82955,0.82754,0.82926,0.061538462
03/11/2014,0.82916,0.83131,0.8285,0.83119,0.232737621
10/11/2014,0.8312,0.83238,0.8305,0.83235,0.139558946
17/11/2014,0.83236,0.83264,0.83056,0.83173,-0.074487896
24/11/2014,0.83173,0.83236,0.82986,0.83063,-0.132254458
01/12/2014,0.83061,0.83195,0.82988,0.83134,0.085477288
08/12/2014,0.83117,0.83269,0.830452,0.83244,0.132316501
15/12/2014,0.83238,0.83278,0.82645,0.83101,-0.171784153
22/12/2014,0.83077,0.83249,0.82988,0.83132,0.037304004
29/12/2014,0.83146,0.83257,0.82454,0.8321,0.093826685
05/01/2015,0.83206,0.83269,0.83126,0.83256,0.055281817
12/01/2015,0.8325,1.1566,0.83195,1.0074,21.00028827
19/01/2015,1.0072,1.0227,0.97752,1.0188,1.131625968
26/01/2015,1.0181,1.021,0.95039,0.9596,-5.810757754
02/02/2015,0.95982,0.96061,0.93948,0.95385,-0.599208003
09/02/2015,0.95408,0.95988,0.93976,0.941,-1.347171987
16/02/2015,0.94141,0.94685,0.92485,0.93391,-0.753453773
23/02/2015,0.9339,0.94223,0.92575,0.93869,0.511826621
02/03/2015,0.93821,0.94035,0.92937,0.93624,-0.261002035
09/03/2015,0.93632,0.9485,0.93188,0.94733,1.184525335
16/03/2015,0.94715,0.94967,0.93441,0.94456,-0.292400747
23/03/2015,0.94446,0.95913,0.94322,0.95558,1.166680783
30/03/2015,0.95547,0.96221,0.95329,0.9545,-0.113020365
06/04/2015,0.95456,0.964,0.95274,0.96237,0.824515453
13/04/2015,0.96237,0.97406,0.96154,0.97201,1.001693735
20/04/2015,0.97209,0.9767,0.96108,0.96497,-0.724272384
27/04/2015,0.96487,0.96617,0.94073,0.95757,-0.766863219
04/05/2015,0.95746,0.97021,0.95411,0.95849,0.096076527
11/05/2015,0.95849,0.96287,0.95093,0.95442,-0.424626235
18/05/2015,0.95432,0.96272,0.95202,0.96025,0.610842187
25/05/2015,0.96413,0.97229,0.96321,0.96702,0.705024733
01/06/2015,0.96931,0.97106,0.94518,0.95438,-1.307108436
08/06/2015,0.95703,0.95877,0.94697,0.95217,-0.231563947
15/06/2015,0.95838,0.96089,0.94877,0.95415,0.20794606
22/06/2015,0.95812,0.96025,0.94787,0.95295,-0.125766389
29/06/2015,0.96843,0.9688,0.94967,0.95572,0.290676321
06/07/2015,0.96285,0.96451,0.94966,0.95354,-0.22810028
13/07/2015,0.95547,0.96163,0.95147,0.95951,0.626088051
20/07/2015,0.95922,0.96018,0.94696,0.94849,-1.148502882
27/07/2015,0.94643,0.9494,0.93633,0.94366,-0.509230461
03/08/2015,0.94224,0.94403,0.92851,0.93301,-1.128584448
10/08/2015,0.92739,0.92937,0.91224,0.91853,-1.551966217
17/08/2015,0.92229,0.93307,0.92081,0.92756,0.98309255
24/08/2015,0.92771,0.9311,0.91827,0.92073,-0.736340506
31/08/2015,0.92773,0.92823,0.91709,0.92268,0.211788472
07/09/2015,0.92208,0.92319,0.90498,0.9098,-1.395933585
14/09/2015,0.9097,0.91727,0.90785,0.91159,0.196746538
21/09/2015,0.91358,0.9228,0.91233,0.91419,0.285215941
28/09/2015,0.91141,0.91931,0.9113,0.91483,0.070007329
05/10/2015,0.91718,0.91999,0.91316,0.91659,0.192385471
12/10/2015,0.91491,0.92696,0.91303,0.9243,0.841161261
19/10/2015,0.92328,0.92937,0.91718,0.9267,0.259655956
26/10/2015,0.92696,0.92807,0.91575,0.91962,-0.764001295
02/11/2015,0.91954,0.92963,0.91743,0.92311,0.379504578
09/11/2015,0.92653,0.9294,0.92417,0.92404,0.10074639
16/11/2015,0.92704,0.92805,0.91743,0.921956,-0.225531362
23/11/2015,0.92174,0.924879,0.91491,0.92115,-0.087422827
30/11/2015,0.91693,0.92575,0.9144,0.92149,0.036910384
07/12/2015,0.92166,0.92627,0.920486,0.9243,0.304940911
14/12/2015,0.92507,0.92945,0.92166,0.92696,0.287785351
21/12/2015,0.92727,0.92796,0.92166,0.9246,-0.254595668
28/12/2015,0.92362,0.92898,0.91767,0.92149,-0.33636167
04/01/2016,0.92157,0.92341,0.91735,0.92098,-0.055345148
11/01/2016,0.92098,0.92201,0.91055,0.91374,-0.786119134
18/01/2016,0.91391,0.91645,0.91058,0.91123,-0.274695209
25/01/2016,0.91108,0.91241,0.89566,0.90147,-1.071079749
01/02/2016,0.90139,0.90424,0.89284,0.9036,0.236280741
08/02/2016,0.90342,0.913,0.900472,0.9105,0.763612218
15/02/2016,0.9105,0.91091,0.90416,0.90728,-0.35365184
22/02/2016,0.90736,0.91886,0.90667,0.91819,1.202495371
29/02/2016,0.91811,0.92404,0.91368,0.91477,-0.372471928
07/03/2016,0.91475,0.91762,0.90752,0.91108,-0.403380085
14/03/2016,0.91091,0.91617,0.90909,0.91466,0.392940247
21/03/2016,0.91433,0.91937,0.91358,0.9155,0.091837404
28/03/2016,0.91558,0.9185,0.91283,0.91526,-0.026215183
04/04/2016,0.91516,0.92208,0.91408,0.91954,0.467626685
11/04/2016,0.91954,0.92202,0.91491,0.91575,-0.412162603
18/04/2016,0.91562,0.91701,0.90744,0.90979,-0.650832651
25/04/2016,0.90979,0.91901,0.90744,0.90975,-0.004396619
02/05/2016,0.90984,0.91224,0.9009,0.90253,-0.793624622
09/05/2016,0.90261,0.90775,0.89987,0.90559,0.339046901
16/05/2016,0.90555,0.90627,0.89839,0.89912,-0.714451352
23/05/2016,0.89888,0.90563,0.8988,0.90457,0.606148234
30/05/2016,0.90465,0.90678,0.89989,0.90236,-0.244314978
06/06/2016,0.90258,0.92225,0.90082,0.92208,2.185380558
13/06/2016,0.922,0.92764,0.91547,0.91794,-0.448984904
20/06/2016,0.91768,0.94073,0.91575,0.93075,1.395516047
27/06/2016,0.93041,0.93292,0.91743,0.92183,-0.958366908
04/07/2016,0.92174,0.92623,0.91971,0.92064,-0.129091047
11/07/2016,0.9207,0.922,0.91324,0.91942,-0.13251651
18/07/2016,0.91937,0.92288,0.917083,0.92237,0.320854452
25/07/2016,0.92241,0.92617,0.914054,0.92349,0.121426326
01/08/2016,0.92334,0.92627,0.91708,0.91959,-0.422311016
08/08/2016,0.91974,0.92115,0.91491,0.91886,-0.079383203
15/08/2016,0.9187,0.92355,0.91701,0.92026,0.15236271
22/08/2016,0.92003,0.92034,0.91198,0.91315,-0.772607741
29/08/2016,0.91306,0.91509,0.90827,0.91418,0.112796364
05/09/2016,0.91425,0.91836,0.90983,0.91244,-0.190334507
12/09/2016,0.91241,0.91627,0.90992,0.9146,0.236727894
19/09/2016,0.91458,0.92068,0.91158,0.91786,0.356439974
26/09/2016,0.91789,0.92473,0.91319,0.91558,-0.248403896
03/10/2016,0.91577,0.917163,0.91075,0.91351,-0.226086197
10/10/2016,0.91341,0.92056,0.910671,0.92056,0.77174853
17/10/2016,0.92057,0.9249,0.91743,0.92431,0.407360737
24/10/2016,0.92421,0.9261,0.91996,0.92178,-0.273717692
31/10/2016,0.92184,0.92971,0.92081,0.92456,0.301590401
07/11/2016,0.9247,0.93371,0.921404,0.93344,0.960456866
14/11/2016,0.93338,0.935647,0.92851,0.93431,0.093203634
21/11/2016,0.9344,0.9345,0.92932,0.9306,-0.397084479
28/11/2016,0.93041,0.9345,0.92421,0.93179,0.12787449
05/12/2016,0.93245,0.93245,0.91776,0.93115,-0.068685004
12/12/2016,0.9311,0.93314,0.92678,0.93204,0.095580734
19/12/2016,0.93205,0.93626,0.93093,0.93213,0.009656238
26/12/2016,0.9321,0.9344,0.92908,0.93185,-0.030038729
02/01/2017,0.93257,0.93575,0.92859,0.93301,0.124483554
09/01/2017,0.93325,0.93363,0.93022,0.93153,-0.158626381
16/01/2017,0.93152,0.93432,0.93023,0.93237,0.090174229
23/01/2017,0.93231,0.93663,0.92997,0.93558,0.344283922
30/01/2017,0.93538,0.93951,0.93318,0.9344,-0.126124971
06/02/2017,0.9344,0.94039,0.93432,0.93729,0.309289384
13/02/2017,0.93728,0.94017,0.93613,0.9391,0.193109923
20/02/2017,0.93909,0.94038,0.93668,0.9392,0.010648493
27/02/2017,0.93917,0.94001,0.93344,0.93407,-0.54620954
06/03/2017,0.93431,0.93571,0.92575,0.92632,-0.829702271
13/03/2017,0.92628,0.93588,0.92336,0.93301,0.722212626
20/03/2017,0.93306,0.93561,0.92851,0.93287,-0.015005198
27/03/2017,0.93306,0.9358,0.93138,0.93498,0.226183713
03/04/2017,0.93501,0.93719,0.93275,0.93607,0.116580034
10/04/2017,0.93598,0.93807,0.93446,0.93764,0.167722499
17/04/2017,0.93765,0.93765,0.92319,0.92607,-1.233949064
24/04/2017,0.92596,0.92741,0.91996,0.92213,-0.425453799
01/05/2017,0.92205,0.9264,0.9172,0.92119,-0.101937905
08/05/2017,0.92111,0.92152,0.90992,0.91406,-0.773998849
15/05/2017,0.9141,0.92011,0.91158,0.91718,0.341334267
22/05/2017,0.91705,0.91907,0.91324,0.91774,0.061056717
29/05/2017,0.9176,0.92081,0.91575,0.92052,0.302918038
05/06/2017,0.92046,0.92255,0.91912,0.9212,0.07387129
12/06/2017,0.92112,0.92246,0.91602,0.91709,-0.446157186
19/06/2017,0.91706,0.92298,0.91659,0.92113,0.440523831
26/06/2017,0.92127,0.9214,0.91219,0.91283,-0.901067168
03/07/2017,0.91278,0.91534,0.90909,0.91,-0.310024868
10/07/2017,0.90997,0.91019,0.90253,0.90453,-0.601098901
17/07/2017,0.90449,0.90992,0.90171,0.906,0.162515339
24/07/2017,0.90605,0.9083,0.8765,0.87823,-3.065121413
31/07/2017,0.87819,0.88208,0.86655,0.87266,-0.634230213
07/08/2017,0.87258,0.8877,0.86881,0.87824,0.639424289
14/08/2017,0.878,0.88785,0.871137,0.88067,0.276689743
21/08/2017,0.88051,0.88286,0.87489,0.87566,-0.568885053
28/08/2017,0.87561,0.88003,0.87108,0.87569,0.003425987
04/09/2017,0.8757,0.87979,0.87092,0.87814,0.279779374
11/09/2017,0.87806,0.87806,0.8673,0.87188,-0.712870385
18/09/2017,0.87182,0.87319,0.85985,0.86361,-0.948525026
25/09/2017,0.86326,0.87624,0.86265,0.87379,1.178772826
02/10/2017,0.87432,0.87797,0.86957,0.87072,-0.351343
09/10/2017,0.87078,0.87203,0.8643,0.86798,-0.314682102
16/10/2017,0.86831,0.87053,0.86037,0.86222,-0.663609761
23/10/2017,0.86289,0.86478,0.85384,0.86289,0.077706386
30/10/2017,0.86316,0.86361,0.85724,0.86007,-0.326808747
06/11/2017,0.8605,0.86618,0.85837,0.86073,0.07673794
13/11/2017,0.86039,0.86315,0.85295,0.85749,-0.376424663
20/11/2017,0.86111,0.86304,0.8547,0.85529,-0.256562759
27/11/2017,0.85502,0.86096,0.85179,0.86096,0.66293304
04/12/2017,0.85839,0.8586,0.8531,0.8558,-0.599330979
11/12/2017,0.85559,0.86007,0.85426,0.85881,0.351717691
18/12/2017,0.85886,0.86104,0.85099,0.85237,-0.749874827
25/12/2017,0.85273,0.85671,0.84767,0.85514,0.324976243
01/01/2018,0.85455,0.85536,0.8489,0.85164,-0.409289707
08/01/2018,0.85177,0.85564,0.84674,0.84731,-0.508430792
15/01/2018,0.84702,0.85368,0.84516,0.84955,0.264366053
22/01/2018,0.84838,0.86282,0.847251,0.85673,0.845153316
29/01/2018,0.86164,0.86643,0.85911,0.86162,0.570774923
05/02/2018,0.86266,0.87284,0.85911,0.86889,0.84375943
12/02/2018,0.86844,0.87032,0.863906,0.86866,-0.026470554
19/02/2018,0.86871,0.87009,0.86483,0.86828,-0.043745539
26/02/2018,0.86824,0.87056,0.864792,0.86543,-0.328235132
05/03/2018,0.86614,0.86857,0.85171,0.85383,-1.340374149
12/03/2018,0.85438,0.85633,0.85302,0.85397,0.016396707
19/03/2018,0.85432,0.858,0.85099,0.8515,-0.289237327
26/03/2018,0.85447,0.85447,0.84674,0.85063,-0.102172637
02/04/2018,0.85048,0.85156,0.846556,0.84832,-0.271563429
09/04/2018,0.84918,0.84952,0.84097,0.84211,-0.732035081
16/04/2018,0.84182,0.8427,0.83264,0.83292,-1.091306361
23/04/2018,0.83472,0.83847,0.833303,0.83472,0.216107189
30/04/2018,0.83475,0.83775,0.83403,0.83549,0.092246502
07/05/2018,0.83591,0.84267,0.834512,0.83528,-0.025134951
14/05/2018,0.83654,0.85224,0.834474,0.85085,1.86404559
21/05/2018,0.85157,0.86685,0.8489,0.86475,1.633660457
28/05/2018,0.86219,0.874648,0.85983,0.86798,0.373518358
04/06/2018,0.86674,0.86903,0.858991,0.86252,-0.629046752
11/06/2018,0.86133,0.86741,0.85763,0.86319,0.077679358
18/06/2018,0.86438,0.87078,0.86356,0.86873,0.641805396
25/06/2018,0.86789,0.87028,0.86194,0.86356,-0.595121614
02/07/2018,0.86456,0.86677,0.859085,0.85992,-0.421510955
09/07/2018,0.85992,0.86159,0.853726,0.85375,-0.717508605
16/07/2018,0.85419,0.86168,0.85324,0.8594,0.661786237
23/07/2018,0.85934,0.8643,0.858991,0.86185,0.285082616
30/07/2018,0.86268,0.86966,0.86133,0.86745,0.64976504
06/08/2018,0.86964,0.88177,0.865097,0.87982,1.426018791
13/08/2018,0.88222,0.88929,0.87742,0.87773,-0.237548589
20/08/2018,0.87835,0.88061,0.87437,0.87845,0.082029781
27/08/2018,0.8739,0.88966,0.87298,0.88873,1.170243042
03/09/2018,0.88905,0.89407,0.88365,0.89166,0.329683931
10/09/2018,0.89222,0.89401,0.88137,0.88496,-0.751407487
17/09/2018,0.88936,0.891,0.88287,0.88676,0.203399024
24/09/2018,0.88771,0.88813,0.87612,0.87689,-1.113040733
01/10/2018,0.87792,0.8837,0.87369,0.87497,-0.218955627
08/10/2018,0.87512,0.87943,0.87008,0.87123,-0.427443227
15/10/2018,0.87366,0.87758,0.87009,0.87665,0.622108972
22/10/2018,0.87183,0.88147,0.86951,0.87789,0.141447556
29/10/2018,0.87928,0.87965,0.87288,0.87413,-0.428299673
05/11/2018,0.87504,0.87828,0.87145,0.87735,0.368366261
12/11/2018,0.87765,0.88217,0.87465,0.87436,-0.340798997
19/11/2018,0.87658,0.88445,0.87619,0.8841,1.113957638
26/11/2018,0.88411,0.8879,0.88036,0.88441,0.035063907
03/12/2018,0.8828,0.88639,0.88106,0.88496,0.062188352
10/12/2018,0.88603,0.89075,0.884015,0.88543,0.053109745
17/12/2018,0.88632,0.88897,0.88112,0.88394,-0.168279819
24/12/2018,0.88425,0.8915,0.87665,0.88778,0.434418626
31/12/2018,0.88845,0.89323,0.76435,0.88913,0.152064701
07/01/2019,0.88891,0.89181,0.8818,0.8859,-0.363276461
14/01/2019,0.88665,0.88905,0.88183,0.88301,-0.326221921
21/01/2019,0.88379,0.88798,0.880973,0.88253,-0.05435952
28/01/2019,0.88265,0.88409,0.87491,0.87642,-0.69232774
04/02/2019,0.87659,0.88301,0.87359,0.88285,0.733666507
11/02/2019,0.88351,0.88356,0.87658,0.88051,-0.265050688
18/02/2019,0.88119,0.88242,0.87913,0.88183,0.149913119
25/02/2019,0.88168,0.88253,0.8776,0.88059,-0.140616672
04/03/2019,0.88027,0.88425,0.87947,0.88316,0.291849783
11/03/2019,0.88303,0.88363,0.87827,0.88118,-0.224194936
18/03/2019,0.88117,0.89173,0.87966,0.89008,1.010009306
25/03/2019,0.89039,0.89546,0.88839,0.89421,0.464003236
01/04/2019,0.89518,0.89534,0.88958,0.89095,-0.364567607
08/04/2019,0.89115,0.89191,0.88191,0.88285,-0.909141927
15/04/2019,0.88239,0.88294,0.8755,0.87674,-0.692076797
22/04/2019,0.87659,0.88084,0.87129,0.87843,0.192759541
29/04/2019,0.87978,0.87985,0.87367,0.87786,-0.064888494
06/05/2019,0.87936,0.88012,0.8741,0.87966,0.205044084
13/05/2019,0.88059,0.88766,0.88028,0.88599,0.719596208
20/05/2019,0.88607,0.89286,0.88527,0.89079,0.541766837
27/05/2019,0.89048,0.89509,0.8866,0.89199,0.134711885
03/06/2019,0.89511,0.8992,0.89222,0.89442,0.272424579
10/06/2019,0.89222,0.89392,0.88777,0.89174,-0.299635518
17/06/2019,0.8925,0.90319,0.89061,0.90233,1.187565882
24/06/2019,0.90027,0.90386,0.897348,0.90027,-0.228297851
01/07/2019,0.89843,0.90012,0.89504,0.89742,-0.316571695
08/07/2019,0.89843,0.903,0.896115,0.9005,0.34320608
15/07/2019,0.90114,0.90785,0.899712,0.90572,0.579677957
22/07/2019,0.90678,0.91218,0.90318,0.90514,-0.064037451
29/07/2019,0.90436,0.91662,0.903729,0.9116,0.713701748
05/08/2019,0.916,0.92038,0.912254,0.91766,0.664765248
12/08/2019,0.91836,0.9228,0.91557,0.92157,0.426083735
19/08/2019,0.92047,0.922,0.914694,0.91836,-0.34831863
26/08/2019,0.92219,0.92219,0.915326,0.91691,-0.157890152
02/09/2019,0.91937,0.92442,0.91475,0.91525,-0.18104285
09/09/2019,0.91799,0.91799,0.91141,0.91192,-0.363835018
16/09/2019,null,null,null,0.9153,0.370646548
23/09/2019,null,null,null,0.9222,0.753851196
30/09/2019,null,null,null,0.9144,-0.845803513
07/10/2019,0.91599,0.91971,0.9058,0.90854,-0.640857393
14/10/2019,0.90843,0.911328,0.90438,0.910042,0.165320184
21/10/2019,0.90996,0.910175,0.905592,0.907112,-0.321963162
28/10/2019,0.90715,0.909628,0.90429,0.90843,0.145296281
04/11/2019,0.908348,0.911112,0.905963,0.909405,0.107328027
11/11/2019,0.90969,0.920497,0.909256,0.914085,0.514622198
18/11/2019,0.91452,0.914721,0.908414,0.908496,-0.611431103
25/11/2019,0.909174,0.911577,0.907194,0.907268,-0.135168454
02/12/2019,0.9073,0.915567,0.906701,0.912834,0.61349017
09/12/2019,0.91298,0.916355,0.907639,0.912975,0.015446401
16/12/2019,0.91349,0.920133,0.911494,0.917778,0.526082313
23/12/2019,0.918679,0.920649,0.909504,0.917212,-0.061670687
30/12/2019,0.9183,0.923617,0.917086,0.920075,0.312141577
06/01/2020,0.92199,0.927351,0.920641,0.923975,0.423878488
13/01/2020,0.92426,0.931506,0.92285,0.930631,0.720365811
20/01/2020,0.93084,0.934466,0.926922,0.932584,0.209857613
27/01/2020,0.9348,0.937585,0.931099,0.934588,0.214886809
03/02/2020,0.935883,0.937664,0.9321,0.933724,-0.092447153
10/02/2020,0.934981,0.942472,0.933271,0.936281,0.27384966
17/02/2020,0.939505,0.942711,0.938398,0.940194,0.417930087
24/02/2020,0.942409,0.944599,0.93725,0.938656,-0.16358326
02/03/2020,0.93835,0.945492,0.934073,0.94433,0.604481301
09/03/2020,0.946522,0.948371,0.93932,0.943218,-0.117755446
16/03/2020,0.946548,0.949749,0.941974,0.941974,-0.131888916
23/03/2020,0.949028,0.949253,0.93872,0.93932,-0.281748753
30/03/2020,0.944385,0.948407,0.941575,0.94624,0.736703147
06/04/2020,0.94665,0.947849,0.943841,0.945904,-0.035508962
10/04/2020,0.9464,0.9471,0.9451,0.9464,0.052436611
