Date,Open,High,Low,Close,% Change DAX
21/03/2005,4322.470215,4347.720215,4275.549805,4343.600098,0.38
28/03/2005,4331.959961,4393.200195,4308.919922,4373.529785,0.69
04/04/2005,4355.839844,4413.240234,4323.240234,4400.680176,0.62
11/04/2005,4388.810059,4422.879883,4309.25,4312.25,-2.01
18/04/2005,4266.27002,4266.27002,4159.950195,4223.040039,-2.07
25/04/2005,4214.970215,4249.859863,4157.509766,4184.839844,-0.90
02/05/2005,4208.629883,4314.97998,4205.049805,4311.060059,3.02
09/05/2005,4305.689941,4306.319824,4232.399902,4275.700195,-0.82
16/05/2005,4266.819824,4379.569824,4232.669922,4360.680176,1.99
23/05/2005,4383.02002,4453.009766,4374.490234,4444.709961,1.93
30/05/2005,4445.209961,4551.890137,4440.359863,4510.390137,1.48
06/06/2005,4514.589844,4601.049805,4490.120117,4586.100098,1.68
13/06/2005,4597.330078,4623.580078,4537.910156,4604.569824,0.40
20/06/2005,4601.990234,4637.339844,4560.490234,4566.47998,-0.83
27/06/2005,4547.27002,4623.799805,4517.439941,4617.069824,1.11
04/07/2005,4620.859863,4636.959961,4444.939941,4597.970215,-0.41
11/07/2005,4616.359863,4723.649902,4616.359863,4712.899902,2.50
18/07/2005,4717.589844,4865.720215,4705.290039,4836.899902,2.63
25/07/2005,4843.689941,4913.02002,4819.419922,4886.5,1.03
01/08/2005,4882.390137,4934.939941,4827.180176,4827.180176,-1.21
08/08/2005,4837.049805,4990.569824,4827.299805,4937.330078,2.28
15/08/2005,4935.220215,4953.459961,4834.160156,4929.910156,-0.15
22/08/2005,4933.740234,4954.410156,4783.799805,4783.799805,-2.96
29/08/2005,4756.680176,4874.890137,4726.330078,4837.810059,1.13
05/09/2005,4853.600098,5020.470215,4850.529785,5005.930176,3.48
12/09/2005,5028.490234,5035.390137,4888.029785,4986.5,-0.39
19/09/2005,4928.140137,4967.310059,4827.859863,4882.580078,-2.08
26/09/2005,4938.180176,5061.839844,4938.180176,5044.120117,3.31
03/10/2005,5060.990234,5138.02002,4980.620117,5007.77002,-0.72
10/10/2005,5027.279785,5065.169922,4929.109863,4975.560059,-0.64
17/10/2005,4987.660156,4999,4825.959961,4838.399902,-2.76
24/10/2005,4838.25,4930.890137,4762.75,4825.640137,-0.26
31/10/2005,4854.589844,5013.950195,4854.589844,4995.240234,3.51
07/11/2005,4994.540039,5092.799805,4983.75,5090.75,1.91
14/11/2005,5083.27002,5162.509766,5063.859863,5123.5,0.64
21/11/2005,5140.350098,5204.140137,5127.069824,5194.27002,1.38
28/11/2005,5218.279785,5307.990234,5155.339844,5307.990234,2.19
05/12/2005,5303.919922,5309.930176,5222.240234,5282.129883,-0.49
12/12/2005,5316.459961,5356.669922,5274.970215,5353.660156,1.35
19/12/2005,5342.930176,5425.620117,5322.830078,5419.049805,1.22
26/12/2005,5422.069824,5469.959961,5385.069824,5408.259766,-0.20
02/01/2006,5410.240234,5537.580078,5409.279785,5536.319824,2.37
09/01/2006,5543.339844,5553.549805,5463.779785,5483.089844,-0.96
16/01/2006,5464.97998,5515.259766,5344.52002,5349.02002,-2.45
23/01/2006,5311.899902,5650.950195,5290.490234,5647.419922,5.58
30/01/2006,5636.240234,5760.629883,5614.290039,5657.120117,0.17
06/02/2006,5667.180176,5745.490234,5598.049805,5701.470215,0.78
13/02/2006,5699.439941,5814.790039,5683.879883,5795.47998,1.65
20/02/2006,5795.680176,5884.220215,5766.990234,5870.790039,1.30
27/02/2006,5888.810059,5916.799805,5691.209961,5721.459961,-2.54
06/03/2006,5742.069824,5804.950195,5664.189941,5804.919922,1.46
13/03/2006,5820.740234,5947.430176,5807.609863,5882.379883,1.33
20/03/2006,5895.779785,5977.060059,5847.899902,5973.140137,1.54
27/03/2006,5972.149902,5993.899902,5863.069824,5970.080078,-0.05
03/04/2006,5989.080078,6047.97998,5947.560059,5952.919922,-0.29
10/04/2006,5951.080078,6004.709961,5860.5,5918.569824,-0.58
17/04/2006,5915.109863,6108.689941,5866.850098,6094.75,2.98
24/04/2006,6058.75,6121.950195,6003.910156,6009.890137,-1.39
01/05/2006,6014.379883,6113.290039,5962.859863,6113.290039,1.72
08/05/2006,6126.959961,6162.370117,5915.740234,5916.279785,-3.22
15/05/2006,5893,5902.439941,5587.919922,5672.279785,-4.12
22/05/2006,5653.850098,5788.470215,5513.430176,5788.359863,2.05
29/05/2006,5782.490234,5784.290039,5533.120117,5687.040039,-1.75
05/06/2006,5685.560059,5691.689941,5383.279785,5464.080078,-3.92
12/06/2006,5458.379883,5507.600098,5243.709961,5376.009766,-1.61
19/06/2006,5388.830078,5580.819824,5382.580078,5529.740234,2.86
26/06/2006,5542.740234,5698.209961,5420.080078,5683.310059,2.78
03/07/2006,5688,5729.589844,5608.950195,5681.850098,-0.03
10/07/2006,5678.109863,5711.040039,5422.220215,5422.220215,-4.57
17/07/2006,5437.080078,5587.279785,5365.060059,5451.009766,0.53
24/07/2006,5460.120117,5708.330078,5460.120117,5705.419922,4.67
31/07/2006,5704.560059,5741.799805,5583.959961,5723.029785,0.31
07/08/2006,5685.459961,5709.100098,5557.589844,5628.370117,-1.65
14/08/2006,5661.069824,5849.370117,5659.709961,5817.02002,3.35
21/08/2006,5804.660156,5847.109863,5744.109863,5811.470215,-0.10
28/08/2006,5808.370117,5907.160156,5767.830078,5876.540039,1.12
04/09/2006,5890.009766,5917.240234,5753.669922,5795.259766,-1.38
11/09/2006,5774.310059,5953.720215,5737.200195,5937.870117,2.46
18/09/2006,5932.509766,5979.870117,5857.890137,5883.319824,-0.92
25/09/2006,5898.899902,6031.549805,5864.990234,6004.330078,2.06
02/10/2006,6019.339844,6097.870117,5944.569824,6085.819824,1.36
09/10/2006,6064.879883,6188.689941,6054.669922,6173.680176,1.44
16/10/2006,6178.359863,6218.569824,6106.189941,6202.819824,0.47
23/10/2006,6216.459961,6304.779785,6185.509766,6262.540039,0.96
30/10/2006,6230.859863,6311.930176,6201,6241.149902,-0.34
06/11/2006,6249.919922,6366.649902,6249.919922,6357.77002,1.87
13/11/2006,6350.649902,6452.129883,6344.100098,6412.359863,0.86
20/11/2006,6394.080078,6497.060059,6367.200195,6411.959961,-0.01
27/11/2006,6400.490234,6419.970215,6195.810059,6241.129883,-2.66
04/12/2006,6258.910156,6440.560059,6230.299805,6427.410156,2.98
11/12/2006,6449.759766,6605.149902,6447.939941,6588.830078,2.51
18/12/2006,6588.25,6615.680176,6493.990234,6503.129883,-1.30
25/12/2006,6525.990234,6629.330078,6525.759766,6596.919922,1.44
01/01/2007,6614.72998,6704.040039,6588.029785,6593.089844,-0.06
08/01/2007,6603.549805,6705.169922,6531.25,6705.169922,1.70
15/01/2007,6719.529785,6754.549805,6651.680176,6747.169922,0.63
22/01/2007,6753.72998,6771.419922,6627.959961,6690.339844,-0.84
29/01/2007,6702.450195,6904.879883,6683.379883,6885.759766,2.92
05/02/2007,6878.669922,6928.97998,6849.850098,6911.109863,0.37
12/02/2007,6892.029785,6979.02002,6844.390137,6957.069824,0.67
19/02/2007,6967.529785,7012.339844,6922.359863,6992.580078,0.51
26/02/2007,6992.120117,7040.200195,6544.279785,6603.319824,-5.57
05/03/2007,6510.950195,6745.060059,6437.25,6716.52002,1.71
12/03/2007,6727.569824,6752.180176,6444.700195,6579.870117,-2.03
19/03/2007,6622.759766,6902.620117,6614.140137,6899.060059,4.85
26/03/2007,6899.330078,6965.839844,6788.330078,6917.029785,0.26
02/04/2007,6911.129883,7103.72998,6891.799805,7099.910156,2.64
09/04/2007,7102.470215,7213.200195,7087.290039,7212.069824,1.58
16/04/2007,7229.060059,7366.589844,7155.049805,7342.540039,1.81
23/04/2007,7348.009766,7412.529785,7218.720215,7378.120117,0.48
30/04/2007,7369.240234,7526.509766,7361.359863,7516.759766,1.88
07/05/2007,7523.950195,7538.589844,7304.609863,7479.339844,-0.50
14/05/2007,7505,7613.620117,7418.259766,7607.540039,1.71
21/05/2007,7614.040039,7774.359863,7599.490234,7739.200195,1.73
28/05/2007,7758.859863,8001.629883,7675.890137,7987.850098,3.21
04/06/2007,7973.680176,8010.390137,7499.430176,7590.5,-4.97
11/06/2007,7623.330078,8032.970215,7595.689941,8030.640137,5.80
18/06/2007,8044.72998,8131.72998,7905.180176,7949.629883,-1.01
25/06/2007,7896.910156,8007.740234,7750.620117,8007.319824,0.73
02/07/2007,7969.27002,8115.060059,7916.470215,8048.319824,0.51
09/07/2007,8077.180176,8151.569824,7799.930176,8092.77002,0.55
16/07/2007,8101.529785,8130.720215,7864.180176,7874.850098,-2.69
23/07/2007,7880.290039,7944.209961,7372.890137,7451.680176,-5.37
30/07/2007,7460.709961,7632.830078,7386.600098,7435.669922,-0.21
06/08/2007,7390.879883,7614.240234,7293.52002,7343.259766,-1.24
13/08/2007,7380.180176,7497.649902,7190.359863,7378.290039,0.48
20/08/2007,7400.450195,7591.52002,7345.129883,7507.27002,1.75
27/08/2007,7525.589844,7659.720215,7353.819824,7638.169922,1.74
03/09/2007,7643.640137,7725.339844,7420.830078,7436.629883,-2.64
10/09/2007,7437.689941,7545.22998,7369.700195,7497.740234,0.82
17/09/2007,7497.089844,7809.240234,7433.22998,7794.430176,3.96
24/09/2007,7777.200195,7882.180176,7717.439941,7861.509766,0.86
01/10/2007,7851.290039,8014.160156,7831.399902,8002.180176,1.79
08/10/2007,8008.759766,8063.830078,7955.040039,8041.259766,0.49
15/10/2007,8039.799805,8039.799805,7870.72998,7884.120117,-1.95
22/10/2007,7819.279785,7970.569824,7763.640137,7949.169922,0.83
29/10/2007,7989.399902,8038.410156,7792.370117,7849.490234,-1.25
05/11/2007,7790.890137,7918.919922,7701.870117,7812.399902,-0.47
12/11/2007,7780.490234,7866.009766,7564.660156,7612.259766,-2.56
19/11/2007,7608.200195,7634.459961,7474.509766,7608.959961,-0.04
26/11/2007,7642.100098,7894.470215,7444.620117,7870.52002,3.44
03/12/2007,7859.390137,8009.759766,7785.120117,7994.069824,1.57
10/12/2007,7972.700195,8117.790039,7873.27002,7948.359863,-0.57
17/12/2007,7884.169922,8015.419922,7777.399902,8002.669922,0.68
24/12/2007,8038.72998,8073.990234,7991.810059,8067.319824,0.81
31/12/2007,8045.970215,8100.640137,7780.27002,7808.689941,-3.21
07/01/2008,7810.819824,7923.439941,7675.450195,7717.950195,-1.16
14/01/2008,7692.540039,7759.169922,7287.290039,7314.169922,-5.23
21/01/2008,7292.680176,7292.680176,6384.399902,6816.740234,-6.80
28/01/2008,6749.290039,7037.160156,6680.299805,6968.669922,2.23
04/02/2008,7018.640137,7059.189941,6655.649902,6767.279785,-2.89
11/02/2008,6723.970215,7062.080078,6690.77002,6832.430176,0.96
18/02/2008,6865.569824,7079.740234,6762.77002,6806.290039,-0.38
25/02/2008,6850.919922,7017.700195,6698.549805,6748.129883,-0.85
03/03/2008,6692.97998,6720.160156,6450.879883,6513.990234,-3.47
10/03/2008,6487.109863,6666.580078,6391.560059,6451.899902,-0.95
17/03/2008,6360.919922,6469.990234,6167.819824,6319.990234,-2.04
24/03/2008,6443.450195,6616.450195,6443.359863,6559.899902,3.80
31/03/2008,6530.109863,6806.660156,6429.620117,6763.390137,3.10
07/04/2008,6802.549805,6843.25,6570.740234,6603.569824,-2.36
14/04/2008,6561.899902,6860.379883,6516.509766,6843.080078,3.63
21/04/2008,6840.680176,6945.25,6656.859863,6896.580078,0.78
28/04/2008,6914.399902,7092.819824,6851.52002,7043.22998,2.13
05/05/2008,7036.990234,7107.529785,6961.629883,7003.169922,-0.57
12/05/2008,7021.290039,7205.959961,7001.330078,7156.549805,2.19
19/05/2008,7177.02002,7231.859863,6934.540039,6944.049805,-2.97
26/05/2008,6923.939941,7124.609863,6905.859863,7096.790039,2.20
02/06/2008,7098.700195,7102.049805,6796.279785,6803.810059,-4.13
09/06/2008,6790.180176,6839.319824,6637.75,6765.319824,-0.57
16/06/2008,6773.430176,6855.839844,6547.399902,6578.439941,-2.76
23/06/2008,6586.830078,6628.720215,6348.029785,6421.910156,-2.38
30/06/2008,6423.370117,6446.540039,6200.560059,6272.209961,-2.33
07/07/2008,6312.319824,6416.240234,6139.740234,6153.299805,-1.90
14/07/2008,6184.649902,6396.299805,5999.319824,6382.649902,3.73
21/07/2008,6381.439941,6577.100098,6322.029785,6436.709961,0.85
28/07/2008,6428.359863,6540.450195,6264.740234,6396.459961,-0.63
04/08/2008,6403.299805,6620.77002,6322.009766,6561.649902,2.58
11/08/2008,6570.52002,6626.700195,6369.580078,6446.02002,-1.76
18/08/2008,6436.140137,6485.910156,6219.100098,6342.419922,-1.61
25/08/2008,6332.939941,6457.930176,6238.069824,6422.299805,1.26
01/09/2008,6400.850098,6553.899902,6095.560059,6127.439941,-4.59
08/09/2008,6262.339844,6356.799805,6086.299805,6234.890137,1.75
15/09/2008,6138.419922,6220.290039,5812.77002,6189.529785,-0.73
22/09/2008,6188.580078,6235.129883,6001.009766,6063.5,-2.04
29/09/2008,6010.100098,6015.589844,5617.810059,5797.029785,-4.39
06/10/2008,5606.069824,5606.069824,4308,4544.310059,-21.61
13/10/2008,4642.02002,5383.790039,4521.910156,4781.330078,5.22
20/10/2008,4891.759766,4941.189941,4014.600098,4295.669922,-10.16
27/10/2008,4143.450195,5066.810059,4062.77002,4987.970215,16.12
03/11/2008,5053.939941,5302.569824,4751.240234,4938.459961,-0.99
10/11/2008,5024.430176,5135.149902,4524.890137,4710.240234,-4.62
17/11/2008,4700.5,4733.790039,4034.959961,4127.410156,-12.37
24/11/2008,4167.709961,4703.669922,4154.549805,4669.439941,13.13
01/12/2008,4653.120117,4732.930176,4304.029785,4381.470215,-6.17
08/12/2008,4548.870117,4850.390137,4521.52002,4663.370117,6.43
15/12/2008,4718.390137,4785.319824,4627.459961,4696.700195,0.71
22/12/2008,4693.660156,4718.600098,4575.52002,4629.379883,-1.43
29/12/2008,4660.169922,4974.72998,4655.910156,4973.069824,7.42
05/01/2009,5010.180176,5111.02002,4743.970215,4783.890137,-3.80
12/01/2009,4765.379883,4791.959961,4295.759766,4366.279785,-8.73
19/01/2009,4409.879883,4452.569824,4067.429932,4178.939941,-4.29
26/01/2009,4165.709961,4533.700195,4145.120117,4338.350098,3.81
02/02/2009,4309.169922,4657.060059,4198.149902,4644.629883,7.06
09/02/2009,4627.830078,4688.589844,4371.470215,4413.390137,-4.98
16/02/2009,4386.459961,4421.779785,4014.659912,4014.659912,-9.03
23/02/2009,4057.25,4111.52002,3764.689941,3843.73999,-4.26
02/03/2009,3817.51001,3891.709961,3638,3666.409912,-4.61
09/03/2009,3677.070068,4053.840088,3588.889893,3953.600098,7.83
16/03/2009,3990.830078,4137.799805,3947.280029,4068.73999,2.91
23/03/2009,4109.279785,4272.120117,4102.339844,4203.549805,3.31
30/03/2009,4175.410156,4456.299805,3987.389893,4384.990234,4.32
06/04/2009,4421.709961,4510.740234,4228.890137,4491.120117,2.42
13/04/2009,4491.120117,4680.629883,4461.47998,4676.839844,4.14
20/04/2009,4655.839844,4674.72998,4390.700195,4674.319824,-0.05
27/04/2009,4625.410156,4837.220215,4547.899902,4769.450195,2.04
04/05/2009,4790.029785,4980.299805,4781.970215,4913.899902,3.03
11/05/2009,4907.290039,4926.689941,4653.25,4737.5,-3.59
18/05/2009,4702.810059,5060.759766,4655.529785,4918.75,3.83
25/05/2009,4936.040039,5035.509766,4802.799805,4940.819824,0.45
01/06/2009,4992.100098,5177.589844,4991.209961,5077.029785,2.76
08/06/2009,5060.720215,5133.399902,4969.959961,5069.240234,-0.15
15/06/2009,5051.350098,5051.350098,4761.200195,4839.459961,-4.53
22/06/2009,4837.279785,4866.799805,4669.799805,4776.470215,-1.30
29/06/2009,4768.109863,4930.350098,4685.27002,4708.209961,-1.43
06/07/2009,4669.660156,4703.299805,4558,4576.310059,-2.80
13/07/2009,4564.939941,5017.600098,4524.009766,4978.399902,8.79
20/07/2009,5014.5,5301.910156,5007.950195,5229.359863,5.04
27/07/2009,5277.720215,5396.950195,5159.25,5332.140137,1.97
03/08/2009,5330.870117,5480.930176,5309.350098,5458.959961,2.38
10/08/2009,5451.790039,5455.27002,5252.149902,5309.109863,-2.75
17/08/2009,5296.330078,5478.180176,5158.600098,5462.740234,2.89
24/08/2009,5482.600098,5575.529785,5432.060059,5517.350098,1.00
31/08/2009,5474.620117,5507.47998,5263.109863,5384.430176,-2.41
07/09/2009,5400.759766,5653.149902,5400.759766,5624.02002,4.45
14/09/2009,5599.580078,5760.830078,5532.299805,5703.830078,1.42
21/09/2009,5698.529785,5754.040039,5559.470215,5581.410156,-2.15
28/09/2009,5595.359863,5756.259766,5442.319824,5467.899902,-2.03
05/10/2009,5477.810059,5748.330078,5440.22998,5711.879883,4.46
12/10/2009,5727.310059,5885.779785,5695.160156,5743.390137,0.55
19/10/2009,5761.299805,5888.209961,5712.819824,5740.25,-0.05
26/10/2009,5764.029785,5799.419922,5394.799805,5414.959961,-5.67
02/11/2009,5410.609863,5526.859863,5312.640137,5488.25,1.35
09/11/2009,5514.339844,5726.379883,5514.339844,5686.830078,3.62
16/11/2009,5717.459961,5843.27002,5638.330078,5663.149902,-0.42
23/11/2009,5689.379883,5825.870117,5519.47998,5685.609863,0.40
30/11/2009,5691.839844,5859.339844,5607.819824,5817.649902,2.32
07/12/2009,5812.109863,5812.689941,5605.430176,5756.290039,-1.05
14/12/2009,5803.200195,5903.430176,5752.209961,5831.209961,1.30
21/12/2009,5841.810059,5988.279785,5841.689941,5957.439941,2.16
28/12/2009,5977.990234,6026.689941,5949.450195,5957.430176,0.00
04/01/2010,5975.52002,6058.02002,5961.25,6037.609863,1.35
11/01/2010,6057.930176,6094.259766,5866.839844,5875.970215,-2.68
18/01/2010,5897.629883,5988.799805,5639.490234,5695.319824,-3.07
25/01/2010,5662.850098,5718.810059,5540.330078,5608.790039,-1.52
01/02/2010,5587.5,5733.709961,5433.02002,5434.339844,-3.11
08/02/2010,5476.470215,5592.27002,5434.399902,5500.390137,1.22
15/02/2010,5525.740234,5729.580078,5498.069824,5722.049805,4.03
22/02/2010,5741,5743.890137,5518.27002,5598.459961,-2.16
01/03/2010,5652.850098,5880.25,5641.180176,5877.359863,4.98
08/03/2010,5891.740234,5989.879883,5838.169922,5945.109863,1.15
15/03/2010,5933.629883,6041.950195,5898.220215,5982.430176,0.63
22/03/2010,5960.850098,6139.5,5910.850098,6120.049805,2.30
29/03/2010,6150.169922,6238.569824,6108.22998,6235.560059,1.89
05/04/2010,6235.560059,6265.319824,6138.02002,6249.700195,0.23
12/04/2010,6283.810059,6310.759766,6162.839844,6180.899902,-1.10
19/04/2010,6158.600098,6287.540039,6140.379883,6259.529785,1.27
26/04/2010,6317.129883,6341.52002,6024.009766,6135.700195,-1.98
03/05/2010,6122.759766,6197,5655.180176,5715.089844,-6.86
10/05/2010,5814.410156,6276.799805,5805.97998,6056.709961,5.98
17/05/2010,6029.910156,6181.259766,5689.180176,5829.25,-3.76
24/05/2010,5858.450195,5980.779785,5607.680176,5946.180176,2.01
31/05/2010,5933.580078,6114.580078,5833.609863,5938.879883,-0.12
07/06/2010,5876.47998,6089.430176,5798.759766,6047.830078,1.83
14/06/2010,6113.459961,6256.549805,6089.319824,6216.97998,2.80
21/06/2010,6320.410156,6330.810059,6039.560059,6070.600098,-2.35
28/06/2010,6097.370117,6168.990234,5827.25,5834.149902,-3.90
05/07/2010,5853.75,6078.560059,5809.370117,6065.240234,3.96
12/07/2010,6079.950195,6248.069824,6018.640137,6040.27002,-0.41
19/07/2010,6034.870117,6190.240234,5906.040039,6166.339844,2.09
26/07/2010,6201.02002,6253.640137,6059.189941,6147.970215,-0.30
02/08/2010,6187.640137,6386.970215,6182.680176,6259.629883,1.82
09/08/2010,6326.620117,6356.410156,6068.819824,6110.410156,-2.38
16/08/2010,6132.779785,6229.459961,5999.629883,6005.160156,-1.72
23/08/2010,6017.189941,6055.22998,5837.899902,5951.169922,-0.90
30/08/2010,5973.47998,6178.009766,5833.509766,6134.620117,3.08
06/09/2010,6156.290039,6233.069824,6062.649902,6214.77002,1.31
13/09/2010,6258.509766,6321.200195,6185.740234,6209.759766,-0.08
20/09/2010,6231.279785,6339.970215,6129.439941,6298.299805,1.43
27/09/2010,6307.870117,6339.359863,6187.220215,6211.339844,-1.38
04/10/2010,6205,6321.790039,6115.870117,6291.669922,1.29
11/10/2010,6308.430176,6512.779785,6228.390137,6492.299805,3.19
18/10/2010,6465.830078,6623.939941,6461.47998,6605.839844,1.75
25/10/2010,6645.450195,6668.540039,6553.25,6601.370117,-0.07
01/11/2010,6637.089844,6775.169922,6586.009766,6754.200195,2.32
08/11/2010,6746.439941,6810.859863,6617.970215,6734.609863,-0.29
15/11/2010,6705.129883,6854.089844,6653.569824,6843.549805,1.62
22/11/2010,6892.02002,6901.930176,6701.97998,6848.97998,0.08
29/11/2010,6867.77002,6977.910156,6655.939941,6947.720215,1.44
06/12/2010,6970.240234,7042.669922,6926.569824,7006.169922,0.84
13/12/2010,7027.580078,7044.870117,6964.129883,6982.450195,-0.34
20/12/2010,7000.379883,7087.839844,6992.669922,7057.689941,1.08
27/12/2010,7055.319824,7056.339844,6897.220215,6914.189941,-2.03
03/01/2011,6973.390137,7047.589844,6842.899902,6947.839844,0.49
10/01/2011,6920.359863,7084.069824,6835.740234,7075.700195,1.84
17/01/2011,7072.75,7165,7008.620117,7062.419922,-0.19
24/01/2011,7080.779785,7180.149902,7000.410156,7102.799805,0.57
31/01/2011,7094.560059,7226.640137,7033.089844,7216.209961,1.60
07/02/2011,7222.049805,7390.47998,7214.049805,7371.200195,2.15
14/02/2011,7403.830078,7438.419922,7364.040039,7426.810059,0.75
21/02/2011,7412.060059,7441.819824,7093.910156,7185.169922,-3.25
28/02/2011,7173.589844,7356.330078,7122.689941,7178.899902,-0.09
07/03/2011,7137.810059,7270.810059,6963.310059,6981.490234,-2.75
14/03/2011,6896.310059,6946.439941,6483.390137,6664.399902,-4.54
21/03/2011,6782.299805,6985.25,6720.02002,6946.359863,4.23
28/03/2011,6931.859863,7192.379883,6867.419922,7179.810059,3.36
04/04/2011,7178.589844,7242.689941,7129.410156,7217.02002,0.52
11/04/2011,7215.339844,7224.740234,7089.169922,7178.290039,-0.54
18/04/2011,7165.990234,7316.529785,6994.560059,7295.490234,1.63
25/04/2011,7295.490234,7514.689941,7278.52002,7514.459961,3.00
02/05/2011,7570.859863,7600.410156,7291.390137,7492.25,-0.30
09/05/2011,7461.350098,7566.410156,7356.759766,7403.310059,-1.19
16/05/2011,7348.120117,7415.649902,7228.129883,7266.819824,-1.84
23/05/2011,7158.080078,7217.240234,7071.419922,7163.470215,-1.42
30/05/2011,7165,7319.689941,7021.359863,7109.029785,-0.76
06/06/2011,7095.399902,7183.779785,6991.620117,7069.899902,-0.55
13/06/2011,7075.910156,7231.490234,7017.97998,7164.049805,1.33
20/06/2011,7078.589844,7310.100098,7063.859863,7121.379883,-0.60
27/06/2011,7101.149902,7443.200195,7075.189941,7419.439941,4.19
04/07/2011,7427.140137,7523.529785,7389.799805,7402.72998,-0.23
11/07/2011,7352.72998,7358.5,6996.259766,7220.120117,-2.47
18/07/2011,7162.819824,7357.25,7089.089844,7326.390137,1.47
25/07/2011,7273.600098,7382.799805,7063.819824,7158.77002,-2.29
01/08/2011,7254.5,7282.009766,6152.620117,6236.160156,-12.89
08/08/2011,6170.689941,6272.939941,5487.819824,5997.740234,-3.82
15/08/2011,6075.589844,6106.109863,5345.359863,5480,-8.63
22/08/2011,5412.75,5777.040039,5403.580078,5537.47998,1.05
29/08/2011,5634.060059,5869.649902,5493.310059,5538.330078,0.02
05/09/2011,5409.870117,5473.680176,5150.049805,5189.930176,-6.29
12/09/2011,5063.589844,5655.950195,4965.799805,5573.509766,7.39
19/09/2011,5447.319824,5577.600098,4973.919922,5196.560059,-6.76
26/09/2011,5128.560059,5704.410156,5118.189941,5502.02002,5.88
03/10/2011,5311.930176,5749.129883,5125.439941,5675.700195,3.16
10/10/2011,5705.399902,6037.290039,5652.990234,5967.200195,5.14
17/10/2011,6021.290039,6081.410156,5747.649902,5970.959961,0.06
24/10/2011,6014.359863,6430.600098,5937.580078,6346.189941,6.28
31/10/2011,6283.189941,6304.839844,5762.259766,5966.160156,-5.99
07/11/2011,5905.930176,6087.060059,5721.970215,6057.029785,1.52
14/11/2011,6097.27002,6116.069824,5769.689941,5800.240234,-4.24
21/11/2011,5767.089844,5771.700195,5366.5,5492.870117,-5.30
28/11/2011,5577.189941,6169.640137,5573,6080.680176,10.70
05/12/2011,6137.870117,6170.040039,5802.359863,5986.709961,-1.55
12/12/2011,5945.189941,5952.549805,5675.140137,5701.779785,-4.76
19/12/2011,5651.740234,5965.350098,5637.529785,5878.930176,3.11
26/12/2011,5900.700195,5924.379883,5771.27002,5898.350098,0.33
02/01/2012,5900.180176,6179.029785,5900.180176,6057.919922,2.71
09/01/2012,6061.259766,6256.950195,5987.75,6143.080078,1.41
16/01/2012,6120.399902,6431.259766,6104.109863,6404.390137,4.25
23/01/2012,6387.330078,6574.189941,6339,6511.97998,1.68
30/01/2012,6454.540039,6767.459961,6414.330078,6766.669922,3.91
06/02/2012,6752.029785,6838.129883,6649.560059,6692.959961,-1.09
13/02/2012,6748.680176,6874.529785,6651.720215,6848.029785,2.32
20/02/2012,6892.040039,6971.029785,6733.589844,6864.430176,0.24
27/02/2012,6817.459961,6967.140137,6743.649902,6921.370117,0.83
05/03/2012,6876.890137,6912.419922,6612.609863,6880.209961,-0.59
12/03/2012,6868.970215,7194.330078,6846.899902,7157.819824,4.03
19/03/2012,7143.930176,7154.830078,6908.970215,6995.620117,-2.27
26/03/2012,7022.640137,7153.680176,6841.970215,6946.830078,-0.70
02/04/2012,6973.990234,7081.060059,6685.799805,6775.259766,-2.47
09/04/2012,6694.720215,6761.779785,6552.319824,6583.899902,-2.82
16/04/2012,6556.299805,6812.839844,6548.390137,6750.120117,2.52
23/04/2012,6666.790039,6825.410156,6499.069824,6801.319824,0.76
30/04/2012,6844.100098,6875.870117,6546,6561.470215,-3.53
07/05/2012,6515.939941,6589.009766,6375.790039,6579.930176,0.28
14/05/2012,6499.790039,6520.859863,6229.299805,6271.220215,-4.69
21/05/2012,6269.310059,6446,6244.02002,6339.939941,1.10
28/05/2012,6425.100098,6441.259766,6008.470215,6050.290039,-4.57
04/06/2012,5976.459961,6230.220215,5914.430176,6130.819824,1.33
11/06/2012,6255.649902,6287.540039,6078.220215,6229.410156,1.61
18/06/2012,6304.77002,6427.490234,6221.870117,6263.25,0.54
25/06/2012,6229.430176,6416.279785,6096.939941,6416.279785,2.44
02/07/2012,6405.390137,6641.859863,6390.549805,6410.109863,-0.10
09/07/2012,6408.640137,6557.100098,6349.620117,6557.100098,2.29
16/07/2012,6550.950195,6775.740234,6511.180176,6630.02002,1.11
23/07/2012,6561.870117,6690.430176,6324.529785,6689.399902,0.90
30/07/2012,6729.189941,6876.740234,6596.209961,6865.660156,2.63
06/08/2012,6845.879883,6989.149902,6845.879883,6944.560059,1.15
13/08/2012,6935.509766,7041.109863,6882.029785,7040.879883,1.39
20/08/2012,7037.02002,7105.430176,6885.97998,6971.069824,-0.99
27/08/2012,6960.02002,7049.47998,6871,6970.790039,0.00
03/09/2012,6946.609863,7248.509766,6892.859863,7214.5,3.50
10/09/2012,7207.959961,7446.470215,7186.629883,7412.129883,2.74
17/09/2012,7390.290039,7478.529785,7304.25,7451.620117,0.53
24/09/2012,7419.649902,7440.490234,7215.950195,7216.149902,-3.16
01/10/2012,7227.810059,7409.779785,7225.290039,7397.870117,2.52
08/10/2012,7340.390137,7341.279785,7182.310059,7232.490234,-2.24
15/10/2012,7237.399902,7447.810059,7237.399902,7380.640137,2.05
22/10/2012,7372.359863,7390.100098,7120.680176,7231.850098,-2.02
29/10/2012,7205.049805,7391.040039,7171.959961,7363.850098,1.83
05/11/2012,7320.97998,7434.959961,7064.339844,7163.5,-2.72
12/11/2012,7164.680176,7196,6950.529785,6950.529785,-2.97
19/11/2012,7020.22998,7311.549805,7007.209961,7309.129883,5.16
26/11/2012,7286.689941,7442.600098,7265.439941,7405.5,1.32
03/12/2012,7427.410156,7554.509766,7417.299805,7517.799805,1.52
10/12/2012,7484.950195,7626.399902,7457.399902,7596.470215,1.05
17/12/2012,7604.160156,7682.899902,7564.069824,7636.22998,0.52
24/12/2012,7636.22998,7676.5,7602.890137,7612.390137,-0.31
31/12/2012,7612.390137,7789.939941,7612.390137,7776.370117,2.15
07/01/2013,7760.009766,7773.689941,7683.47998,7715.529785,-0.78
14/01/2013,7737.609863,7785.819824,7635.879883,7702.22998,-0.17
21/01/2013,7727.77002,7865.160156,7634.259766,7857.970215,2.02
28/01/2013,7859.830078,7871.790039,7765.200195,7833.390137,-0.31
04/02/2013,7822.540039,7837.640137,7537.290039,7652.140137,-2.31
11/02/2013,7627.720215,7737.410156,7588.569824,7593.509766,-0.77
18/02/2013,7591.080078,7784.640137,7561.839844,7661.910156,0.90
25/02/2013,7731.799805,7860.569824,7565.779785,7708.160156,0.60
04/03/2013,7654.669922,8015.069824,7637.319824,7986.470215,3.61
11/03/2013,7967.459961,8074.470215,7933.939941,8042.850098,0.71
18/03/2013,7924.040039,8030.459961,7876.359863,7911.350098,-1.63
25/03/2013,7988.27002,8030.759766,7750.379883,7795.310059,-1.47
01/04/2013,7795.310059,7953.149902,7632.419922,7658.75,-1.75
08/04/2013,7669.040039,7885.450195,7608.040039,7744.77002,1.12
15/04/2013,7740.540039,7773.109863,7418.359863,7459.959961,-3.68
22/04/2013,7516.060059,7840.470215,7437.52002,7814.759766,4.76
29/04/2013,7834.02002,8130.160156,7823.240234,8122.290039,3.94
06/05/2013,8119.220215,8358.230469,8103.27002,8278.589844,1.92
13/05/2013,8281.950195,8408.620117,8217.150391,8398,1.44
20/05/2013,8434.969727,8557.860352,8262.639648,8305.320313,-1.10
27/05/2013,8346.599609,8526.419922,8293.959961,8348.839844,0.52
03/06/2013,8291.490234,8395.55957,8034.549805,8254.679688,-1.13
10/06/2013,8246.040039,8355.790039,7968.129883,8127.959961,-1.54
17/06/2013,8170.75,8285.900391,7789.240234,7789.240234,-4.17
24/06/2013,7776.879883,8037.680176,7655.830078,7959.220215,2.18
01/07/2013,8000.02002,8031.709961,7730.370117,7806,-1.93
08/07/2013,7865.919922,8244.129883,7848.140137,8212.769531,5.21
15/07/2013,8237.919922,8337.200195,8137.529785,8331.570313,1.45
22/07/2013,8343.280273,8415.330078,8217.259766,8244.910156,-1.04
29/07/2013,8307.120117,8431.669922,8213.360352,8406.94043,1.97
05/08/2013,8416.110352,8435.490234,8228.110352,8338.30957,-0.82
12/08/2013,8341.959961,8457.049805,8238.860352,8391.94043,0.64
19/08/2013,8395.019531,8438.44043,8246.19043,8416.990234,0.30
26/08/2013,8424.070313,8437.75,8094.220215,8103.149902,-3.73
02/09/2013,8224.339844,8295.80957,8095.910156,8275.669922,2.13
09/09/2013,8275.009766,8518.179688,8246.769531,8509.419922,2.82
16/09/2013,8599.650391,8770.099609,8578.009766,8675.730469,1.95
23/09/2013,8682.94043,8699.469727,8605.589844,8661.509766,-0.16
30/09/2013,8562.849609,8691.849609,8546.719727,8622.969727,-0.44
07/10/2013,8557.040039,8729.330078,8489.620117,8724.830078,1.18
14/10/2013,8688.450195,8865.099609,8675.950195,8865.099609,1.61
21/10/2013,8828.469727,9010.650391,8827.230469,8985.740234,1.36
28/10/2013,9013.049805,9070.169922,8950.209961,9007.830078,0.25
04/11/2013,9035.910156,9193.980469,8962.419922,9078.280273,0.78
11/11/2013,9081.580078,9188.469727,8981.089844,9168.69043,1.00
18/11/2013,9154.230469,9253.679688,9117.089844,9219.040039,0.55
25/11/2013,9258.219727,9424.620117,9252.730469,9405.299805,2.02
02/12/2013,9412.950195,9424.830078,9069.820313,9172.410156,-2.48
09/12/2013,9218.80957,9225.530273,8984.280273,9006.459961,-1.81
16/12/2013,9004.620117,9413.089844,8997.75,9400.179688,4.37
23/12/2013,9436.490234,9589.389648,9427.540039,9589.389648,2.01
30/12/2013,9586.530273,9620.929688,9367.990234,9435.150391,-1.61
06/01/2014,9419.44043,9549.5,9399.80957,9473.240234,0.40
13/01/2014,9497.919922,9789.889648,9381.94043,9742.959961,2.85
20/01/2014,9713.200195,9794.049805,9374.080078,9392.019531,-3.60
27/01/2014,9389.169922,9537.629883,9166.049805,9306.480469,-0.91
03/02/2014,9318.769531,9357.580078,9071.25,9301.919922,-0.05
10/02/2014,9331.709961,9677.530273,9280.179688,9662.400391,3.88
17/02/2014,9661.799805,9695.860352,9504.179688,9656.950195,-0.06
24/02/2014,9619.639648,9720.660156,9497.780273,9692.080078,0.36
03/03/2014,9553.080078,9599,9346.820313,9350.75,-3.52
10/03/2014,9305.509766,9382.980469,8913.269531,9056.410156,-3.15
17/03/2014,9047.490234,9376.94043,9047.490234,9342.94043,3.16
24/03/2014,9349.519531,9587.19043,9181.370117,9587.19043,2.61
31/03/2014,9621.919922,9721.5,9543.089844,9695.769531,1.13
07/04/2014,9585.519531,9608.200195,9259.429688,9315.290039,-3.92
14/04/2014,9248.860352,9417.820313,9166.530273,9409.709961,1.01
21/04/2014,9455.519531,9645.05957,9367.419922,9401.549805,-0.09
28/04/2014,9454.839844,9627.379883,9407.650391,9556.019531,1.64
05/05/2014,9536.379883,9622.299805,9407.089844,9581.450195,0.27
12/05/2014,9608.929688,9810.290039,9577.900391,9629.099609,0.50
19/05/2014,9607.320313,9779.589844,9534.55957,9768.009766,1.44
26/05/2014,9826.910156,9970.769531,9821.679688,9943.269531,1.79
02/06/2014,9986.860352,10013.69043,9866.969727,9987.19043,0.44
09/06/2014,9994.400391,10033.74023,9829.089844,9912.870117,-0.74
16/06/2014,9885.969727,10050.98047,9861.290039,9987.240234,0.75
23/06/2014,9991.400391,9993.019531,9749.75,9815.169922,-1.72
30/06/2014,9833.849609,10032.28027,9800.080078,10009.08008,1.98
07/07/2014,9992.129883,10015.36035,9617.589844,9666.339844,-3.42
14/07/2014,9710.919922,9871.580078,9655.509766,9720.019531,0.56
21/07/2014,9711.679688,9810.469727,9597.620117,9644.009766,-0.78
28/07/2014,9660.709961,9704.009766,9185.410156,9210.080078,-4.50
04/08/2014,9222.049805,9243.230469,8903.490234,9009.320313,-2.18
11/08/2014,9106.669922,9324.570313,9050,9092.599609,0.92
18/08/2014,9220.990234,9414.389648,9195.110352,9339.169922,2.71
25/08/2014,9456.669922,9600.849609,9369.400391,9470.169922,1.40
01/09/2014,9484.530273,9774.650391,9424.780273,9747.019531,2.92
08/09/2014,9767.900391,9773.700195,9617.700195,9651.129883,-0.98
15/09/2014,9603.969727,9891.200195,9588.650391,9799.259766,1.53
22/09/2014,9748.530273,9812.769531,9454.879883,9490.549805,-3.15
29/09/2014,9495.580078,9520.969727,9195.679688,9195.679688,-3.11
06/10/2014,9341.049805,9343.650391,8788.209961,8788.80957,-4.42
13/10/2014,8703.849609,8872.400391,8354.969727,8850.269531,0.70
20/10/2014,8819.259766,9068.120117,8644.709961,8987.799805,1.55
27/10/2014,9080.799805,9339.330078,8837.660156,9326.870117,3.77
03/11/2014,9305.730469,9467.360352,9148.780273,9291.830078,-0.38
10/11/2014,9233.870117,9400.900391,9170.280273,9252.94043,-0.42
17/11/2014,9162.269531,9736.139648,9161.599609,9732.549805,5.18
24/11/2014,9722.30957,9992.669922,9711.769531,9980.849609,2.55
01/12/2014,9915.740234,10093.03027,9835.419922,10087.12012,1.06
08/12/2014,10060.91016,10084.9502,9586.219727,9594.730469,-4.88
15/12/2014,9599.820313,9901.259766,9219.049805,9786.959961,2.00
22/12/2014,9827.259766,9924.009766,9826.549805,9922.110352,1.38
29/12/2014,9914.870117,9927.849609,9687.259766,9764.730469,-1.59
05/01/2015,9735.650391,9860.179688,9382.820313,9648.5,-1.19
12/01/2015,9697.459961,10207.96973,9622.320313,10167.76953,5.38
19/01/2015,10231.58008,10704.32031,10149.76953,10649.58008,4.74
26/01/2015,10592.96973,10810.57031,10552.75977,10694.32031,0.42
02/02/2015,10719.17969,10984.69043,10677.38965,10846.38965,1.42
09/02/2015,10765.20996,11013.84961,10594.32031,10963.40039,1.08
16/02/2015,10946.87988,11081.80957,10765.01953,11050.63965,0.80
23/02/2015,11150.46973,11401.66016,11069.76953,11401.66016,3.18
02/03/2015,11408.28027,11600.37012,11193.29981,11550.96973,1.31
09/03/2015,11510.34961,11903.33008,11402.66992,11901.61035,3.04
16/03/2015,11955.82031,12219.04981,11787.29981,12039.37012,1.16
23/03/2015,11984.79004,12030.58984,11619.71973,11868.33008,-1.42
30/03/2015,11927.13965,12119.70996,11880.19043,11967.38965,0.83
06/04/2015,12057.33984,12390.75,12017.79981,12374.73047,3.40
13/04/2015,12357.26953,12388.12988,11674.58984,11688.7002,-5.54
20/04/2015,11736.40039,12079.03027,11675.58008,11810.84961,1.05
27/04/2015,11881.25,12050.70996,11331.37012,11454.37988,-3.02
04/05/2015,11506.83984,11751.21973,11167.54981,11709.73047,2.23
11/05/2015,11674.51953,11702.12988,11218.54004,11447.03027,-2.24
18/05/2015,11464.79981,11881.80957,11378.86035,11815.00977,3.21
25/05/2015,11841.48047,11920.30957,11403.82031,11413.82031,-3.40
01/06/2015,11462.96973,11515.20996,11155.00977,11197.15039,-1.90
08/06/2015,11131.86035,11452.94043,10864.67969,11196.49023,-0.01
15/06/2015,11053.20996,11246.26953,10797.84961,11040.09961,-1.40
22/06/2015,11138.70996,11635.84961,11138.54981,11492.42969,4.10
29/06/2015,11404.70996,11409.80957,10897.96973,11058.38965,-3.78
06/07/2015,10825.05957,11339.78027,10652.79004,11315.62988,2.33
13/07/2015,11489.16992,11787.58008,11414.38965,11673.41992,3.16
20/07/2015,11679.46973,11802.37012,11334.76953,11347.4502,-2.79
27/07/2015,11287.76953,11313.26953,11052.86035,11308.99023,-0.34
03/08/2015,11295.5,11669.86035,11248.26953,11490.83008,1.61
10/08/2015,11545.62988,11618.29981,10892.87988,10985.13965,-4.40
17/08/2015,11044.75,11113.79004,10124.51953,10124.51953,-7.83
24/08/2015,9805.719727,10382.9502,9338.200195,10298.53027,1.72
31/08/2015,10200.98047,10380.36035,9928.650391,10038.04004,-2.53
07/09/2015,10148.79981,10512.61035,10055.13965,10123.55957,0.85
14/09/2015,10112.90039,10336.2002,9861.509766,9916.160156,-2.05
21/09/2015,9837.129883,10000.62012,9362.280273,9688.530273,-2.30
28/09/2015,9633.679688,9788.269531,9325.049805,9553.070313,-1.40
05/10/2015,9691.650391,10146.87988,9647.169922,10096.59961,5.69
12/10/2015,10128.49023,10187.08984,9890.459961,10104.42969,0.08
19/10/2015,10084.61035,10847.46973,10080.19043,10794.54004,6.83
26/10/2015,10791.17969,10886.98047,10691.62988,10850.13965,0.52
02/11/2015,10749.98047,11055.4502,10744.37012,10988.03027,1.27
09/11/2015,10993.24023,10995.48047,10607.45996,10708.40039,-2.54
16/11/2015,10609.13965,11164.29981,10608.83008,11119.83008,3.84
23/11/2015,11105.91992,11366.37012,10869.2002,11293.75977,1.56
30/11/2015,11268.30957,11430.87012,10632.76953,10752.09961,-4.80
07/12/2015,10832.41992,10992.54981,10294.25,10340.05957,-3.83
14/12/2015,10406.70996,10829.62012,10122.9502,10608.19043,2.59
21/12/2015,10607.2002,10796.03027,10400.61035,10727.63965,1.13
28/12/2015,10748.37012,10860.13965,10627.45996,10743.00977,0.14
04/01/2016,10485.80957,10485.91016,9810.469727,9849.339844,-8.32
11/01/2016,9814.040039,10164.04981,9459.089844,9545.269531,-3.09
18/01/2016,9542.599609,9837.620117,9314.570313,9764.879883,2.30
25/01/2016,9790.44043,9905.080078,9563.639648,9798.110352,0.34
01/02/2016,9823.730469,9827.099609,9250.839844,9286.230469,-5.22
08/02/2016,9329.870117,9337.519531,8699.290039,8967.509766,-3.43
15/02/2016,9163.540039,9551.870117,9079.19043,9388.049805,4.69
22/02/2016,9481.370117,9581.450195,9125.19043,9513.299805,1.33
29/02/2016,9424.929688,9899.110352,9332.419922,9824.169922,3.27
07/03/2016,9764.080078,9995.839844,9498.150391,9831.129883,0.07
14/03/2016,9948.209961,10055.29004,9753.040039,9950.799805,1.22
21/03/2016,9893.259766,10112.16992,9762.570313,9851.349609,-1.00
28/03/2016,9900.879883,10097.7002,9675.5,9794.639648,-0.58
04/04/2016,9789.769531,9907.049805,9484.75,9622.259766,-1.76
11/04/2016,9595.55957,10098.44043,9524.660156,10051.57031,4.46
18/04/2016,9933.700195,10474.37988,9920.900391,10373.49023,3.20
25/04/2016,10379.16016,10399.29981,10038.96973,10038.96973,-3.22
02/05/2016,10091.16992,10153.90039,9737,9869.950195,-1.68
09/05/2016,9929.19043,10106.92969,9767.94043,9952.900391,0.84
16/05/2016,10016.79004,10080.30957,9773.719727,9916.019531,-0.37
23/05/2016,9891.379883,10298.75977,9773.799805,10286.30957,3.73
30/05/2016,10293.42969,10365.24023,10040.87012,10103.25977,-1.78
06/06/2016,10105.08984,10312.53027,9819.120117,9834.620117,-2.66
13/06/2016,9715.780273,9755.230469,9432.870117,9631.360352,-2.07
20/06/2016,9850.589844,10340.83984,9226.150391,9557.160156,-0.77
27/06/2016,9516.919922,9806.469727,9214.099609,9776.120117,2.29
04/07/2016,9797.660156,9808.990234,9304.009766,9629.660156,-1.50
11/07/2016,9744.799805,10109.86035,9690.179688,10066.90039,4.54
18/07/2016,10079.03027,10195.65039,9923.639648,10147.45996,0.80
25/07/2016,10155.2002,10381.90039,10125.21973,10337.5,1.87
01/08/2016,10426.36035,10459.33984,10092.53027,10367.20996,0.29
08/08/2016,10407.5,10742.83984,10403.46973,10713.42969,3.34
15/08/2016,10719.13965,10802.32031,10490.95996,10544.36035,-1.58
22/08/2016,10528.87988,10656.25,10443.48047,10587.76953,0.41
29/08/2016,10503.87988,10693.63965,10441.80957,10683.82031,0.91
05/09/2016,10712.16992,10780.41992,10539.30957,10573.44043,-1.03
12/09/2016,10380.45996,10507.04004,10262.19043,10276.16992,-2.81
19/09/2016,10349.87012,10705.40039,10326.75,10626.96973,3.41
26/09/2016,10555.19043,10575.33984,10189.94043,10511.01953,-1.09
03/10/2016,10492.96973,10646.71973,10465.34961,10490.86035,-0.19
10/10/2016,10496.00977,10692.36035,10349.05957,10580.37988,0.85
17/10/2016,10544.69043,10748.41016,10491.28027,10710.73047,1.23
24/10/2016,10743.87012,10827.71973,10583.57031,10696.19043,-0.14
31/10/2016,10658.66992,10730.48047,10212.53027,10259.12988,-4.09
07/11/2016,10410.55957,10793.96973,10174.91992,10667.9502,3.98
14/11/2016,10750.62012,10802.38965,10604.32031,10664.55957,-0.03
21/11/2016,10697.9502,10767.73047,10595.13965,10699.26953,0.33
28/11/2016,10655.91992,10691.66992,10402.58984,10513.34961,-1.74
05/12/2016,10494.63965,11231.69043,10493.62012,11203.62988,6.57
12/12/2016,11198.41992,11451.57031,11141.86035,11404.00977,1.79
19/12/2016,11384.03027,11480.17969,11380.12012,11449.92969,0.40
26/12/2016,11457.91016,11481.66016,11404.82031,11481.05957,0.27
02/01/2017,11426.37988,11637.37012,11414.82031,11599.00977,1.03
09/01/2017,11606.88965,11692.26953,11491.87012,11629.17969,0.26
16/01/2017,11537.4502,11644.87988,11425.13965,11630.12988,0.01
23/01/2017,11545.96973,11893.08008,11508.83008,11814.26953,1.58
30/01/2017,11786.30957,11792.33008,11535.30957,11651.49023,-1.38
06/02/2017,11628.03027,11711.54981,11479.78027,11666.96973,0.13
13/02/2017,11697.99023,11848.04004,11684.91016,11757.01953,0.77
20/02/2017,11831.70996,12031.11035,11722.34961,11804.03027,0.40
27/02/2017,11858.13965,12082.58984,11780.83008,12027.36035,1.89
06/03/2017,11956.80957,12067.07031,11917.78027,11963.17969,-0.53
13/03/2017,11954.79981,12156.44043,11930.37988,12095.24023,1.10
20/03/2017,12050.80957,12111.24023,11850.26953,12064.26953,-0.26
27/03/2017,11957.65039,12313.29004,11916.07031,12312.87012,2.06
03/04/2017,12368.82031,12375.58008,12119.04004,12225.05957,-0.71
10/04/2017,12244.5,12246.87988,12049.92969,12109,-0.95
17/04/2017,12135.61035,12162.46973,11941.57031,12048.57031,-0.50
24/04/2017,12296.55957,12486.29004,12289.37012,12438.00977,3.23
01/05/2017,12478.45996,12718.66016,12433.50977,12716.88965,2.24
08/05/2017,12758.48047,12783.23047,12659.7002,12770.41016,0.42
15/05/2017,12824.04981,12841.66016,12489.9502,12638.69043,-1.03
22/05/2017,12664.96973,12703.74023,12529.50977,12602.17969,-0.29
29/05/2017,12588.79981,12878.58984,12567.21973,12822.94043,1.75
05/06/2017,12768.45996,12821.03027,12640.51953,12815.71973,-0.06
12/06/2017,12760.38965,12921.16992,12620.90039,12752.73047,-0.49
19/06/2017,12849.99023,12951.54004,12677.40039,12733.41016,-0.15
26/06/2017,12783.88965,12841.30957,12319,12325.12012,-3.21
03/07/2017,12396.33984,12496.82031,12316.42969,12388.67969,0.52
10/07/2017,12464.95996,12676.51953,12406.2002,12631.71973,1.96
17/07/2017,12652.37012,12656.12988,12190.88965,12240.05957,-3.10
24/07/2017,12228.62988,12341.03027,12098.57031,12162.7002,-0.63
31/07/2017,12141.53027,12321.98047,12092.05957,12297.71973,1.11
07/08/2017,12305.74023,12336,11934.91992,12014.05957,-2.31
14/08/2017,12100.16992,12301.40039,12080.74023,12165.19043,1.26
21/08/2017,12105.71973,12269.91992,12021.7002,12167.94043,0.02
28/08/2017,12105.49023,12191.23047,11868.83984,12142.63965,-0.21
04/09/2017,12051.79981,12363.59961,12050.53027,12303.98047,1.33
11/09/2017,12381.51953,12565.84961,12381.33008,12518.80957,1.75
18/09/2017,12593.54981,12646.55957,12518.21973,12592.34961,0.59
25/09/2017,12573.34961,12828.86035,12551.87012,12828.86035,1.88
02/10/2017,12866.26953,12993.53027,12849.58984,12955.94043,0.99
09/10/2017,12975.86035,13036.74023,12909.28027,12991.87012,0.28
16/10/2017,13017.17969,13094.75977,12911.58008,12991.28027,0.00
23/10/2017,13014.57031,13249.03027,12931.21973,13217.54004,1.74
30/10/2017,13227.84961,13505.00977,13214.59961,13478.86035,1.98
06/11/2017,13459.41992,13525.55957,13111.65039,13127.46973,-2.61
13/11/2017,13150.78027,13163.94043,12847.87988,12993.73047,-1.02
20/11/2017,12932.80957,13209.00977,12921.15039,13059.83984,0.51
27/11/2017,13036.74023,13196.15039,12810.12988,12861.49023,-1.52
04/12/2017,13038.76953,13240.91992,12864.67969,13153.7002,2.27
11/12/2017,13181.84961,13192.41992,13008.07031,13103.55957,-0.38
18/12/2017,13211.62988,13338.91016,13013.62988,13072.79004,-0.23
25/12/2017,13070.19043,13128.74023,12911.73047,12917.63965,-1.19
01/01/2018,12897.69043,13332.79981,12745.15039,13319.63965,3.11
08/01/2018,13399.62012,13425.01953,13151.83984,13245.03027,-0.56
15/01/2018,13244.37012,13445.46973,13137.50977,13434.4502,1.43
22/01/2018,13435.13965,13596.88965,13222.46973,13340.16992,-0.70
29/01/2018,13358.90039,13370.01953,12782.07031,12785.16016,-4.16
05/02/2018,12687.79004,12752.59961,12003.36035,12107.48047,-5.30
12/02/2018,12238.62988,12484.12012,12075.20996,12451.95996,2.85
19/02/2018,12495.07031,12513.32031,12283.7002,12483.79004,0.26
26/02/2018,12566.04981,12601.45996,11877.66016,11913.70996,-4.57
05/03/2018,11831.57031,12407.98047,11830.98047,12346.67969,3.63
12/03/2018,12453.29981,12459.90039,12162.46973,12389.58008,0.35
19/03/2018,12346.50977,12369.76953,11818.7002,11886.30957,-4.06
26/03/2018,11919.63965,12151.30957,11726.62012,12096.73047,1.77
02/04/2018,11997.46973,12322.37012,11792.34961,12241.26953,1.19
09/04/2018,12311.01953,12523.96973,12205.38965,12442.40039,1.64
16/04/2018,12478.99023,12640.25,12375.62988,12540.5,0.79
23/04/2018,12538.16016,12647.16016,12312.26953,12580.87012,0.32
30/04/2018,12606.26953,12827.54004,12563.74023,12819.59961,1.90
07/05/2018,12827.42969,13034.20996,12813.54981,13001.24023,1.42
14/05/2018,13009.83008,13133.19043,12918.29004,13077.71973,0.59
21/05/2018,13132.55957,13204.30957,12801.82031,12938.00977,-1.07
28/05/2018,13016.54981,13040.62988,12547.61035,12724.26953,-1.65
04/06/2018,12839.44043,12925.24023,12610.67969,12766.54981,0.33
11/06/2018,12816.32031,13170.04981,12751.66016,13010.54981,1.91
18/06/2018,12945.53027,12982.91992,12472.98047,12579.71973,-3.31
25/06/2018,12497.48047,12518.88965,12104.41016,12306,-2.18
02/07/2018,12147.94043,12516.50977,12132.71973,12496.16992,1.55
09/07/2018,12541.74023,12639.79004,12398.46973,12540.73047,0.36
16/07/2018,12530.98047,12778.95996,12469.5,12561.41992,0.16
23/07/2018,12510.23047,12886.83008,12489.33008,12860.40039,2.38
30/07/2018,12822.87012,12860.58984,12493.2002,12615.75977,-1.90
06/08/2018,12631.40039,12738.53027,12390.40039,12424.34961,-1.52
13/08/2018,12346.75,12461.82031,12120.65039,12210.54981,-1.72
20/08/2018,12263.00977,12444.34961,12245.55957,12394.51953,1.51
27/08/2018,12462.75,12597.01953,12348.91016,12364.05957,-0.25
03/09/2018,12338.36035,12402.87012,11888.57031,11959.62988,-3.27
10/09/2018,11950.54981,12134.54004,11865.46973,12124.33008,1.38
17/09/2018,12056.37988,12458.29981,12040.79981,12430.87988,2.53
24/09/2018,12383.41992,12456.69043,12190.57031,12246.73047,-1.48
01/10/2018,12265.88965,12373.29004,12103.54981,12111.90039,-1.10
08/10/2018,12044.95996,12072.26953,11514.54981,11523.80957,-4.86
15/10/2018,11523.80957,11847.79004,11459.08008,11553.83008,0.26
22/10/2018,11665.67969,11677.4502,11051.04004,11200.62012,-3.06
29/10/2018,11270.66992,11689.95996,11212.58008,11518.99023,2.84
05/11/2018,11522.33008,11648.79004,11418.34961,11529.16016,0.09
12/11/2018,11591.58984,11598.50977,11233.20996,11341,-1.63
19/11/2018,11384,11419.54981,11009.25,11192.69043,-1.31
26/11/2018,11315.90039,11403.71973,11208.59961,11257.24023,0.58
03/12/2018,11534.75,11566.96973,10762.41016,10788.08984,-4.17
10/12/2018,10726.16992,10988.76953,10585.76953,10865.76953,0.72
17/12/2018,10852.99023,10886.79981,10512.63965,10633.82031,-2.13
24/12/2018,10607.41992,10635.4502,10279.2002,10558.95996,-0.70
31/12/2018,10477.76953,10786.33984,10386.96973,10767.69043,1.98
07/01/2019,10814.38965,10961.91992,10681.26953,10887.45996,1.11
14/01/2019,10820.84961,11216.82031,10786.75,11205.54004,2.92
21/01/2019,11176.12012,11321.62012,11007.20996,11281.79004,0.68
28/01/2019,11233.16016,11311.37012,11051.11035,11180.66016,-0.90
04/02/2019,11180.41992,11371.74023,10863.55957,10906.78027,-2.45
11/02/2019,10955.83008,11323.04981,10944.58008,11299.79981,3.60
18/02/2019,11287.74023,11504.70996,11244.51953,11457.7002,1.40
25/02/2019,11517.75977,11676.86035,11416.08008,11601.67969,1.26
04/03/2019,11646.20996,11652.76953,11405.20996,11457.83984,-1.24
11/03/2019,11497.98047,11725.66016,11462.90039,11685.69043,1.99
18/03/2019,11685.54004,11823.29004,11356.49023,11364.16992,-2.75
25/03/2019,11323.2002,11549.41992,11299.79981,11526.04004,1.42
01/04/2019,11617.17969,12029.25977,11612.7002,12009.75,4.20
08/04/2019,11979.73047,12031.15039,11846.59961,11999.92969,-0.08
15/04/2019,12011.11035,12243.62988,11983.33008,12222.38965,1.85
22/04/2019,12224.32031,12349.83008,12182.98047,12315.17969,0.76
29/04/2019,12308.98047,12435.66992,12266.33984,12412.75,0.79
06/05/2019,12171.90039,12319.04981,11957.30957,12059.83008,-2.84
13/05/2019,12044.09961,12310.37012,11844.46973,12238.94043,1.49
20/05/2019,12226.84961,12246.5,11926.33984,12011.04004,-1.86
27/05/2019,12077.87988,12124.54981,11662.07031,11726.83984,-2.37
03/06/2019,11661.12012,12096.61035,11620.63965,12045.37988,2.72
10/06/2019,12133.59961,12227.40039,12049.75977,12096.40039,0.42
17/06/2019,12112.46973,12438.37012,11987.54981,12339.91992,2.01
24/06/2019,12308.11035,12408.21973,12189.49023,12398.79981,0.48
01/07/2019,12616.33984,12656.04981,12484.25977,12568.53027,1.37
08/07/2019,12541.17969,12587.44043,12304.98047,12323.32031,-1.95
15/07/2019,12346.58984,12465.19043,12172.58984,12260.07031,-0.51
22/07/2019,12243.58008,12599.92969,12236.7002,12419.90039,1.30
29/07/2019,12398.29004,12473.96973,11836.75,11872.44043,-4.41
05/08/2019,11758.44043,11865.62988,11559.75977,11693.79981,-1.50
12/08/2019,11801.05957,11836.96973,11266.48047,11562.74023,-1.12
19/08/2019,11679.71973,11853.13965,11611.50977,11611.50977,0.42
26/08/2019,11619.66016,11989.44043,11551.99023,11939.28027,2.82
02/09/2019,11939.99023,12205.09961,11869.28027,12191.73047,2.11
09/09/2019,12210.87012,12494.25,12179.87988,12468.53027,2.27
16/09/2019,12387.67969,12490.83984,12303.50977,12468.00977,0.00
23/09/2019,12432.29981,12441.01953,12141.82031,12380.94043,-0.70
30/09/2019,12367.80957,12497.28027,11878.98047,12012.80957,-2.97
07/10/2019,12008.76953,12511.65039,11933.01953,12511.65039,4.15
14/10/2019,12468.78027,12814.49023,12387.9502,12633.59961,0.97
21/10/2019,12661.92969,12914.24023,12646.28027,12894.50977,2.07
28/10/2019,12897.40039,12992.07031,12795.08984,12961.04981,0.52
04/11/2019,13022.9502,13300.75977,13019.17969,13228.55957,2.06
11/11/2019,13170.17969,13308.25977,13139.25,13241.75,0.10
18/11/2019,13255.78027,13374.26953,13043.90039,13163.87988,-0.59
25/11/2019,13247.50977,13314.91992,13165.07031,13236.37988,0.55
02/12/2019,13264.92969,13338.25,12927.07031,13166.58008,-0.53
09/12/2019,13147.57031,13423.41016,12886.54981,13282.71973,0.88
16/12/2019,13349.86035,13425.84961,13140.21973,13318.90039,0.27
23/12/2019,13304.76953,13381.44043,13285.54981,13337.11035,0.14
30/12/2019,13301.42969,13425.03027,13120.71973,13219.13965,-0.88
06/01/2020,13085.49023,13548.2002,12948.16992,13483.30957,2.00
13/01/2020,13521.86035,13557.78027,13362.2002,13526.12988,0.32
20/01/2020,13503.83008,13640.05957,13382.23047,13576.67969,0.37
27/01/2020,13374.99023,13399.41992,12973.7002,12981.96973,-4.38
03/02/2020,13033.16992,13606.96973,12987.53027,13513.80957,4.10
10/02/2020,13476,13788.50977,13445.41016,13744.20996,1.70
17/02/2020,13770.66992,13795.24023,13500.5,13579.33008,-1.20
24/02/2020,13231.37988,13236.58008,11724.12012,11890.34961,-12.44
02/03/2020,12030.26953,12272.99023,11447.2002,11541.87012,-2.93
09/03/2020,10690.08008,11032.29004,9064.679688,9232.080078,-20.01
16/03/2020,8728.480469,9201.070313,8255.650391,8928.950195,-3.28
23/03/2020,8536.330078,10137.62012,8480.280273,9632.519531,7.88
30/03/2020,9725.879883,10096.41992,9337.019531,9525.769531,-1.11
06/04/2020,9889.030273,10649.79004,9841.490234,10564.74023,10.91
