Date,Open,High,Low,Close,% Change DJIA
21/03/2005,10629.90039,10630.49023,10430.53027,10442.87012,-1.7573
28/03/2005,10444.12988,10568.92969,10381.01953,10404.29981,-0.3693
04/04/2005,10401.70996,10557.11035,10356.70996,10461.33984,0.5482
11/04/2005,10462.08008,10529.76953,10076.57031,10087.50977,-3.5734
18/04/2005,10088.54004,10219.33984,10000.45996,10157.70996,0.6959
25/04/2005,10158.51953,10263.59961,10048.12012,10192.50977,0.3426
02/05/2005,10192,10405.76953,10188.07031,10345.40039,1.5000
09/05/2005,10345.40039,10384.86035,10075.54981,10140.12012,-1.9843
16/05/2005,10139.61035,10499.25977,10138.28027,10471.91016,3.2721
23/05/2005,10472.79981,10560.80957,10426.38965,10542.54981,0.6746
30/05/2005,10541.88965,10586.37012,10448.41016,10460.96973,-0.7738
06/06/2005,10461.63965,10578.83984,10430.96973,10512.62988,0.4938
13/06/2005,10503.57031,10656.29004,10474.37988,10623.07031,1.0505
20/06/2005,10621.54004,10646.24023,10297.83984,10297.83984,-3.0615
27/06/2005,10298.07031,10433.79004,10253.49023,10303.44043,0.0544
04/07/2005,10303.12988,10462.25977,10175.40039,10449.13965,1.4141
11/07/2005,10449.59961,10657.69043,10449.59961,10640.83008,1.8345
18/07/2005,10640.19043,10700.05957,10574.99023,10651.17969,0.0973
25/07/2005,10651.66016,10717.73047,10572.91992,10640.91016,-0.0964
01/08/2005,10641.78027,10699.19043,10554.4502,10558.03027,-0.7789
08/08/2005,10557.24023,10719.41016,10524.91016,10600.30957,0.4004
15/08/2005,10599.19043,10655.08008,10503.37012,10559.23047,-0.3875
22/08/2005,10559.23047,10641.15039,10383.98047,10397.29004,-1.5336
29/08/2005,10396.90039,10513.75977,10349.37012,10447.37012,0.4817
05/09/2005,10447.69043,10695.91992,10447.69043,10678.55957,2.2129
12/09/2005,10678.41016,10701.80957,10520.92969,10641.94043,-0.3429
19/09/2005,10641.87012,10644.57031,10350.95996,10419.58984,-2.0894
26/09/2005,10420.21973,10569.80957,10410.11035,10568.7002,1.4311
03/10/2005,10569.5,10608.55957,10218.08984,10292.30957,-2.6152
10/10/2005,10292.9502,10323.12012,10156.45996,10287.33984,-0.0483
17/10/2005,10287.41992,10432.78027,10193.4502,10215.21973,-0.7011
24/10/2005,10216.11035,10434.46973,10216.11035,10402.76953,1.8360
31/10/2005,10403.16992,10561.16016,10388.75977,10530.75977,1.2303
07/11/2005,10531.24023,10696.4502,10519.38965,10686.04004,1.4745
14/11/2005,10686.59961,10796.25977,10652.26953,10766.33008,0.7514
21/11/2005,10766.33008,10955.48047,10761.04981,10931.62012,1.5352
28/11/2005,10932.74023,10959.79004,10803.87012,10877.50977,-0.4950
05/12/2005,10876.9502,10936.2002,10729.66992,10778.58008,-0.9095
12/12/2005,10778.66016,10940.33984,10735.11035,10875.58984,0.9000
19/12/2005,10875.50977,10922.41016,10789.62012,10883.26953,0.0706
26/12/2005,10883.75,10932.82031,10709.41992,10717.5,-1.5232
02/01/2006,10718.29981,10968.83984,10684.4502,10959.30957,2.2562
09/01/2006,10959.46973,11047.75977,10921.53027,10959.87012,0.0051
16/01/2006,10957.87012,10957.87012,10661.15039,10667.38965,-2.6686
23/01/2006,10668.75,10932.33984,10666.34961,10907.20996,2.2482
30/01/2006,10908.49023,10967.57031,10779.05957,10793.62012,-1.0414
06/02/2006,10793.29981,10952.26953,10737.66992,10919.04981,1.1621
13/02/2006,10915.20996,11131.9502,10849.88965,11115.32031,1.7975
20/02/2006,11115.48047,11159.17969,11010.21973,11061.84961,-0.4811
27/02/2006,11062.80957,11132.61035,10978.61035,11021.58984,-0.3640
06/03/2006,11022.46973,11098.99023,10922.73047,11076.33984,0.4968
13/03/2006,11067.61035,11290.07031,11056.33008,11279.65039,1.8355
20/03/2006,11278.92969,11334.95996,11221.54004,11279.96973,0.0028
27/03/2006,11280.12988,11281.76953,11105.65039,11109.32031,-1.5129
03/04/2006,11113,11269.29981,11108.01953,11120.04004,0.0965
10/04/2006,11119.87988,11186.63965,11053.16992,11137.65039,0.1584
17/04/2006,11137.33008,11405.87988,11039.12012,11347.4502,1.8837
24/04/2006,11346.80957,11417.66016,11260.83984,11367.13965,0.1735
01/05/2006,11367.78027,11586.37988,11329.44043,11577.74023,1.8527
08/05/2006,11576.37012,11670.19043,11374.74023,11380.99023,-1.6994
15/05/2006,11380.42969,11460.54981,11075.21973,11144.05957,-2.0818
22/05/2006,11143.41992,11283.49023,11030.46973,11278.61035,1.2074
29/05/2006,11277.25,11285.82031,11085.37988,11247.87012,-0.2726
05/06/2006,11247.54981,11248.79004,10757.54981,10891.91992,-3.1646
12/06/2006,10892,11045.2002,10698.84961,11014.54981,1.1259
19/06/2006,11014.87012,11131.73047,10907.29004,10989.08984,-0.2311
26/06/2006,10990.29004,11235.62988,10902.48047,11150.21973,1.4663
03/07/2006,11149.33984,11257.08008,11066.00977,11090.66992,-0.5341
10/07/2006,11091.70996,11174.46973,10701.33984,10739.34961,-3.1677
17/07/2006,10739.34961,11038.48047,10683.32031,10868.37988,1.2015
24/07/2006,10868.7002,11243.30957,10868.62012,11219.7002,3.2325
31/07/2006,11218.90039,11344.16992,11083.86035,11240.34961,0.1840
07/08/2006,11239.46973,11276.29004,11042.63965,11088.03027,-1.3551
14/08/2006,11089.07031,11381.46973,11079.78027,11381.46973,2.6465
21/08/2006,11380.66992,11383.70996,11260.28027,11284.04981,-0.8560
28/08/2006,11285.33008,11476.48047,11273.49023,11464.15039,1.5961
04/09/2006,11461.83008,11488.16992,11323.83984,11392.11035,-0.6284
11/09/2006,11389.87012,11613.50977,11342.16992,11560.76953,1.4805
18/09/2006,11559.96973,11630.55957,11474.55957,11508.09961,-0.4556
25/09/2006,11509.29981,11741.99023,11486,11679.07031,1.4857
02/10/2006,11678.99023,11870.05957,11653.05957,11850.20996,1.4654
09/10/2006,11849.55957,11960.50977,11794.16992,11960.50977,0.9308
16/10/2006,11961.30957,12049.50977,11887.19043,12002.37012,0.3500
23/10/2006,12116.50977,12167.01953,11971.79004,12090.25977,0.7323
30/10/2006,12089.13965,12123.95996,11965.30957,11986.04004,-0.8620
06/11/2006,11985.16016,12196.32031,11984.75977,12108.42969,1.0211
13/11/2006,12097.7002,12342.55957,12084.80957,12342.55957,1.9336
20/11/2006,12340.70996,12361,12258.86035,12280.16992,-0.5055
27/11/2006,12279.12988,12279.53027,12072.59961,12194.12988,-0.7006
04/12/2006,12195.57031,12360.75977,12195.57031,12307.49023,0.9296
11/12/2006,12306.20996,12486.29981,12252.04981,12445.51953,1.1215
18/12/2006,12446.24023,12498.46973,12341.7002,12343.21973,-0.8220
25/12/2006,12341.94043,12529.87988,12337.04981,12463.15039,0.9716
01/01/2007,12459.54004,12580.34961,12365.41016,12398.00977,-0.5227
08/01/2007,12392.00977,12561.04004,12337.37012,12556.08008,1.2750
15/01/2007,12555.83984,12614,12523.54981,12565.53027,0.0753
22/01/2007,12565.53027,12623.4502,12431.33984,12487.01953,-0.6248
29/01/2007,12487.09961,12683.92969,12459.45996,12653.49023,1.3332
05/02/2007,12653.41016,12700.28027,12545.09961,12580.83008,-0.5742
12/02/2007,12580.11035,12779.03027,12536.20996,12767.57031,1.4843
19/02/2007,12766.84961,12795.92969,12628.01953,12647.48047,-0.9406
26/02/2007,12647.87988,12697.23047,12059.54004,12114.09961,-4.2173
05/03/2007,12111.61035,12330.87988,12039.11035,12276.32031,1.3391
12/03/2007,12275.67969,12349.9502,11939.61035,12110.41016,-1.3515
19/03/2007,12110.41016,12511.04981,12110.41016,12481.00977,3.0602
26/03/2007,12480.37012,12486.78027,12242.59961,12354.34961,-1.0148
02/04/2007,12354.51953,12572.46973,12324.28027,12560.2002,1.6662
09/04/2007,12562.63965,12615.37988,12428.21973,12612.12988,0.4134
16/04/2007,12611.63965,12966.29004,12611.30957,12961.98047,2.7739
23/04/2007,12961.98047,13148,12901.67969,13120.94043,1.2264
30/04/2007,13120.20996,13284.53027,13041.29981,13264.62012,1.0950
07/05/2007,13264.12988,13369.29004,13210.90039,13326.21973,0.4644
14/05/2007,13325.80957,13558.48047,13297.04004,13556.53027,1.7283
21/05/2007,13556.53027,13624.54981,13423.90039,13507.28027,-0.3633
28/05/2007,13507.28027,13692,13456.73047,13668.11035,1.1907
04/06/2007,13667.20996,13690.37988,13251.53027,13424.38965,-1.7831
11/06/2007,13424.38965,13688.66016,13287.62012,13639.48047,1.6022
18/06/2007,13639,13674.36035,13359.69043,13360.25977,-2.0472
25/06/2007,13360.08984,13524.54004,13259.86035,13408.62012,0.3620
02/07/2007,13409.59961,13633.62988,13409.51953,13611.67969,1.5144
09/07/2007,13612.66016,13932.29004,13474.79004,13907.25,2.1714
16/07/2007,13907.08984,14021.9502,13797.66992,13851.08008,-0.4039
23/07/2007,13851.73047,13973.99023,13265.46973,13265.46973,-4.2279
30/07/2007,13266.20996,13503.33008,13132.65039,13181.91016,-0.6299
06/08/2007,13183.12988,13695.82031,13057.86035,13239.54004,0.4372
13/08/2007,13239.54004,13338.15039,12517.94043,13079.08008,-1.2120
20/08/2007,13079.08008,13381.46973,12982.75,13378.87012,2.2921
27/08/2007,13377.16016,13428.9502,13034.78027,13357.74023,-0.1579
03/09/2007,13358.38965,13494.05957,13082.16992,13113.37988,-1.8294
10/09/2007,13116.38965,13469.26953,13021.92969,13442.51953,2.5100
17/09/2007,13441.9502,13877.16992,13362.37012,13820.19043,2.8095
24/09/2007,13821.57031,13924.80957,13696.30957,13895.62988,0.5459
01/10/2007,13895.70996,14124.54004,13893.50977,14066.00977,1.2261
08/10/2007,14065.36035,14198.09961,13950.25,14093.08008,0.1925
15/10/2007,14092.42969,14118.51953,13511.94043,13522.01953,-4.0521
22/10/2007,13521.62012,13811.25,13407.49023,13806.7002,2.1053
29/10/2007,13807.34961,13962.53027,13446.01953,13595.09961,-1.5326
05/11/2007,13592.58008,13669.71973,13017.29981,13042.74023,-4.0629
12/11/2007,13039.16016,13367.16992,12975.11035,13176.79004,1.0278
19/11/2007,13176.29981,13176.29981,12786.03027,12980.87988,-1.4868
26/11/2007,12979.99023,13466.99023,12724.08984,13371.71973,3.0109
03/12/2007,13368.21973,13668.09961,13237.58984,13625.58008,1.8985
10/12/2007,13623.54981,13780.11035,13321.63965,13339.84961,-2.0970
17/12/2007,13339.2002,13473.98047,13092,13450.65039,0.8306
24/12/2007,13450.73047,13563.48047,13298.15039,13365.87012,-0.6303
31/12/2007,13364.16016,13364.73047,12789.04004,12800.17969,-4.2324
07/01/2008,12801.15039,12931.29004,12501.75977,12606.29981,-1.5147
14/01/2008,12613.78027,12794.57031,12022.48047,12099.29981,-4.0218
21/01/2008,12092.71973,12486.88965,11634.82031,12207.16992,0.8915
28/01/2008,12205.70996,12767.74023,12112.13965,12743.19043,4.3910
04/02/2008,12743.11035,12749.78027,12103.37012,12182.12988,-4.4028
11/02/2008,12181.88965,12573.12988,12069.46973,12348.20996,1.3633
18/02/2008,12349.58984,12505.25,12155.25977,12381.01953,0.2657
25/02/2008,12380.76953,12756.55957,12223.57031,12266.38965,-0.9259
03/03/2008,12264.36035,12349.66992,11819.69043,11893.69043,-3.0384
10/03/2008,11893.04004,12303.34961,11731.59961,11951.08984,0.4826
17/03/2008,11946.4502,12461.53027,11756.59961,12361.32031,3.4326
24/03/2008,12361.96973,12622.07031,12196.87012,12216.40039,-1.1724
31/03/2008,12215.91992,12696.29004,12176.11035,12609.41992,3.2171
07/04/2008,12612.58984,12733.66016,12302.05957,12325.41992,-2.2523
14/04/2008,12324.76953,12893.98047,12269.80957,12849.36035,4.2509
21/04/2008,12850.91016,12942.25977,12656.55957,12891.86035,0.3308
28/04/2008,12890.75977,13132.45996,12793.09961,13058.2002,1.2903
05/05/2008,13056.57031,13058.4502,12715.01953,12745.87988,-2.3918
12/05/2008,12745.54981,13001.94043,12740.5,12986.79981,1.8902
19/05/2008,12985.41016,13136.69043,12460.08984,12479.62988,-3.9053
26/05/2008,12479.62988,12726.66016,12442.58984,12638.32031,1.2716
02/06/2008,12637.66992,12638.08008,12192.05957,12209.80957,-3.3906
09/06/2008,12210.12988,12369.23047,12076.92969,12307.34961,0.7989
16/06/2008,12306.86035,12322.82031,11818.83008,11842.69043,-3.7755
23/06/2008,11843.83008,11986.95996,11297.99023,11346.50977,-4.1898
30/06/2008,11345.7002,11437.29981,11157.20996,11288.54004,-0.5109
07/07/2008,11289.19043,11418.24023,10977.67969,11100.54004,-1.6654
14/07/2008,11103.63965,11510.82031,10827.70996,11496.57031,3.5677
21/07/2008,11495.01953,11698.16992,11325.09961,11370.69043,-1.0949
28/07/2008,11369.46973,11586.62012,11125.12988,11326.32031,-0.3902
04/08/2008,11326.32031,11759.95996,11221.53027,11734.32031,3.6022
11/08/2008,11729.66992,11867.11035,11450.88965,11659.90039,-0.6342
18/08/2008,11659.65039,11690.42969,11290.58008,11628.05957,-0.2731
25/08/2008,11626.19043,11715.17969,11340.41016,11543.95996,-0.7232
01/09/2008,11545.62988,11790.16992,11037.84961,11220.95996,-2.7980
08/09/2008,11224.87012,11577.5,11098.66992,11421.99023,1.7916
15/09/2008,11416.37012,11483.04981,10459.44043,11388.44043,-0.2937
22/09/2008,11394.41992,11394.58008,10753.57031,11143.12988,-2.1540
29/09/2008,11139.62012,11139.94043,10310.25,10325.37988,-7.3386
06/10/2008,10322.51953,10322.75977,7882.509766,8451.19043,-18.1513
13/10/2008,8462.419922,9794.370117,8197.669922,8852.219727,4.7452
20/10/2008,8852.299805,9284.549805,8187.47998,8378.950195,-5.3463
27/10/2008,8375.919922,9454.360352,8143.589844,9325.009766,11.2909
03/11/2008,9326.040039,9653.950195,8637.169922,8943.80957,-4.0879
10/11/2008,8946.599609,9159.580078,7965.419922,8497.30957,-4.9923
17/11/2008,8494.839844,8571.299805,7449.379883,8046.419922,-5.3063
24/11/2008,8048.089844,8831.349609,8048.089844,8829.040039,9.7263
01/12/2008,8826.889648,8827.049805,8118.5,8635.419922,-2.1930
08/12/2008,8637.650391,9026.410156,8347.80957,8629.679688,-0.0665
15/12/2008,8628.80957,8961.259766,8469.030273,8579.110352,-0.5860
22/12/2008,8573.370117,8604.120117,8372.019531,8515.549805,-0.7409
29/12/2008,8515.870117,9065.280273,8364.05957,9034.69043,6.0964
05/01/2009,9027.129883,9088.05957,8576.959961,8599.179688,-4.8204
12/01/2009,8599.259766,8602.599609,7995.129883,8281.219727,-3.6976
19/01/2009,8279.629883,8291.980469,7909.029785,8077.560059,-2.4593
26/01/2009,8078.040039,8405.870117,7961.919922,8000.859863,-0.9495
02/02/2009,8000.620117,8312.370117,7845.310059,8280.589844,3.4962
09/02/2009,8281.379883,8315.070313,7693.97998,7850.410156,-5.1950
16/02/2009,7845.629883,7845.629883,7249.470215,7365.669922,-6.1747
23/02/2009,7365.990234,7441.02002,7033.620117,7062.930176,-4.1101
02/03/2009,7056.47998,7058.950195,6469.950195,6626.939941,-6.1729
09/03/2009,6625.740234,7242.620117,6516.859863,7223.97998,9.0093
16/03/2009,7225.330078,7571.640137,7172.049805,7278.379883,0.7530
23/03/2009,7279.25,7931.330078,7278.779785,7776.180176,6.8394
30/03/2009,7773.310059,8075.72998,7437.589844,8017.589844,3.1045
06/04/2009,8016.160156,8087.279785,7750.850098,8083.379883,0.8206
13/04/2009,8082.02002,8190.660156,7870.47998,8131.330078,0.5932
20/04/2009,8128.939941,8128.939941,7791.950195,8076.290039,-0.6769
27/04/2009,8073.819824,8307.509766,7938.97998,8212.410156,1.6854
04/05/2009,8213.599609,8587.549805,8213.599609,8574.650391,4.4109
11/05/2009,8569.230469,8569.230469,8230.169922,8268.639648,-3.5688
18/05/2009,8270.150391,8591.929688,8221.009766,8277.320313,0.1050
25/05/2009,8277.320313,8522.950195,8226.900391,8500.330078,2.6942
01/06/2009,8501.530273,8839.400391,8501.290039,8763.129883,3.0916
08/06/2009,8759.349609,8877.929688,8633.070313,8799.259766,0.4123
15/06/2009,8798.5,8798.5,8461.290039,8539.730469,-2.9494
22/06/2009,8538.519531,8538.830078,8259.429688,8438.389648,-1.1867
29/06/2009,8440.129883,8580.469727,8280.740234,8280.740234,-1.8682
06/07/2009,8280.740234,8327.969727,8087.189941,8146.52002,-1.6209
13/07/2009,8146.52002,8754.290039,8130.419922,8743.94043,7.3334
20/07/2009,8746.049805,9100.879883,8745.900391,9093.240234,3.9948
27/07/2009,9093.089844,9246.429688,9007.469727,9171.610352,0.8619
03/08/2009,9173.650391,9437.709961,9173.650391,9370.070313,2.1639
10/08/2009,9368.410156,9424.110352,9216.879883,9321.400391,-0.5194
17/08/2009,9313.849609,9519.110352,9116.519531,9505.959961,1.9800
24/08/2009,9506.179688,9630.200195,9459.400391,9544.200195,0.4023
31/08/2009,9542.910156,9557.950195,9252.929688,9441.269531,-1.0785
07/09/2009,9440.129883,9649.849609,9439.980469,9605.410156,1.7385
14/09/2009,9598.080078,9854.580078,9535.959961,9820.200195,2.2361
21/09/2009,9818.610352,9917.990234,9641.009766,9665.19043,-1.5785
28/09/2009,9663.230469,9834.480469,9430.080078,9487.669922,-1.8367
05/10/2009,9488.730469,9865.009766,9481.089844,9864.94043,3.9764
12/10/2009,9865.240234,10062.94043,9815.05957,9995.910156,1.3276
19/10/2009,9996.669922,10119.46973,9916.780273,9972.179688,-0.2374
26/10/2009,9972.330078,10072.32031,9684.540039,9712.730469,-2.6017
02/11/2009,9712.129883,10044.5,9678.950195,10023.41992,3.1988
09/11/2009,10020.62012,10341.96973,10020.62012,10270.46973,2.4647
16/11/2009,10267.53027,10438.16992,10256.11035,10318.16016,0.4643
23/11/2009,10320.12988,10495.61035,10231.25,10309.91992,-0.0799
30/11/2009,10309.76953,10516.7002,10263.29004,10388.90039,0.7661
07/12/2009,10386.86035,10484.04981,10235.62988,10471.5,0.7951
14/12/2009,10471.28027,10514.66016,10263.90039,10328.88965,-1.3619
21/12/2009,10330.09961,10522.05957,10329.79981,10520.08984,1.8511
28/12/2009,10517.91016,10580.33008,10423.12988,10428.04981,-0.8749
04/01/2010,10430.69043,10619.40039,10430.69043,10618.19043,1.8234
11/01/2010,10620.30957,10723.76953,10561.05957,10609.65039,-0.0804
18/01/2010,10608.37012,10729.88965,10157.63965,10172.98047,-4.1158
25/01/2010,10175.09961,10285.12988,10043.75,10067.33008,-1.0385
01/02/2010,10068.99023,10314.83984,9835.089844,10012.23047,-0.5473
08/02/2010,10005.42969,10161.57031,9904.089844,10099.13965,0.8680
15/02/2010,10100.80957,10438.54981,10100.80957,10402.34961,3.0023
22/02/2010,10402.42969,10433.63965,10185.83008,10325.25977,-0.7411
01/03/2010,10326.09961,10571.94043,10326.09961,10566.2002,2.3335
08/03/2010,10563.78027,10644.9502,10507.16992,10624.69043,0.5536
15/03/2010,10623.41016,10819.90039,10570.50977,10741.98047,1.1039
22/03/2010,10741,10955.48047,10695.12988,10850.36035,1.0089
29/03/2010,10849.23047,10956.38965,10832.83008,10927.07031,0.7070
05/04/2010,10927.4502,11000.98047,10844.08984,10997.34961,0.6432
12/04/2010,10996.75,11154.54981,10947.76953,11018.66016,0.1938
19/04/2010,11018.36035,11205.63965,10977.84961,11204.28027,1.6846
26/04/2010,11205.11035,11258.00977,10965.37988,11008.61035,-1.7464
03/05/2010,11009.59961,11177.66992,9869.620117,10380.42969,-5.7063
10/05/2010,10386.17969,10920.26953,10386.03027,10620.16016,2.3094
17/05/2010,10616.98047,10718.86035,9918.820313,10193.38965,-4.0185
24/05/2010,10193.45996,10264.2002,9774.480469,10136.62988,-0.5568
31/05/2010,10133.94043,10315.20996,9889.879883,9931.969727,-2.0190
07/06/2010,9931.75,10215.98047,9757.549805,10211.07031,2.8101
14/06/2010,10211.83008,10483.44043,10186.20996,10450.63965,2.3462
21/06/2010,10452.45996,10594.16016,10081.08008,10143.80957,-2.9360
28/06/2010,10143.04981,10201.92969,9614.320313,9686.480469,-4.5085
05/07/2010,9686.480469,10201.76953,9659.009766,10198.03027,5.2811
12/07/2010,10199.24023,10407.82031,10079.58008,10097.90039,-0.9819
19/07/2010,10098.12012,10441.9502,10007.75977,10424.62012,3.2355
26/07/2010,10424.16992,10584.99023,10347.5,10465.94043,0.3964
02/08/2010,10468.82031,10702.99023,10468.58984,10653.55957,1.7927
09/08/2010,10654.62012,10719.94043,10268.70996,10303.15039,-3.2891
16/08/2010,10303.07031,10480.44043,10147.24023,10213.62012,-0.8690
23/08/2010,10215.50977,10304.7002,9936.620117,10150.65039,-0.6165
30/08/2010,10145.58008,10451.15039,9941.839844,10447.92969,2.9287
06/09/2010,10446.79981,10476.62012,10332.40039,10462.76953,0.1420
13/09/2010,10458.59961,10650.16016,10458.59961,10607.84961,1.3866
20/09/2010,10608.08008,10865.78027,10608.08008,10860.25977,2.3795
27/09/2010,10860.03027,10948.87988,10728.63965,10829.67969,-0.2816
04/10/2010,10828.84961,11032.16992,10711.12012,11006.48047,1.6326
11/10/2010,11006.92969,11155.23047,10913.83984,11062.78027,0.5115
18/10/2010,11062.62988,11213.54004,10917.62012,11132.55957,0.6308
25/10/2010,11133.40039,11247.59961,11020.82031,11118.49023,-0.1264
01/11/2010,11120.29981,11451.53027,11062.33008,11444.08008,2.9284
08/11/2010,11439.54004,11439.61035,11143.83984,11192.58008,-2.1976
15/11/2010,11194.01953,11280.90039,10978.92969,11203.54981,0.0980
22/11/2010,11201.66016,11206.04981,10992.16992,11091.87012,-0.9968
29/11/2010,11083.75,11388.87012,10929.28027,11382.08984,2.6165
06/12/2010,11381.33008,11450.88965,11327.49023,11410.32031,0.2480
13/12/2010,11406.16016,11519.04004,11405.33008,11491.91016,0.7151
20/12/2010,11491.29981,11580.83984,11442.67969,11573.49023,0.7099
27/12/2010,11572.80957,11625,11518.44043,11577.50977,0.0347
03/01/2011,11577.42969,11742.67969,11577.34961,11674.75977,0.8400
10/01/2011,11672.33984,11794.15039,11573.87012,11787.37988,0.9646
17/01/2011,11783.82031,11905.48047,11744.76953,11871.83984,0.7165
24/01/2011,11873.42969,12020.51953,11803.04004,11823.7002,-0.4055
31/01/2011,11824.38965,12092.41992,11817.87988,12092.15039,2.2704
07/02/2011,12092.37988,12285.94043,12092.29981,12273.25977,1.4977
14/02/2011,12266.83008,12391.29004,12193.26953,12391.25,0.9614
21/02/2011,12389.74023,12389.82031,11983.16992,12130.4502,-2.1047
28/02/2011,12130.4502,12283.09961,12018.62988,12169.87988,0.3250
07/03/2011,12171.08984,12257.82031,11936.32031,12044.40039,-1.0311
14/03/2011,12042.12988,12042.12988,11555.48047,11858.51953,-1.5433
21/03/2011,11860.11035,12259.79004,11860.11035,12220.58984,3.0533
28/03/2011,12221.19043,12419.70996,12173.50977,12376.71973,1.2776
04/04/2011,12374.59961,12450.92969,12320.71973,12380.04981,0.0269
11/04/2011,12380.42969,12444,12163.86035,12341.83008,-0.3087
18/04/2011,12339.70996,12506.05957,12093.88965,12505.99023,1.3301
25/04/2011,12505.99023,12832.83008,12446.04981,12810.54004,2.4352
02/05/2011,12810.16016,12876,12521.28027,12638.74023,-1.3411
09/05/2011,12637.83008,12781.05957,12537.16992,12595.75,-0.3401
16/05/2011,12594.76953,12642.90039,12378.83984,12512.04004,-0.6646
23/05/2011,12511.36035,12511.36035,12309.51953,12441.58008,-0.5631
30/05/2011,12443.40039,12574.29004,12104.03027,12151.25977,-2.3335
06/06/2011,12151.19043,12183.12012,11937.41992,11951.91016,-1.6406
13/06/2011,11945.33008,12120.79981,11862.53027,12004.36035,0.4388
20/06/2011,12004.28027,12217.33008,11874.94043,11934.58008,-0.5813
27/06/2011,11934.66016,12596.12988,11934.04981,12582.76953,5.4312
04/07/2011,12569.87012,12753.88965,12539.20996,12657.2002,0.5915
11/07/2011,12655.62012,12655.83984,12406.08984,12479.73047,-1.4021
18/07/2011,12475.11035,12751.42969,12296.23047,12681.16016,1.6141
25/07/2011,12679.71973,12679.9502,12083.4502,12143.24023,-4.2419
01/08/2011,12144.21973,12282.41992,11139,11444.61035,-5.7532
08/08/2011,11433.92969,11434.08984,10604.07031,11269.01953,-1.5343
15/08/2011,11269.84961,11529.66992,10801.41016,10817.65039,-4.0054
22/08/2011,10820.37012,11406.38965,10820.37012,11284.54004,4.3160
29/08/2011,11286.65039,11716.83984,11211.34961,11240.25977,-0.3924
05/09/2011,11237.30957,11477.29981,10932.53027,10992.12988,-2.2075
12/09/2011,10990.00977,11532.46973,10824.75977,11509.08984,4.7030
19/09/2011,11506.82031,11550.21973,10597.13965,10771.48047,-6.4089
26/09/2011,10771.78027,11369.29981,10771.78027,10913.37988,1.3174
03/10/2011,10912.09961,11232.04981,10404.49023,11103.12012,1.7386
10/10/2011,11104.55957,11646.83008,11104.55957,11644.49023,4.8758
17/10/2011,11643.34961,11812.45996,11296.12012,11808.79004,1.4110
24/10/2011,11807.95996,12284.30957,11682.51953,12231.11035,3.5763
31/10/2011,12229.21973,12229.29004,11630.03027,11983.24023,-2.0266
07/11/2011,11983.01953,12187.50977,11736.92969,12153.67969,1.4223
14/11/2011,12153,12170.55957,11676.34961,11796.16016,-2.9417
21/11/2011,11795.54981,11795.7002,11231.42969,11231.65039,-4.7855
28/11/2011,11232.46973,12146.67969,11232.16016,12019.41992,7.0138
05/12/2011,12021.54004,12257.66992,11966.21973,12184.25977,1.3714
12/12/2011,12181.08008,12181.37988,11786.46973,11866.38965,-2.6089
19/12/2011,11866.54004,12297.44043,11735.19043,12294,3.6035
26/12/2011,12293.46973,12328.46973,12140.16992,12217.55957,-0.6218
02/01/2012,12221.19043,12479.65039,12221.19043,12359.91992,1.1652
09/01/2012,12359.30957,12514.69043,12311.79004,12422.05957,0.5028
16/01/2012,12423.12012,12720.48047,12423.12012,12720.48047,2.4023
23/01/2012,12720.25,12841.9502,12580.12012,12660.45996,-0.4718
30/01/2012,12659.16992,12869.9502,12529.41016,12862.23047,1.5937
06/02/2012,12860.71973,12924.70996,12743.55957,12801.23047,-0.4743
13/02/2012,12799.11035,12967.91992,12753.62012,12949.87012,1.1611
20/02/2012,12949.33984,13013.82031,12882.66992,12982.9502,0.2554
27/02/2012,12981.12988,13055.75,12882.58984,12977.57031,-0.0414
05/03/2012,12977.33984,12977.33984,12734.86035,12922.01953,-0.4281
12/03/2012,12920.58008,13289.08008,12919.98047,13232.62012,2.4037
19/03/2012,13231.94043,13269.70996,13002.76953,13080.73047,-1.1478
26/03/2012,13082.62012,13264.98047,13032.66992,13212.04004,1.0038
02/04/2012,13211.36035,13297.11035,13012.45996,13060.13965,-1.1497
09/04/2012,13057.57031,13057.71973,12710.55957,12849.58984,-1.6122
16/04/2012,12850.87988,13131.36035,12850.79981,13029.25977,1.3983
23/04/2012,13028.2002,13266.67969,12845.58008,13228.30957,1.5277
30/04/2012,13228.30957,13338.66016,13022.33984,13038.26953,-1.4366
07/05/2012,13035.84961,13049.08984,12748.48047,12820.59961,-1.6695
14/05/2012,12818.49023,12818.86035,12336.75977,12369.37988,-3.5195
21/05/2012,12369.15039,12575.95996,12311.55957,12454.83008,0.6908
28/05/2012,12454.83008,12611.61035,12107.48047,12118.57031,-2.6998
04/06/2012,12119.84961,12555.25977,12035.08984,12554.2002,3.5947
11/06/2012,12553.80957,12774.7002,12398.48047,12767.16992,1.6964
18/06/2012,12767.01953,12898.94043,12561.45996,12640.78027,-0.9900
25/06/2012,12639.79981,12880.38965,12450.16992,12880.08984,1.8932
02/07/2012,12879.70996,12961.29981,12702.99023,12772.46973,-0.8356
09/07/2012,12772.01953,12830.29004,12492.25,12777.08984,0.0362
16/07/2012,12776.33008,12977.57031,12645.09961,12822.57031,0.3560
23/07/2012,12820.4502,13117.74023,12521.83984,13075.66016,1.9738
30/07/2012,13075.34961,13133.17969,12778.90039,13096.16992,0.1569
06/08/2012,13099.87988,13215.96973,13094.95996,13207.9502,0.8535
13/08/2012,13204.92969,13281.32031,13112.94043,13275.2002,0.5092
20/08/2012,13274.58008,13330.75977,13027.2002,13157.96973,-0.8831
27/08/2012,13157.74023,13176.16992,12978.91016,13090.83984,-0.5102
03/09/2012,13092.15039,13320.26953,12977.08984,13306.63965,1.6485
10/09/2012,13308.55957,13653.24023,13251.38965,13593.37012,2.1548
17/09/2012,13588.57031,13647.09961,13503,13579.46973,-0.1023
24/09/2012,13577.84961,13620.20996,13367.26953,13437.12988,-1.0482
01/10/2012,13437.66016,13661.87012,13424.91992,13610.15039,1.2876
08/10/2012,13589.25977,13610.37988,13296.42969,13328.84961,-2.0668
15/10/2012,13329.54004,13588.73047,13312.21973,13343.50977,0.1100
22/10/2012,13344.28027,13368.54981,13017.37012,13107.20996,-1.7709
29/10/2012,13107.44043,13289.4502,13052.07031,13093.16016,-0.1072
05/11/2012,13092.28027,13290.75,12743.38965,12815.38965,-2.1215
12/11/2012,12815.92969,12898.25,12471.49023,12588.30957,-1.7719
19/11/2012,12590.23047,13011.4502,12590.23047,13009.53027,3.3461
26/11/2012,13008.4502,13062.55957,12765.32031,13025.58008,0.1234
03/12/2012,13027.73047,13157.28027,12923.44043,13155.12988,0.9946
10/12/2012,13154.88965,13329.44043,13118.45996,13135.00977,-0.1529
17/12/2012,13135.16992,13365.86035,13122.53027,13190.83984,0.4250
24/12/2012,13190.15039,13190.37988,12926.86035,12938.11035,-1.9159
31/12/2012,12938.19043,13447.11035,12883.88965,13435.20996,3.8421
07/01/2013,13436.12988,13496.67969,13293.12988,13488.42969,0.3961
14/01/2013,13488.42969,13649.92969,13445.79981,13649.7002,1.1956
21/01/2013,13649.7002,13895.98047,13622.95996,13895.98047,1.8043
28/01/2013,13895.98047,14019.78027,13860.58008,14009.79004,0.8190
04/02/2013,14009.79004,14022.62012,13852.2002,13992.96973,-0.1201
11/02/2013,13992.96973,14038.96973,13906.73047,13981.75977,-0.0801
18/02/2013,13981.75977,14058.26953,13834.40039,14000.57031,0.1345
25/02/2013,14000.57031,14149.15039,13784.00977,14089.66016,0.6363
04/03/2013,14089.66016,14413.16992,14030.37012,14397.07031,2.1818
11/03/2013,14397.07031,14539.29004,14373.32031,14514.11035,0.8129
18/03/2013,14514.11035,14546.82031,14382.08984,14512.03027,-0.0143
25/03/2013,14512.03027,14585.09961,14395,14578.54004,0.4583
01/04/2013,14578.54004,14684.49023,14434.42969,14565.25,-0.0912
08/04/2013,14565.25,14887.50977,14497.79981,14865.05957,2.0584
15/04/2013,14865.05957,14865.05957,14444.03027,14547.50977,-2.1362
22/04/2013,14547.50977,14768.04981,14457.59961,14712.54981,1.1345
29/04/2013,14712.54981,15009.58984,14687.04981,14973.95996,1.7768
06/05/2013,14973.95996,15144.83008,14941.08984,15118.49023,0.9652
13/05/2013,15113.41992,15357.40039,15053.45996,15354.40039,1.5604
20/05/2013,15348.33008,15542.40039,15180.23047,15303.09961,-0.3341
27/05/2013,15307.33008,15521.49023,15115.57031,15115.57031,-1.2254
03/06/2013,15123.54981,15304.98047,14844.21973,15248.12012,0.8769
10/06/2013,15247.80957,15300.63965,14953.4502,15070.17969,-1.1670
17/06/2013,15078.70996,15340.08984,14688.42969,14799.40039,-1.7968
24/06/2013,14795.79004,15075.00977,14551.26953,14909.59961,0.7446
01/07/2013,14911.59961,15137.50977,14858.92969,15135.83984,1.5174
08/07/2013,15137.21973,15498.38965,15137.21973,15464.29981,2.1701
15/07/2013,15459.69043,15589.40039,15415.70996,15543.74023,0.5137
22/07/2013,15543.96973,15604.21973,15405.16016,15558.83008,0.0971
29/07/2013,15557.13965,15658.42969,15479.12988,15658.36035,0.6397
05/08/2013,15651.98047,15655.20996,15346.65039,15425.50977,-1.4871
12/08/2013,15415.21973,15504.13965,15054.37988,15081.46973,-2.2303
19/08/2013,15076.79004,15106.38965,14880.83984,15010.50977,-0.4705
26/08/2013,15014.58008,15049.98047,14760.41016,14810.30957,-1.3337
02/09/2013,14801.54981,15009.83984,14777.48047,14922.5,0.7575
09/09/2013,14927.19043,15380.96973,14927.19043,15376.05957,3.0394
16/09/2013,15381.36035,15709.58008,15381.36035,15451.08984,0.4880
23/09/2013,15452.30957,15466.9502,15211.80957,15258.24023,-1.2481
30/09/2013,15249.82031,15249.82031,14947.03027,15072.58008,-1.2168
07/10/2013,15069.29981,15237.29981,14719.42969,15237.11035,1.0916
14/10/2013,15231.33008,15412.96973,15136.37988,15399.65039,1.0667
21/10/2013,15401.32031,15570.59961,15362.66016,15570.28027,1.1080
28/10/2013,15569.19043,15721,15533.48047,15615.54981,0.2907
04/11/2013,15621.2002,15797.67969,15522.17969,15761.78027,0.9364
11/11/2013,15759.28027,15962.98047,15672,15961.7002,1.2684
18/11/2013,15962.71973,16068.78027,15865.37012,16064.76953,0.6457
25/11/2013,16072.08984,16174.50977,16055.45996,16086.41016,0.1347
02/12/2013,16087.12012,16098,15791.29004,16020.2002,-0.4116
09/12/2013,16019.49023,16058.40039,15703.79004,15755.36035,-1.6532
16/12/2013,15759.59961,16287.83984,15759.59961,16221.13965,2.9563
23/12/2013,16225.25,16529.00977,16225.25,16478.41016,1.5860
30/12/2013,16484.50977,16588.25,16416.49023,16469.99023,-0.0511
06/01/2014,16474.03906,16562.32031,16378.61035,16437.05078,-0.2000
13/01/2014,16434.0293,16505.2793,16240.59961,16458.56055,0.1309
20/01/2014,16459.26953,16520.59961,15879.11035,15879.11035,-3.5207
27/01/2014,15879.04981,15945.88965,15617.54981,15698.84961,-1.1352
03/02/2014,15697.69043,15798.50977,15340.69043,15794.08008,0.6066
10/02/2014,15793.62988,16175.54981,15733.69043,16154.38965,2.2813
17/02/2014,16153.96973,16225.71973,16006.58984,16103.29981,-0.3163
24/02/2014,16102.26953,16398.94922,16102.26953,16321.70996,1.3563
03/03/2014,16321.70996,16505.69922,16071.25,16452.7207,0.8027
10/03/2014,16453.09961,16460.33008,16046.99023,16065.66992,-2.3525
17/03/2014,16066.37012,16456.44922,16066.37012,16302.76953,1.4758
24/03/2014,16303.28027,16466.03906,16191.79004,16323.05957,0.1245
31/03/2014,16324.21973,16631.63086,16324.21973,16412.71094,0.5492
07/04/2014,16414.15039,16456.11914,16015.32031,16026.75,-2.3516
14/04/2014,16028.29004,16460.49023,16028.29004,16408.53906,2.3822
21/04/2014,16408.91992,16565.71094,16333.78027,16361.45996,-0.2869
28/04/2014,16363.2002,16620.06055,16312.66016,16512.89063,0.9255
05/05/2014,16509.75,16622.94922,16357.34961,16583.33984,0.4266
12/05/2014,16584.82031,16735.50977,16397.46094,16491.31055,-0.5550
19/05/2014,16490.34961,16613.07031,16341.29981,16606.26953,0.6971
26/05/2014,16607.41992,16721.2207,16607.41992,16717.16992,0.6678
02/06/2014,16716.84961,16924.2793,16673.65039,16924.2793,1.2389
09/06/2014,16926.08008,16970.16992,16703.73047,16775.74023,-0.8777
16/06/2014,16765.56055,16978.01953,16722.85938,16947.08008,1.0214
23/06/2014,16946.5,16969.69922,16746.08984,16851.83984,-0.5620
30/06/2014,16852.49023,17074.65039,16801.93945,17068.25977,1.2843
07/07/2014,17063.83008,17063.83008,16805.38086,16943.81055,-0.7291
14/07/2014,16950.92969,17151.56055,16950.92969,17100.17969,0.9229
21/07/2014,17095.10938,17133.42969,16915.65039,16960.57031,-0.8164
28/07/2014,16956.91016,17056.46094,16437.07031,16493.36914,-2.7546
04/08/2014,16493.7207,16596.2207,16333.78027,16553.92969,0.3672
11/08/2014,16557.26953,16775.26953,16518.06055,16662.91016,0.6583
18/08/2014,16664.44922,17074.58984,16664.44922,17001.2207,2.0303
25/08/2014,17011.81055,17153.80078,17011.81055,17098.44922,0.5719
01/09/2014,17097.41992,17161.55078,17009.07031,17137.35938,0.2276
08/09/2014,17131.71094,17137.88086,16937.66992,16987.50977,-0.8744
15/09/2014,16988.75977,17350.64063,16951.38086,17279.74023,1.7203
22/09/2014,17271.71094,17277.88086,16945.80078,17113.15039,-0.9641
29/09/2014,17107.68945,17145.09961,16674.03906,17009.68945,-0.6046
06/10/2014,17010.33984,17099.39063,16543.91016,16544.09961,-2.7372
13/10/2014,16535.42969,16602.41016,15855.12012,16380.41016,-0.9894
20/10/2014,16373.15039,16811.71094,16260.54004,16805.41016,2.5946
27/10/2014,16796.09961,17395.53906,16729.83008,17390.51953,3.4817
03/11/2014,17390.90039,17575.33008,17278.35938,17573.92969,1.0547
10/11/2014,17568.98047,17705.48047,17536.16992,17634.74023,0.3460
17/11/2014,17631.84961,17894.83008,17603.89063,17810.06055,0.9942
24/11/2014,17812.63086,17893.41992,17790.89063,17828.24023,0.1021
01/12/2014,17827.26953,17991.18945,17726.55078,17958.78906,0.7323
08/12/2014,17954.93945,17960.56055,17280.83008,17280.83008,-3.7751
15/12/2014,17285.74023,17874.0293,17067.58984,17804.80078,3.0321
22/12/2014,17812.25,18103.44922,17812.25,18053.71094,1.3980
29/12/2014,18046.58008,18073.03906,17731.30078,17832.99023,-1.2226
05/01/2015,17821.30078,17916.03906,17262.36914,17737.36914,-0.5362
12/01/2015,17742.05078,17923.00977,17243.55078,17511.57031,-1.2730
19/01/2015,17516.96094,17840.89063,17346.73047,17672.59961,0.9196
26/01/2015,17668.10938,17696.35938,17136.30078,17164.94922,-2.8725
02/02/2015,17169.99023,17951.08984,17037.75977,17824.28906,3.8412
09/02/2015,17821.49023,18037.41016,17685.32031,18019.34961,1.0944
16/02/2015,18019.80078,18144.28906,17878.36914,18140.43945,0.6720
23/02/2015,18140.75977,18244.38086,18054.83984,18132.69922,-0.0427
02/03/2015,18134.05078,18288.63086,17825.15039,17856.7793,-1.5217
09/03/2015,17856.56055,18031.03906,17620.49023,17749.31055,-0.6018
16/03/2015,17751.24023,18197.28906,17697.51953,18127.65039,2.1316
23/03/2015,18136.73047,18205.92969,17579.26953,17712.66016,-2.2893
30/03/2015,17727.48047,18008.64063,17585.00977,17763.24023,0.2856
06/04/2015,17755.5,18066.75977,17646.80078,18057.65039,1.6574
13/04/2015,18052.32031,18169.25977,17748.5293,17826.30078,-1.2812
20/04/2015,17841.17969,18133.0293,17841.17969,18080.14063,1.4240
27/04/2015,18097.89063,18175.56055,17774.89063,18024.06055,-0.3102
04/05/2015,18026.01953,18205.23047,17733.11914,18191.10938,0.9268
11/05/2015,18187.7793,18272.7207,17924.80078,18272.56055,0.4478
18/05/2015,18267.25,18351.35938,18217.14063,18232.01953,-0.2219
25/05/2015,18229.75,18229.75,17967.74023,18010.67969,-1.2140
01/06/2015,18017.82031,18168.08984,17822.90039,17849.46094,-0.8951
08/06/2015,17849.46094,18109.76953,17714.9707,17898.83984,0.2766
15/06/2015,17890.75977,18174.73047,17698.41992,18015.94922,0.6543
22/06/2015,18027.63086,18188.81055,17890.35938,17946.67969,-0.3845
29/06/2015,17936.74023,17936.74023,17576.5,17730.10938,-1.2067
06/07/2015,17728.08008,17797.49023,17465.67969,17760.41016,0.1709
13/07/2015,17787.26953,18131.60938,17787.26953,18086.44922,1.8358
20/07/2015,18085.91016,18137.11914,17553.73047,17568.5293,-2.8636
27/07/2015,17561.7793,17783.58984,17399.16992,17689.85938,0.6906
03/08/2015,17696.74023,17704.75977,17279.08008,17373.38086,-1.7890
10/08/2015,17375.17969,17629.13086,17125.81055,17477.40039,0.5987
17/08/2015,17472.66016,17568.40039,16459.55078,16459.75,-5.8227
24/08/2015,16459.75,16669.9707,15370.33008,16643.00977,1.1134
31/08/2015,16632.01953,16632.01953,15979.9502,16102.37988,-3.2484
07/09/2015,16109.92969,16664.65039,16109.92969,16433.08984,2.0538
14/09/2015,16450.85938,16933.42969,16330.87012,16384.58008,-0.2952
21/09/2015,16406.09961,16578.59961,16016.36035,16314.66992,-0.4267
28/09/2015,16313.25977,16472.76953,15942.37012,16472.36914,0.9666
05/10/2015,16502.09961,17110.88086,16502.09961,17084.49023,3.7160
12/10/2015,17082.28906,17220.01953,16887.66992,17215.9707,0.7696
19/10/2015,17209.42969,17679.36914,17129.18945,17646.69922,2.5019
26/10/2015,17649.57031,17799.96094,17540.57031,17663.53906,0.0954
02/11/2015,17672.61914,17977.84961,17655.01953,17910.33008,1.3972
09/11/2015,17900.7793,17900.7793,17238.89063,17245.24023,-3.7134
16/11/2015,17229.93945,17914.33984,17210.42969,17823.81055,3.3550
23/11/2015,17823.60938,17868.17969,17683.50977,17813.39063,-0.0585
30/11/2015,17802.83984,17901.58008,17425.56055,17847.63086,0.1922
07/12/2015,17845.49023,17845.49023,17230.5,17265.21094,-3.2633
14/12/2015,17277.10938,17796.75977,17124.31055,17128.55078,-0.7915
21/12/2015,17154.93945,17607.91992,17116.73047,17552.16992,2.4732
28/12/2015,17535.66016,17750.01953,17421.16016,17425.0293,-0.7244
04/01/2016,17405.48047,17405.48047,16314.57031,16346.4502,-6.1898
11/01/2016,16358.70996,16593.50977,15842.11035,15988.08008,-2.1923
18/01/2016,16009.4502,16171.95996,15450.55957,16093.50977,0.6594
25/01/2016,16086.45996,16466.30078,15863.71973,16466.30078,2.3164
01/02/2016,16453.63086,16510.98047,15960.4502,16204.96973,-1.5871
08/02/2016,16147.50977,16201.88965,15503.00977,15973.83984,-1.4263
15/02/2016,16012.38965,16511.83984,16012.38965,16391.99023,2.6177
22/02/2016,16417.13086,16795.98047,16165.86035,16639.9707,1.5128
29/02/2016,16634.15039,17062.38086,16510.40039,17006.76953,2.2043
07/03/2016,16991.28906,17220.08984,16821.85938,17213.31055,1.2145
14/03/2016,17207.49023,17620.58008,17120.34961,17602.30078,2.2598
21/03/2016,17589.69922,17648.93945,17399.00977,17515.73047,-0.4918
28/03/2016,17526.08008,17811.48047,17434.26953,17792.75,1.5815
04/04/2016,17799.39063,17806.38086,17484.23047,17576.96094,-1.2128
11/04/2016,17586.48047,17962.14063,17553.57031,17897.46094,1.8234
18/04/2016,17890.19922,18167.63086,17848.2207,18003.75,0.5939
25/04/2016,17990.93945,18084.66016,17651.98047,17773.64063,-1.2781
02/05/2016,17783.7793,17912.34961,17580.38086,17740.63086,-0.1857
09/05/2016,17743.84961,17934.60938,17512.48047,17535.32031,-1.1573
16/05/2016,17531.75977,17755.80078,17331.07031,17500.93945,-0.1961
23/05/2016,17507.03906,17891.71094,17480.05078,17873.2207,2.1272
30/05/2016,17891.5,17899.24023,17664.78906,17807.06055,-0.3702
06/06/2016,17825.68945,18016,17812.33984,17865.33984,0.3273
13/06/2016,17830.5,17893.2793,17471.28906,17675.16016,-1.0645
20/06/2016,17736.86914,18011.07031,17356.33984,17400.75,-1.5525
27/06/2016,17355.21094,18002.38086,17063.08008,17949.36914,3.1528
04/07/2016,17904.44922,18166.76953,17713.44922,18146.74023,1.0996
11/07/2016,18161.5293,18557.42969,18161.5293,18516.55078,2.0379
18/07/2016,18521.55078,18622.00977,18469.66992,18570.84961,0.2932
25/07/2016,18554.49023,18555.68945,18368.82031,18432.24023,-0.7464
01/08/2016,18434.5,18543.5293,18247.78906,18543.5293,0.6038
08/08/2016,18541.89063,18638.33984,18468.7793,18576.4707,0.1776
15/08/2016,18588.58984,18722.60938,18468.67969,18552.57031,-0.1287
22/08/2016,18535.85938,18631.59961,18335.33984,18395.40039,-0.8472
29/08/2016,18421.28906,18544.75977,18295.48047,18491.96094,0.5249
05/09/2016,18493.40039,18551.53906,18085.44922,18085.44922,-2.1983
12/09/2016,18028.94922,18358.68945,17992.21094,18123.80078,0.2121
19/09/2016,18154.82031,18449.88086,18093.05078,18261.44922,0.7595
26/09/2016,18217.75977,18369.61914,18052.16016,18308.15039,0.2557
03/10/2016,18279.59961,18319.73047,18116.25977,18240.49023,-0.3696
10/10/2016,18282.94922,18399.96094,17959.94922,18138.38086,-0.5598
17/10/2016,18135.84961,18252.19922,18049.76953,18145.71094,0.0404
24/10/2016,18197.14063,18275.03906,18062.30078,18161.18945,0.0853
31/10/2016,18176.59961,18193.67969,17883.56055,17888.2793,-1.5027
07/11/2016,17994.64063,18873.66016,17994.64063,18847.66016,5.3632
14/11/2016,18876.76953,18934.05078,18806.06055,18867.92969,0.1075
21/11/2016,18898.67969,19152.14063,18883.09961,19152.14063,1.5063
28/11/2016,19122.14063,19225.28906,19062.2207,19170.41992,0.0954
05/12/2016,19244.34961,19757.74023,19184.74023,19756.84961,3.0590
12/12/2016,19770.19922,19966.42969,19747.74023,19843.41016,0.4381
19/12/2016,19836.66016,19987.63086,19832.94922,19933.81055,0.4556
26/12/2016,19943.46094,19981.10938,19718.66992,19762.59961,-0.8589
02/01/2017,19872.85938,19999.63086,19775.92969,19963.80078,1.0181
09/01/2017,19931.41016,19973.41992,19770.4707,19885.73047,-0.3911
16/01/2017,19848.82031,19882.99023,19677.93945,19827.25,-0.2941
23/01/2017,19794.78906,20125.58008,19732.35938,20093.7793,1.3443
30/01/2017,20028.61914,20081.48047,19784.76953,20071.46094,-0.1111
06/02/2017,20025.60938,20298.21094,20002.81055,20269.36914,0.9860
13/02/2017,20338.53906,20639.86914,20322.94922,20624.05078,1.7498
20/02/2017,20663.42969,20840.69922,20663.36914,20821.75977,0.9586
27/02/2017,20808.71094,21169.10938,20774.75977,21005.71094,0.8835
06/03/2017,20955.71094,20986.42969,20777.16016,20902.98047,-0.4891
13/03/2017,20899.2793,21000.10938,20786.31055,20914.61914,0.0557
20/03/2017,20916.26953,20970.03906,20529.66992,20596.7207,-1.5200
27/03/2017,20488.34961,20753.7793,20412.80078,20663.2207,0.3229
03/04/2017,20665.16992,20887.5,20517.82031,20656.09961,-0.0345
10/04/2017,20668.2207,20750.33008,20453.25,20453.25,-0.9820
17/04/2017,20484.75,20644.41016,20379.55078,20547.75977,0.4621
24/04/2017,20723.58984,21070.90039,20723.58984,20940.50977,1.9114
01/05/2017,20962.73047,21006.93945,20847.94922,21006.93945,0.3172
08/05/2017,20991.25977,21046.84961,20798.90039,20896.60938,-0.5252
15/05/2017,20923.63086,21033.5293,20553.44922,20804.83984,-0.4392
22/05/2017,20867.76953,21112.32031,20860.16016,21080.2793,1.3239
29/05/2017,21045.49023,21225.03906,20942.57031,21206.28906,0.5978
05/06/2017,21195.0293,21305.34961,21113.31055,21271.9707,0.3097
12/06/2017,21259.94922,21391.9707,21186.15039,21384.2793,0.5280
19/06/2017,21444.75,21535.0293,21333.89063,21394.75977,0.0490
26/06/2017,21434.67969,21506.21094,21197.08008,21349.63086,-0.2109
03/07/2017,21392.30078,21562.75,21305.38086,21414.33984,0.3031
10/07/2017,21381.23047,21681.5293,21279.30078,21637.74023,1.0432
17/07/2017,21633.9707,21661.91016,21471.14063,21580.07031,-0.2665
24/07/2017,21577.7793,21841.17969,21496.13086,21830.31055,1.1596
31/07/2017,21863.39063,22092.81055,21861.71094,22092.81055,1.2025
07/08/2017,22100.19922,22179.10938,21842.74023,21858.32031,-1.0614
14/08/2017,21945.64063,22085.71094,21641.63086,21674.50977,-0.8409
21/08/2017,21671.35938,21912.83008,21600.33984,21813.66992,0.6420
28/08/2017,21832.5,22038.9707,21673.58008,21987.56055,0.7972
04/09/2017,21912.36914,21921.08984,21709.63086,21797.78906,-0.8631
11/09/2017,21927.78906,22275.01953,21927.78906,22268.33984,2.1587
18/09/2017,22297.91992,22419.50977,22283.34961,22349.58984,0.3649
25/09/2017,22320.4707,22405.63086,22219.10938,22405.08984,0.2483
02/10/2017,22423.4707,22777.03906,22416,22773.66992,1.6451
09/10/2017,22779.73047,22905.33008,22739.38086,22871.7207,0.4305
16/10/2017,22892.91992,23328.83984,22887.11914,23328.63086,1.9977
23/10/2017,23348.94922,23485.25,23251.10938,23434.18945,0.4525
30/10/2017,23405.75,23557.06055,23327.86914,23539.18945,0.4481
06/11/2017,23533.96094,23602.11914,23310.01953,23422.21094,-0.4970
13/11/2017,23367.4707,23492.18945,23242.75,23358.24023,-0.2731
20/11/2017,23370.71094,23617.80078,23360.58008,23557.99023,0.8552
27/11/2017,23552.85938,24327.82031,23545.01953,24231.58984,2.8593
04/12/2017,24424.10938,24534.03906,24101.24023,24329.16016,0.4027
11/12/2017,24338.10938,24688.61914,24314.74023,24651.74023,1.3259
18/12/2017,24739.56055,24876.07031,24697.10938,24754.06055,0.4151
25/12/2017,24715.83984,24871.66016,24708.41992,24719.2207,-0.1407
01/01/2018,24809.34961,25299.78906,24741.69922,25295.86914,2.3328
08/01/2018,25308.40039,25810.42969,25235.41016,25803.18945,2.0055
15/01/2018,25987.61914,26153.41992,25702.99023,26071.7207,1.0407
22/01/2018,26025.32031,26616.71094,25974.65039,26616.71094,2.0904
29/01/2018,26584.2793,26608.90039,25490.66016,25520.96094,-4.1168
05/02/2018,25337.86914,25520.5293,23360.28906,24190.90039,-5.2116
12/02/2018,24337.75977,25432.41992,24290.48047,25219.38086,4.2515
19/02/2018,25124.91016,25313.91016,24792.99023,25309.99023,0.3593
26/02/2018,25403.34961,25800.34961,24217.75977,24538.06055,-3.0499
05/03/2018,24471.31055,25336.33008,24387.15039,25335.74023,3.2508
12/03/2018,25372.43945,25449.15039,24668.83008,24946.50977,-1.5363
19/03/2018,24893.68945,24977.65039,23509.06055,23533.19922,-5.6654
26/03/2018,23825.74023,24446.2207,23708.73047,24103.10938,2.4217
02/04/2018,24076.59961,24622.25977,23344.51953,23932.75977,-0.7068
09/04/2018,24037.51953,24646.44922,23954.83008,24360.14063,1.7858
16/04/2018,24483.15039,24858.9707,24375.03906,24462.93945,0.4220
23/04/2018,24488.07031,24579.93945,23823.08008,24311.18945,-0.6203
30/04/2018,24410.41016,24498.23047,23531.31055,24262.50977,-0.2002
07/05/2018,24317.66016,24868.65039,24198.33984,24831.16992,2.3438
14/05/2018,24879.36914,24994.18945,24629.39063,24715.08984,-0.4675
21/05/2018,24883.06055,25086.49023,24605.90039,24753.08984,0.1538
28/05/2018,24606.58984,24714.48047,24247.83984,24635.21094,-0.4762
04/06/2018,24727.55078,25326.08984,24710.82031,25316.5293,2.7656
11/06/2018,25336.66992,25402.83008,24894.38086,25090.48047,-0.8929
18/06/2018,24944.2793,25003.09961,24406.63086,24580.89063,-2.0310
25/06/2018,24463.73047,24569.01953,23997.21094,24271.41016,-1.2590
02/07/2018,24161.5293,24520.28906,24077.56055,24456.48047,0.7625
09/07/2018,24519.19922,25043.21094,24518.42969,25019.41016,2.3018
16/07/2018,25025.58008,25215.32031,24979.64063,25058.11914,0.1547
23/07/2018,25036.90039,25587.24023,24983.33008,25451.06055,1.5681
30/07/2018,25439.32031,25500.16016,25120.07031,25462.58008,0.0453
06/08/2018,25437.42969,25692.7207,25222.88086,25313.14063,-0.5869
13/08/2018,25327.18945,25728.16016,24965.76953,25669.32031,1.4071
20/08/2018,25727.69922,25888.82031,25608.01953,25790.34961,0.4715
27/08/2018,25882.71094,26167.93945,25879.76953,25964.82031,0.6765
03/09/2018,25916.07031,26073.67969,25805.94922,25916.53906,-0.1859
10/09/2018,25991.91016,26211.10938,25754.32031,26154.66992,0.9188
17/09/2018,26151.66016,26769.16016,26030.34961,26743.5,2.2513
24/09/2018,26705.25,26709.93945,26349.33984,26458.31055,-1.0664
01/10/2018,26598.35938,26951.81055,26301.81055,26447.05078,-0.0426
08/10/2018,26399.44922,26539.93945,24899.76953,25339.99023,-4.1860
15/10/2018,25332.46094,25817.67969,25236.00977,25444.33984,0.4118
22/10/2018,25492.14063,25561.33984,24445.18945,24688.31055,-2.9713
29/10/2018,24818.98047,25578.98047,24122.23047,25270.83008,2.3595
05/11/2018,25261.4707,26277.82031,25261.4707,25989.30078,2.8431
12/11/2018,25959.33008,25966.71094,24787.78906,25413.2207,-2.2166
19/11/2018,25392.60938,25392.60938,24268.74023,24285.94922,-4.4358
26/11/2018,24364.13086,25549.71094,24364.13086,25538.46094,5.1574
03/12/2018,25779.57031,25980.21094,24242.2207,24388.94922,-4.5011
10/12/2018,24360.94922,24828.28906,23881.36914,24100.50977,-1.1827
17/12/2018,23986.83008,24088.08008,22396.33984,22445.36914,-6.8677
24/12/2018,22317.2793,23381.88086,21712.5293,23062.40039,2.7490
31/12/2018,23153.93945,23518.64063,22638.41016,23433.16016,1.6076
07/01/2019,23474.25977,24084.71094,23301.58984,23995.94922,2.4017
14/01/2019,23880.5293,24750.2207,23765.24023,24706.34961,2.9605
21/01/2019,24607.75977,24860.15039,24244.31055,24737.19922,0.1249
28/01/2019,24596.98047,25193.15039,24323.93945,25063.89063,1.3206
04/02/2019,25062.11914,25439.03906,24883.03906,25106.33008,0.1693
11/02/2019,25142.81055,25883.7207,25009.09961,25883.25,3.0945
18/02/2019,25849.84961,26052.90039,25762.21094,26031.81055,0.5740
25/02/2019,26126.15039,26241.41992,25877.24023,26026.32031,-0.0211
04/03/2019,26122.18945,26155.98047,25252.46094,25450.24023,-2.2135
11/03/2019,25208,25927.91016,25208,25848.86914,1.5663
18/03/2019,25801.88086,26109.67969,25501.44922,25502.32031,-1.3407
25/03/2019,25490.7207,25949.32031,25372.25977,25928.67969,1.6718
01/04/2019,26075.09961,26487.57031,26071.68945,26424.99023,1.9141
08/04/2019,26312.66992,26436.67969,26062.58984,26412.30078,-0.0480
15/04/2019,26407.75977,26602.41992,26316.41992,26559.53906,0.5575
22/04/2019,26510.76953,26695.96094,26310.2793,26543.33008,-0.0610
29/04/2019,26559.86914,26689.39063,26180.35938,26504.94922,-0.1446
06/05/2019,26160.61914,26476.26953,25469.85938,25942.36914,-2.1225
13/05/2019,25568.06055,25957.63086,25222.50977,25764,-0.6876
20/05/2019,25655.31055,25898.26953,25328.08984,25585.68945,-0.6921
27/05/2019,25616.55078,25717.63086,24809.50977,24815.03906,-3.0120
03/06/2019,24830.16016,26072.75,24680.57031,25983.93945,4.7105
10/06/2019,26090.2207,26248.66992,25958.66016,26089.60938,0.4067
17/06/2019,26108.5293,26907.36914,26049.80078,26719.13086,2.4129
24/06/2019,26727.60938,26806.51953,26465.32031,26599.96094,-0.4460
01/07/2019,26805.85938,26966,26616.21094,26922.11914,1.2111
08/07/2019,26835.64063,27333.78906,26665.57031,27332.0293,1.5226
15/07/2019,27364.68945,27398.67969,27068.78906,27154.19922,-0.6506
22/07/2019,27174.17969,27368.81055,27062.48047,27192.44922,0.1409
29/07/2019,27192.24023,27281.65039,26249.2207,26485.00977,-2.6016
05/08/2019,26259.23047,26413.35938,25440.39063,26287.43945,-0.7460
12/08/2019,26169.91016,26426.9707,25339.59961,25886.00977,-1.5271
19/08/2019,26020.06055,26388.7793,25507.17969,25628.90039,-0.9932
26/08/2019,25826.05078,26514.61914,25637.42969,26403.2793,3.0215
02/09/2019,26198.25977,26860.86914,25978.2207,26797.46094,1.4929
09/09/2019,26866.23047,27306.73047,26717.05078,27219.51953,1.5750
16/09/2019,27146.06055,27272.16992,26899.15039,26935.07031,-1.0450
23/09/2019,26851.44922,27079.67969,26704.96094,26820.25,-0.4263
30/09/2019,26852.33008,27046.21094,25743.46094,26573.7207,-0.9192
07/10/2019,26502.33008,27013.9707,26139.80078,26816.58984,0.9139
14/10/2019,26766.42969,27120.10938,26749.17969,26770.19922,-0.1730
21/10/2019,26852.66992,27015.36914,26714.33984,26958.06055,0.7018
28/10/2019,27040.33008,27347.42969,26918.28906,27347.35938,1.4441
04/11/2019,27402.06055,27774.66992,27402.06055,27681.24023,1.2209
11/11/2019,27580.66016,28004.89063,27517.66992,28004.89063,1.1692
18/11/2019,27993.2207,28090.21094,27675.2793,27875.61914,-0.4616
25/11/2019,27917.76953,28174.9707,27917.76953,28051.41016,0.6306
02/12/2019,28109.74023,28109.83984,27325.13086,28015.06055,-0.1296
09/12/2019,27987.05078,28290.73047,27801.80078,28135.38086,0.4295
16/12/2019,28191.66992,28608.64063,28191.66992,28455.08984,1.1363
23/12/2019,28491.7793,28701.66016,28491.7793,28645.25977,0.6683
30/12/2019,28654.75977,28872.80078,28376.49023,28634.88086,-0.0362
06/01/2020,28465.5,29009.07031,28418.63086,28823.76953,0.6596
13/01/2020,28869.00977,29373.61914,28819.42969,29348.09961,1.8191
20/01/2020,29269.05078,29341.21094,28843.31055,28989.73047,-1.2211
27/01/2020,28542.49023,28944.24023,28169.5293,28256.0293,-2.5309
03/02/2020,28319.65039,29408.05078,28319.65039,29102.50977,2.9958
10/02/2020,28995.66016,29568.57031,28995.66016,29398.08008,1.0156
17/02/2020,29282.7793,29409.08984,28892.69922,28992.41016,-1.3799
24/02/2020,28402.92969,28402.92969,24681.00977,25409.35938,-12.3586
02/03/2020,25590.50977,27102.33984,25226.61914,25864.7793,1.7923
09/03/2020,24992.35938,25020.99023,21154.46094,23185.61914,-10.3583
16/03/2020,20917.5293,21768.2793,18917.46094,19173.98047,-17.3023
23/03/2020,19028.35938,22595.06055,18213.65039,21636.7793,12.8445
30/03/2020,21678.2207,22480.36914,20735.01953,21052.5293,-2.7003
06/04/2020,21693.63086,24008.99023,21693.63086,23719.36914,12.6676
09/04/2020,23690.69922,24009,23504.09961,23719.36914,0.0000
