Date,Open,High,Low,Close,% Change FTSE
21/03/2005,4923.299805,4952.200195,4887.200195,4922.5,-0.02
28/03/2005,4922.5,4942,4886.5,4914,-0.17
04/04/2005,4914,4994.100098,4877,4983.700195,1.42
11/04/2005,4983.600098,4983.600098,4891.600098,4891.600098,-1.85
18/04/2005,4891.600098,4891.600098,4794.799805,4849.299805,-0.86
25/04/2005,4849.299805,4879.600098,4773.700195,4801.700195,-0.98
02/05/2005,4801.700195,4924.600098,4801.700195,4918.899902,2.44
09/05/2005,4918.899902,4929.100098,4854.200195,4886.5,-0.66
16/05/2005,4886.5,4981.100098,4869,4971.799805,1.75
23/05/2005,4971.799805,5004.299805,4956.799805,4986.299805,0.29
30/05/2005,4986.299805,5016.600098,4964,4999.399902,0.26
06/06/2005,4999.399902,5047.299805,4976.200195,5030.399902,0.62
13/06/2005,5030.399902,5098.5,5013.399902,5077.600098,0.94
20/06/2005,5077.600098,5121.899902,5057.899902,5079,0.03
27/06/2005,5079,5162.600098,5036.899902,5161,1.61
04/07/2005,5161,5237.600098,5022.100098,5232.200195,1.38
11/07/2005,5232.200195,5283.899902,5216.200195,5230.899902,-0.02
18/07/2005,5230.799805,5258.399902,5180.200195,5241.799805,0.21
25/07/2005,5241.799805,5308.600098,5241.799805,5282.299805,0.77
01/08/2005,5282.299805,5341.799805,5282.299805,5314.799805,0.62
08/08/2005,5314.700195,5386.399902,5314.700195,5345.799805,0.58
15/08/2005,5345.799805,5367.799805,5263.700195,5312.600098,-0.62
22/08/2005,5312.600098,5329.700195,5228.100098,5228.100098,-1.59
29/08/2005,5228.100098,5342.100098,5228.100098,5326.899902,1.89
05/09/2005,5326.799805,5376.100098,5320.600098,5359.299805,0.61
12/09/2005,5359.299805,5418.700195,5327.100098,5407.899902,0.91
19/09/2005,5407.899902,5446.600098,5354.299805,5413.600098,0.11
26/09/2005,5413.600098,5508.399902,5413.600098,5477.700195,1.18
03/10/2005,5477.700195,5515,5355.700195,5362.299805,-2.11
10/10/2005,5362.299805,5404.399902,5245.600098,5275,-1.63
17/10/2005,5275,5303.200195,5130.899902,5142.100098,-2.52
24/10/2005,5142.100098,5236.5,5140.100098,5213.399902,1.39
31/10/2005,5213.399902,5446.399902,5213.399902,5423.600098,4.03
07/11/2005,5423.600098,5481.700195,5415.5,5465.100098,0.77
14/11/2005,5465.100098,5531.600098,5391.700195,5498.899902,0.62
21/11/2005,5498.899902,5539,5486.200195,5523.799805,0.45
28/11/2005,5523.799805,5554.899902,5423.200195,5528.100098,0.08
05/12/2005,5528.100098,5574,5492.799805,5517.399902,-0.19
12/12/2005,5517.399902,5552.600098,5489.299805,5531.600098,0.26
19/12/2005,5531.600098,5608.200195,5524.700195,5595.5,1.16
26/12/2005,5595.399902,5647.200195,5591.899902,5618.799805,0.42
02/01/2006,5618.799805,5731.799805,5618.799805,5731.799805,2.01
09/01/2006,5731.799805,5750.299805,5686.100098,5711,-0.36
16/01/2006,5711,5740.200195,5634.799805,5672.399902,-0.68
23/01/2006,5672.399902,5788.200195,5625,5786.799805,2.02
30/01/2006,5786.799805,5816,5728.200195,5759.299805,-0.48
06/02/2006,5759.299805,5808.899902,5681.899902,5764.100098,0.08
13/02/2006,5764.100098,5863.299805,5760.299805,5846.200195,1.42
20/02/2006,5846.200195,5888,5829.399902,5860.5,0.24
27/02/2006,5860.5,5893.299805,5783.899902,5858.700195,-0.03
06/03/2006,5858.700195,5924.5,5790.899902,5907.899902,0.84
13/03/2006,5907.899902,6044,5907.899902,5999.399902,1.55
20/03/2006,5999.399902,6039.100098,5956.700195,6036.299805,0.62
27/03/2006,6036.299805,6047,5927.200195,5964.600098,-1.19
03/04/2006,5964.600098,6074.200195,5964.600098,6026.100098,1.03
10/04/2006,6026.100098,6092.5,5974.5,6029.399902,0.05
17/04/2006,6029.399902,6137.100098,6026.100098,6132.700195,1.71
24/04/2006,6132.700195,6136.5,6023.100098,6023.100098,-1.79
01/05/2006,6023.100098,6100,6001.100098,6091.700195,1.14
08/05/2006,6091.700195,6133.5,5912.100098,5912.100098,-2.95
15/05/2006,5912.100098,5912.100098,5618.700195,5657.399902,-4.31
22/05/2006,5657.399902,5791,5510.5,5791,2.36
29/05/2006,5791,5802.899902,5591.5,5764.600098,-0.46
05/06/2006,5764.600098,5789.799805,5562.899902,5655.200195,-1.90
12/06/2006,5655.200195,5701.5,5467.399902,5597.399902,-1.02
19/06/2006,5597.399902,5736.799805,5585,5692.100098,1.69
26/06/2006,5692.100098,5865.700195,5633.799805,5833.399902,2.48
03/07/2006,5833.399902,5908.5,5815.700195,5888.899902,0.95
10/07/2006,5888.899902,5901,5707.600098,5707.600098,-3.08
17/07/2006,5707.600098,5819.700195,5654.600098,5719.700195,0.21
24/07/2006,5719.700195,5982.5,5719.700195,5974.899902,4.46
31/07/2006,5974.899902,5977.200195,5827.100098,5889.399902,-1.43
07/08/2006,5889.399902,5889.399902,5752.600098,5820.100098,-1.18
14/08/2006,5820.100098,5932.5,5820.100098,5903.399902,1.43
21/08/2006,5903.399902,5939.200195,5832.5,5878.600098,-0.42
28/08/2006,5878.600098,5967.700195,5878.600098,5949.200195,1.20
04/09/2006,5949.100098,5991.200195,5853.299805,5879.299805,-1.17
11/09/2006,5879.299805,5943.700195,5820,5877,-0.04
18/09/2006,5877,5911.899902,5820.399902,5822.299805,-0.93
25/09/2006,5822.299805,6002.899902,5774.5,5960.799805,2.38
02/10/2006,5960.799805,6016.700195,5897.299805,6001.200195,0.68
09/10/2006,6001.200195,6170.5,5994.799805,6157.299805,2.60
16/10/2006,6157.299805,6199.799805,6105.799805,6155.200195,-0.03
23/10/2006,6155.200195,6244.600098,6129.100098,6160.899902,0.09
30/10/2006,6160.899902,6180.700195,6110.899902,6148.100098,-0.21
06/11/2006,6148.100098,6250.399902,6146.5,6208.399902,0.98
13/11/2006,6208.399902,6256.799805,6167.299805,6192,-0.26
20/11/2006,6192,6233.100098,6068.100098,6122.100098,-1.13
27/11/2006,6122.100098,6129.5,5985.200195,6021.5,-1.64
04/12/2006,6021.5,6157.100098,6019.399902,6152.399902,2.17
11/12/2006,6152.399902,6271.399902,6137.799805,6260,1.75
18/12/2006,6260,6269.100098,6171.200195,6190,-1.12
25/12/2006,6190,6258.700195,6190,6220.799805,0.50
01/01/2007,6220.799805,6322,6220.100098,6220.100098,-0.01
08/01/2007,6220.100098,6247.600098,6130.200195,6239,0.30
15/01/2007,6239,6279.700195,6163.5,6237.200195,-0.03
22/01/2007,6237.200195,6335.100098,6189.200195,6228,-0.15
29/01/2007,6228,6329,6197.5,6310.899902,1.33
05/02/2007,6310.899902,6395.399902,6294.700195,6382.799805,1.14
12/02/2007,6382.799805,6439.200195,6344.700195,6419.5,0.57
19/02/2007,6419.5,6451.399902,6352.100098,6401.5,-0.28
26/02/2007,6401.5,6446.799805,6038.899902,6116.200195,-4.46
05/03/2007,6116.200195,6255.799805,5989.600098,6245.200195,2.11
12/03/2007,6245.200195,6276.299805,6000.700195,6130.600098,-1.84
19/03/2007,6130.600098,6350.399902,6130.600098,6339.399902,3.41
26/03/2007,6339.399902,6355.299805,6250.100098,6308,-0.50
02/04/2007,6308,6398.700195,6293.899902,6397.299805,1.42
09/04/2007,6397.299805,6462.399902,6376.399902,6462.399902,1.02
16/04/2007,6462.399902,6516.200195,6386.200195,6486.799805,0.38
23/04/2007,6486.799805,6511.100098,6408.399902,6418.700195,-1.05
30/04/2007,6418.700195,6614.700195,6395.5,6603.700195,2.88
07/05/2007,6603.700195,6603.700195,6451.899902,6565.700195,-0.58
14/05/2007,6565.700195,6656.299805,6530.299805,6640.899902,1.15
21/05/2007,6640.899902,6675,6532.5,6570.600098,-1.06
28/05/2007,6570.5,6676.700195,6533.5,6676.700195,1.61
04/06/2007,6676.700195,6686.600098,6451.399902,6505.100098,-2.57
11/06/2007,6505.100098,6734.200195,6483.600098,6732.399902,3.49
18/06/2007,6732.399902,6751.299805,6562.200195,6567.399902,-2.45
25/06/2007,6567.399902,6607.899902,6496.399902,6607.899902,0.62
02/07/2007,6607.899902,6691.799805,6570.5,6690.100098,1.24
09/07/2007,6690.100098,6754.100098,6574.200195,6716.700195,0.40
16/07/2007,6716.700195,6735.799805,6567.100098,6585.200195,-1.96
23/07/2007,6585.200195,6624.399902,6192.299805,6215.200195,-5.62
30/07/2007,6215.200195,6361.100098,6186.200195,6224.299805,0.15
06/08/2007,6224.299805,6406.299805,6038.299805,6038.299805,-2.99
13/08/2007,6038.299805,6264.899902,5821.700195,6064.200195,0.43
20/08/2007,6064.200195,6287.200195,6031.799805,6220.100098,2.57
27/08/2007,6220.100098,6309.5,6056.5,6303.299805,1.34
03/09/2007,6303.299805,6390.5,6179.100098,6191.200195,-1.78
10/09/2007,6191.200195,6374.5,6123.100098,6289.299805,1.58
17/09/2007,6289.299805,6512.399902,6158.799805,6456.700195,2.66
24/09/2007,6456.700195,6508,6367,6466.799805,0.16
01/10/2007,6466.799805,6605.100098,6419.200195,6595.799805,1.99
08/10/2007,6595.799805,6730.700195,6527.5,6730.700195,2.05
15/10/2007,6730.700195,6751.700195,6523.600098,6527.899902,-3.01
22/10/2007,6527.899902,6684.100098,6413.399902,6661.299805,2.04
29/10/2007,6661.299805,6726.899902,6483.399902,6530.600098,-1.96
05/11/2007,6530.600098,6530.600098,6268.899902,6304.899902,-3.46
12/11/2007,6304.899902,6465.399902,6268.600098,6291.200195,-0.22
19/11/2007,6291.200195,6331.700195,6026.899902,6262.100098,-0.46
26/11/2007,6262.100098,6455.799805,6061.799805,6432.5,2.72
03/12/2007,6432.5,6591.799805,6289.299805,6554.899902,1.90
10/12/2007,6554.899902,6610.899902,6336.700195,6397,-2.41
17/12/2007,6397,6451.799805,6251.799805,6434.100098,0.58
24/12/2007,6434.100098,6504.700195,6431.200195,6476.899902,0.67
31/12/2007,6476.899902,6534.700195,6333.200195,6348.5,-1.98
07/01/2008,6348.5,6399.600098,6147,6202,-2.31
14/01/2008,6202,6247.299805,5856.799805,5901.700195,-4.84
21/01/2008,5901.700195,5973.299805,5338.700195,5869,-0.55
28/01/2008,5869,6044.899902,5689.399902,6029.200195,2.73
04/02/2008,6029.200195,6071.299805,5703.100098,5784,-4.07
11/02/2008,5784,5938.5,5681.5,5787.600098,0.06
18/02/2008,5787.600098,6033.700195,5787.600098,5888.5,1.74
25/02/2008,5888.5,6104.5,5859.299805,5884.299805,-0.07
03/03/2008,5884.299805,5884.299805,5655.700195,5699.899902,-3.13
10/03/2008,5699.899902,5812.700195,5595.799805,5631.700195,-1.20
17/03/2008,5631.700195,5653.600098,5414.399902,5495.200195,-2.42
24/03/2008,5495.200195,5747.200195,5495.200195,5692.899902,3.60
31/03/2008,5692.899902,5948,5585.600098,5947.100098,4.47
07/04/2008,5947.100098,6016.299805,5866.100098,5895.5,-0.87
14/04/2008,5895.5,6086.399902,5827,6056.600098,2.73
21/04/2008,6056.5,6098.799805,5951.899902,6091.399902,0.57
28/04/2008,6091.399902,6223.899902,6035.799805,6215.5,2.04
05/05/2008,6215.5,6275,6155.899902,6204.700195,-0.17
12/05/2008,6204.700195,6348.600098,6142.299805,6304.299805,1.61
19/05/2008,6304.299805,6377,6087.299805,6087.299805,-3.44
26/05/2008,6087.299805,6141.700195,6041.100098,6053.5,-0.56
02/06/2008,6053.5,6074.5,5906.5,5906.799805,-2.42
09/06/2008,5902.899902,5938.5,5708.299805,5802.799805,-1.76
16/06/2008,5802.799805,5930.299805,5597,5620.799805,-3.14
23/06/2008,5620.799805,5693.799805,5470.899902,5530,-1.62
30/06/2008,5529.899902,5625.899902,5358.5,5412.799805,-2.12
07/07/2008,5412.799805,5538.200195,5261.600098,5261.600098,-2.79
14/07/2008,5261.600098,5376.399902,5071.100098,5376.399902,2.18
21/07/2008,5376.399902,5467.200195,5282.799805,5352.600098,-0.44
28/07/2008,5352.600098,5456.100098,5261.399902,5354.700195,0.04
04/08/2008,5354.700195,5539.299805,5299.700195,5489.200195,2.51
11/08/2008,5489.200195,5569.200195,5432.200195,5454.799805,-0.63
18/08/2008,5454.799805,5505.600098,5311.399902,5505.600098,0.93
25/08/2008,5505.600098,5649.100098,5369.299805,5636.600098,2.38
01/09/2008,5636.600098,5646.5,5227.600098,5240.700195,-7.02
08/09/2008,5240.700195,5524.799805,5240.700195,5416.700195,3.36
15/09/2008,5416.700195,5416.700195,4857.100098,5311.299805,-1.95
22/09/2008,5311.299805,5339.299805,5057.299805,5088.5,-4.19
29/09/2008,5088.5,5088.5,4671,4980.299805,-2.13
06/10/2008,4980.299805,4980.299805,3874,3932.100098,-21.05
13/10/2008,3932.100098,4534.399902,3808.100098,4063,3.33
20/10/2008,4063,4347.700195,3715.199951,3883.399902,-4.42
27/10/2008,3883.399902,4383.899902,3665.199951,4377.299805,12.72
03/11/2008,4377.299805,4639.5,4260.299805,4365,-0.28
10/11/2008,4365,4524.899902,4079.600098,4233,-3.02
17/11/2008,4233,4236.399902,3734.100098,3781,-10.68
24/11/2008,3781,4288,3781,4288,13.41
01/12/2008,4288,4288,3973.300049,4049.399902,-5.56
08/12/2008,4049.399902,4430.299805,4049.399902,4280.399902,5.70
15/12/2008,4280.399902,4352.700195,4200.700195,4286.899902,0.15
22/12/2008,4286.899902,4307.100098,4205.200195,4216.600098,-1.64
29/12/2008,4216.600098,4561.799805,4216.600098,4561.799805,8.19
05/01/2009,4561.799805,4675.700195,4410.5,4448.5,-2.48
12/01/2009,4448.5,4471.299805,4090.899902,4147.100098,-6.78
19/01/2009,4147.100098,4251.899902,3956.699951,4052.5,-2.28
26/01/2009,4052.5,4317.600098,4039.399902,4149.600098,2.40
02/02/2009,4149.600098,4330.700195,4036.899902,4291.899902,3.43
09/02/2009,4291.899902,4334,4135.100098,4189.600098,-2.38
16/02/2009,4189.600098,4189.600098,3877.800049,3889.100098,-7.17
23/02/2009,3889.100098,3960,3760.699951,3830.100098,-1.52
02/03/2009,3830.100098,3830.100098,3492.100098,3530.699951,-7.82
09/03/2009,3530.699951,3816,3460.699951,3753.699951,6.32
16/03/2009,3753.699951,3912.600098,3753.699951,3842.899902,2.38
23/03/2009,3842.899902,3992.399902,3842.899902,3898.899902,1.46
30/03/2009,3898.899902,4137.899902,3762.899902,4029.699951,3.35
06/04/2009,4029.699951,4097.200195,3876.100098,3983.699951,-1.14
13/04/2009,3983.699951,4114.299805,3939.600098,4092.800049,2.74
20/04/2009,4092.800049,4156,3897.300049,4156,1.54
27/04/2009,4156,4293.600098,4058.699951,4243.200195,2.10
04/05/2009,4243.200195,4520.799805,4243.200195,4462.100098,5.16
11/05/2009,4462.100098,4470.100098,4295.200195,4348.100098,-2.55
18/05/2009,4348.100098,4512.700195,4307.700195,4365.299805,0.40
25/05/2009,4365.299805,4469.399902,4295,4417.899902,1.20
01/06/2009,4417.899902,4517.600098,4359.299805,4438.600098,0.47
08/06/2009,4438.600098,4505.899902,4370.600098,4442,0.08
15/06/2009,4442,4442,4239.700195,4345.899902,-2.16
22/06/2009,4345.899902,4345.899902,4213.399902,4241,-2.41
29/06/2009,4241,4353,4221.200195,4236.299805,-0.11
06/07/2009,4236.299805,4242.100098,4123.5,4127.200195,-2.58
13/07/2009,4127.200195,4411.899902,4096.100098,4388.799805,6.34
20/07/2009,4388.799805,4603.200195,4388.799805,4576.600098,4.28
27/07/2009,4576.600098,4646.899902,4512.100098,4608.399902,0.69
03/08/2009,4608.399902,4743.600098,4595.600098,4731.600098,2.67
10/08/2009,4731.600098,4790.200195,4631.700195,4714,-0.37
17/08/2009,4714,4858.5,4610.299805,4850.899902,2.90
24/08/2009,4850.899902,4944.200195,4850.899902,4908.899902,1.20
31/08/2009,4908.899902,4921.200195,4776.5,4851.700195,-1.17
07/09/2009,4851.700195,5038.799805,4851.700195,5011.5,3.29
14/09/2009,5011.5,5183.899902,4953.700195,5172.899902,3.22
21/09/2009,5172.899902,5189.899902,5073.399902,5082.200195,-1.75
28/09/2009,5082.200195,5190,4955,4988.700195,-1.84
05/10/2009,4988.700195,5172.799805,4976.899902,5161.899902,3.47
12/10/2009,5161.899902,5272.899902,5154.200195,5190.200195,0.55
19/10/2009,5190.200195,5299.600098,5166.5,5242.600098,1.01
26/10/2009,5242.600098,5281.100098,5024.399902,5044.600098,-3.78
02/11/2009,5044.600098,5159,4985.100098,5142.700195,1.94
09/11/2009,5142.700195,5304.899902,5142.700195,5296.399902,2.99
16/11/2009,5296.399902,5397,5224,5251.399902,-0.85
23/11/2009,5251.399902,5379.5,5103.799805,5245.700195,-0.11
30/11/2009,5245.700195,5373.899902,5190.700195,5322.399902,1.46
07/12/2009,5322.399902,5328.799805,5175.700195,5261.600098,-1.14
14/12/2009,5261.600098,5335.299805,5196.799805,5196.799805,-1.23
21/12/2009,5196.799805,5402.399902,5196.799805,5402.399902,3.96
28/12/2009,5402.399902,5445.200195,5390.399902,5412.899902,0.19
04/01/2010,5412.899902,5551.700195,5410.799805,5534.200195,2.24
11/01/2010,5534.200195,5600.5,5450.399902,5455.399902,-1.42
18/01/2010,5455.399902,5531.899902,5253,5303,-2.79
25/01/2010,5303,5330.600098,5145.700195,5188.5,-2.16
01/02/2010,5188.5,5305.399902,5033.799805,5060.899902,-2.46
08/02/2010,5060.899902,5207.700195,5033,5142.5,1.61
15/02/2010,5142.5,5366.100098,5142.5,5358.200195,4.19
22/02/2010,5358.200195,5395.5,5259.700195,5354.5,-0.07
01/03/2010,5354.5,5605.399902,5354.5,5599.799805,4.58
08/03/2010,5599.799805,5646.700195,5563.100098,5625.700195,0.46
15/03/2010,5625.700195,5691.200195,5588.200195,5650.100098,0.43
22/03/2010,5650.100098,5737.100098,5583.5,5703,0.94
29/03/2010,5703,5744.899902,5646.299805,5744.899902,0.73
05/04/2010,5744.899902,5790.399902,5684.5,5771,0.45
12/04/2010,5771,5833.700195,5726.399902,5744,-0.47
19/04/2010,5744,5797,5652.399902,5723.700195,-0.35
26/04/2010,5723.700195,5800.700195,5533.600098,5553.299805,-2.98
03/05/2010,5553.299805,5566,5045.299805,5123,-7.75
10/05/2010,5123,5436,5123,5262.899902,2.73
17/05/2010,5262.899902,5341.399902,4957.100098,5062.899902,-3.80
24/05/2010,5062.899902,5240.299805,4898.5,5188.399902,2.48
31/05/2010,5188.399902,5262.5,5063.200195,5126,-1.20
07/06/2010,5126,5184.399902,4984.700195,5163.700195,0.74
14/06/2010,5163.700195,5293.799805,5149.100098,5250.799805,1.69
21/06/2010,5250.799805,5331.5,5031.700195,5046.5,-3.89
28/06/2010,5046.5,5085.700195,4790,4838.100098,-4.13
05/07/2010,4838.100098,5150.600098,4821.100098,5132.899902,6.09
12/07/2010,5132.899902,5287.299805,5128.600098,5158.899902,0.51
19/07/2010,5158.899902,5328.5,5090.600098,5312.600098,2.98
26/07/2010,5312.600098,5411.5,5245.5,5258,-1.03
02/08/2010,5258,5416.799805,5258,5332.399902,1.41
09/08/2010,5332.399902,5418.600098,5210.600098,5275.399902,-1.07
16/08/2010,5275.399902,5351.5,5160.399902,5195.299805,-1.52
23/08/2010,5195.299805,5268.399902,5070.899902,5201.600098,0.12
30/08/2010,5201.600098,5454,5129.700195,5428.200195,4.36
06/09/2010,5428.200195,5511.5,5361.399902,5501.600098,1.35
13/09/2010,5501.600098,5612.899902,5501.600098,5508.5,0.13
20/09/2010,5508.5,5635.700195,5471.700195,5598.5,1.63
27/09/2010,5598.5,5650.299805,5506.100098,5592.899902,-0.10
04/10/2010,5592.899902,5707.299805,5550.600098,5657.600098,1.16
11/10/2010,5657.600098,5770.899902,5597.5,5703.399902,0.81
18/10/2010,5703.399902,5786.700195,5670.100098,5741.399902,0.67
25/10/2010,5741.399902,5794.299805,5630.899902,5675.200195,-1.15
01/11/2010,5675.200195,5899.399902,5667.399902,5875.399902,3.53
08/11/2010,5875.399902,5902.100098,5711.700195,5796.899902,-1.34
15/11/2010,5796.899902,5832.899902,5659.700195,5732.799805,-1.11
22/11/2010,5732.799805,5783.100098,5573.299805,5668.700195,-1.12
29/11/2010,5668.700195,5784.299805,5519.200195,5745.299805,1.35
06/12/2010,5745.299805,5850.399902,5728.5,5813,1.18
13/12/2010,5813,5907.100098,5812.899902,5871.799805,1.01
20/12/2010,5871.799805,6008.899902,5865.5,6008.899902,2.33
27/12/2010,6008.899902,6021.5,5899.899902,5899.899902,-1.81
03/01/2011,5899.899902,6090.5,5899.899902,5984.299805,1.43
10/01/2011,5984.299805,6055.5,5939.899902,6002.100098,0.30
17/01/2011,6002.100098,6077.100098,5867.299805,5896.299805,-1.76
24/01/2011,5896.299805,6003.299805,5877.899902,5881.399902,-0.25
31/01/2011,5881.399902,6023.399902,5815.399902,5997.399902,1.97
07/02/2011,5997.399902,6091.299805,5973.399902,6062.899902,1.09
14/02/2011,6062.899902,6101.399902,6023.799805,6083,0.33
21/02/2011,6083,6105.799805,5861,6001.200195,-1.34
28/02/2011,6001.200195,6052.100098,5865.899902,5990.399902,-0.18
07/03/2011,5990.399902,6043.100098,5796.399902,5828.700195,-2.70
14/03/2011,5828.700195,5842,5591.600098,5718.100098,-1.90
21/03/2011,5718.100098,5918.700195,5718.100098,5900.799805,3.20
28/03/2011,5900.799805,6014.799805,5879.899902,6009.899902,1.85
04/04/2011,6009.899902,6066.399902,5987.700195,6055.799805,0.76
11/04/2011,6055.799805,6070.799805,5943.799805,5996,-0.99
18/04/2011,5996,6049.399902,5858.299805,6018.299805,0.37
25/04/2011,6018.299805,6091.799805,6007,6069.899902,0.86
02/05/2011,6069.899902,6103.700195,5871.600098,5976.799805,-1.53
09/05/2011,5976.799805,6040.200195,5882.399902,5925.899902,-0.85
16/05/2011,5925.899902,6017.600098,5860.700195,5948.5,0.38
23/05/2011,5948.5,5951.399902,5810.5,5938.899902,-0.16
30/05/2011,5938.899902,6010,5802.700195,5855,-1.41
06/06/2011,5855,5890.600098,5758.299805,5765.799805,-1.52
13/06/2011,5765.799805,5822.600098,5644.399902,5714.899902,-0.88
20/06/2011,5714.899902,5789.100098,5647.200195,5697.700195,-0.30
27/06/2011,5697.700195,5999,5679.600098,5989.799805,5.13
04/07/2011,5989.799805,6084.100098,5973.799805,5990.600098,0.01
11/07/2011,5990.600098,5998.600098,5793,5843.700195,-2.45
18/07/2011,5843.700195,5966.799805,5752.799805,5935,1.56
25/07/2011,5935,5951.299805,5772.399902,5815.200195,-2.02
01/08/2011,5815.200195,5913.5,5202.600098,5247,-9.77
08/08/2011,5247,5320,4791,5320,1.39
15/08/2011,5320,5377.200195,4929.600098,5040.799805,-5.25
22/08/2011,5040.799805,5254.200195,4993.299805,5129.899902,1.77
29/08/2011,5129.899902,5449.700195,5129.899902,5292,3.16
05/09/2011,5292,5369.799805,5086.799805,5214.700195,-1.46
12/09/2011,5214.700195,5406.100098,5059.200195,5368.399902,2.95
19/09/2011,5368.399902,5377.399902,4928.100098,5066.799805,-5.62
26/09/2011,5066.799805,5314.299805,4974,5128.5,1.22
03/10/2011,5128.5,5370.899902,4868.600098,5303.399902,3.41
10/10/2011,5303.399902,5501.399902,5303.399902,5466.399902,3.07
17/10/2011,5466.399902,5543.700195,5348.600098,5488.700195,0.41
24/10/2011,5488.700195,5747.299805,5465.5,5702.200195,3.89
31/10/2011,5702.200195,5702.200195,5338.399902,5527.200195,-3.07
07/11/2011,5527.200195,5616,5360.200195,5545.399902,0.33
14/11/2011,5545.399902,5575.200195,5347.899902,5362.899902,-3.29
21/11/2011,5362.899902,5362.899902,5075.200195,5164.700195,-3.70
28/11/2011,5164.700195,5595.5,5164.700195,5552.299805,7.50
05/12/2011,5552.299805,5631.899902,5440.899902,5529.200195,-0.42
12/12/2011,5529.200195,5529.200195,5366.799805,5387.299805,-2.57
19/12/2011,5387.299805,5516.600098,5328.700195,5512.700195,2.33
26/12/2011,5512.700195,5588.399902,5491,5572.299805,1.08
02/01/2012,5572.299805,5719.799805,5572.299805,5649.700195,1.39
09/01/2012,5649.700195,5711.899902,5583.5,5636.600098,-0.23
16/01/2012,5636.600098,5749.799805,5609.899902,5728.600098,1.63
23/01/2012,5728.600098,5806.200195,5694.100098,5733.5,0.09
30/01/2012,5733.5,5901.100098,5651.600098,5901.100098,2.92
06/02/2012,5901.100098,5916.299805,5839.899902,5852.399902,-0.83
13/02/2012,5852.399902,5923.799805,5829.399902,5905.100098,0.90
20/02/2012,5905.100098,5964,5894.600098,5935.100098,0.51
27/02/2012,5935.100098,5944.799805,5858.899902,5911.100098,-0.40
05/03/2012,5911.100098,5911.100098,5755.700195,5887.5,-0.40
12/03/2012,5887.5,5989.100098,5860.399902,5965.600098,1.33
19/03/2012,5965.600098,5968.899902,5801.700195,5854.899902,-1.86
26/03/2012,5854.899902,5941.899902,5726.5,5768.5,-1.48
02/04/2012,5768.5,5890.200195,5663.299805,5723.700195,-0.78
09/04/2012,5723.700195,5727.899902,5576.399902,5651.799805,-1.26
16/04/2012,5651.799805,5792.100098,5641.100098,5772.200195,2.13
23/04/2012,5772.200195,5789,5637.700195,5777.100098,0.08
30/04/2012,5777.100098,5819.899902,5639.799805,5655.100098,-2.11
07/05/2012,5655.100098,5668.100098,5464.399902,5575.5,-1.41
14/05/2012,5575.5,5575.700195,5256.600098,5267.600098,-5.52
21/05/2012,5267.600098,5408.700195,5253.899902,5351.5,1.59
28/05/2012,5351.5,5413.799805,5229.799805,5260.200195,-1.71
04/06/2012,5260.200195,5494.5,5260.200195,5435.100098,3.32
11/06/2012,5435.100098,5536.299805,5414.600098,5478.799805,0.80
18/06/2012,5478.799805,5623.899902,5461.100098,5513.700195,0.64
25/06/2012,5513.700195,5619.700195,5435.5,5571.200195,1.04
02/07/2012,5571.200195,5727.5,5571.200195,5662.600098,1.64
09/07/2012,5662.600098,5688.700195,5588.799805,5666.100098,0.06
16/07/2012,5666.100098,5718.600098,5621.200195,5651.799805,-0.25
23/07/2012,5651.799805,5651.799805,5478,5627.200195,-0.44
30/07/2012,5627.200195,5794,5625.700195,5787.299805,2.85
06/08/2012,5787.299805,5860.200195,5767.100098,5847.100098,1.03
13/08/2012,5847.100098,5876.200195,5811.299805,5852.399902,0.09
20/08/2012,5852.399902,5872.600098,5739.399902,5776.600098,-1.30
27/08/2012,5776.600098,5779.5,5705.700195,5711.5,-1.13
03/09/2012,5711.5,5807.600098,5634.899902,5794.799805,1.46
10/09/2012,5794.799805,5932.600098,5757.600098,5915.600098,2.08
17/09/2012,5915.600098,5915.700195,5824.399902,5852.600098,-1.06
24/09/2012,5852.600098,5869.200195,5740.5,5742.100098,-1.89
01/10/2012,5742.100098,5885.600098,5738.600098,5871,2.24
08/10/2012,5871,5871,5766.700195,5793.299805,-1.32
15/10/2012,5793.299805,5928.299805,5786,5896.200195,1.78
22/10/2012,5896.200195,5911,5753.299805,5806.700195,-1.52
29/10/2012,5806.700195,5890.100098,5763.5,5868.600098,1.07
05/11/2012,5868.600098,5921.799805,5715.200195,5769.700195,-1.69
12/11/2012,5769.700195,5795.299805,5605.600098,5605.600098,-2.84
19/11/2012,5605.600098,5830.5,5605.600098,5819.100098,3.81
26/11/2012,5819.100098,5904.399902,5755.200195,5866.799805,0.82
03/12/2012,5866.799805,5923.899902,5852.899902,5914.399902,0.81
10/12/2012,5914.399902,5948.5,5891.299805,5921.799805,0.13
17/12/2012,5921.799805,5977.799805,5881,5940,0.31
24/12/2012,5940,5997,5915.299805,5925.399902,-0.25
31/12/2012,5925.399902,6089.799805,5873.399902,6089.799805,2.77
07/01/2013,6089.799805,6121.600098,6053.600098,6121.600098,0.52
14/01/2013,6121.600098,6172.5,6076.100098,6154.399902,0.54
21/01/2013,6154.399902,6284.5,6149.200195,6284.5,2.11
28/01/2013,6284.5,6354.5,6275.5,6347.200195,1.00
04/02/2013,6347.200195,6347.299805,6216.700195,6263.899902,-1.31
11/02/2013,6263.899902,6384.700195,6252.299805,6328.299805,1.03
18/02/2013,6328.299805,6412.399902,6278,6335.700195,0.12
25/02/2013,6335.700195,6391.700195,6258.600098,6378.600098,0.68
04/03/2013,6378.600098,6489.5,6333.200195,6483.600098,1.65
11/03/2013,6483.600098,6534,6437.600098,6489.700195,0.09
18/03/2013,6489.700195,6489.700195,6364,6392.799805,-1.49
25/03/2013,6392.799805,6458.5,6344.200195,6411.700195,0.30
01/04/2013,6411.700195,6501.799805,6214.399902,6249.799805,-2.53
08/04/2013,6249.799805,6423.600098,6249.799805,6384.399902,2.15
15/04/2013,6384.399902,6384.399902,6225.200195,6286.600098,-1.53
22/04/2013,6286.600098,6467.100098,6259,6426.399902,2.22
29/04/2013,6426.399902,6541.700195,6409.799805,6521.5,1.48
06/05/2013,6521.5,6637.799805,6521.399902,6625,1.59
13/05/2013,6625,6726.899902,6602.799805,6723.100098,1.48
20/05/2013,6723.100098,6875.600098,6640.100098,6654.299805,-1.02
27/05/2013,6654.299805,6790.700195,6577.799805,6583.100098,-1.07
03/06/2013,6583.100098,6583.100098,6313.600098,6412,-2.60
10/06/2013,6412,6421.200195,6205.700195,6308.299805,-1.62
17/06/2013,6308.299805,6397.299805,6116.200195,6116.200195,-3.05
24/06/2013,6116.200195,6271.799805,6023.399902,6215.5,1.62
01/07/2013,6215.5,6498.600098,6185.200195,6375.5,2.57
08/07/2013,6375.5,6585.700195,6375.5,6544.899902,2.66
15/07/2013,6544.899902,6657.399902,6517.399902,6630.700195,1.31
22/07/2013,6630.700195,6662.200195,6535.200195,6554.799805,-1.14
29/07/2013,6554.799805,6696.600098,6544.100098,6647.899902,1.42
05/08/2013,6647.899902,6685,6507.200195,6583.399902,-0.97
12/08/2013,6583.399902,6628,6460.100098,6500,-1.27
19/08/2013,6500,6516.700195,6386.700195,6492.100098,-0.12
26/08/2013,6492.100098,6502.200195,6393.700195,6412.899902,-1.22
02/09/2013,6412.899902,6568.200195,6412.899902,6547.299805,2.10
09/09/2013,6547.299805,6606.100098,6508.799805,6583.799805,0.56
16/09/2013,6583.799805,6659.100098,6532.5,6596.399902,0.19
23/09/2013,6596.399902,6601.5,6487.299805,6512.700195,-1.27
30/09/2013,6512.700195,6512.700195,6386.200195,6453.899902,-0.90
07/10/2013,6453.899902,6489.200195,6316.899902,6487.200195,0.52
14/10/2013,6487.200195,6622.700195,6464.399902,6622.600098,2.09
21/10/2013,6622.600098,6729.700195,6617.799805,6721.299805,1.49
28/10/2013,6721.299805,6819.899902,6704.200195,6734.700195,0.20
04/11/2013,6734.700195,6780.100098,6643.899902,6708.399902,-0.39
11/11/2013,6708.399902,6744.799805,6614,6693.399902,-0.22
18/11/2013,6693.399902,6732.100098,6643.5,6674.299805,-0.29
25/11/2013,6674.299805,6709.100098,6635.700195,6650.600098,-0.36
02/12/2013,6650.600098,6657.399902,6479.700195,6552,-1.48
09/12/2013,6552,6571.899902,6433.5,6440,-1.71
16/12/2013,6440,6616.799805,6422.200195,6606.600098,2.59
23/12/2013,6606.600098,6754.100098,6606.200195,6750.899902,2.18
30/12/2013,6750.899902,6768.399902,6699.299805,6730.700195,-0.30
06/01/2014,6730.700195,6769.899902,6679.299805,6739.899902,0.14
13/01/2014,6739.899902,6840.5,6694.100098,6829.299805,1.33
20/01/2014,6829.299805,6867.399902,6654.899902,6663.700195,-2.42
27/01/2014,6663.700195,6665.399902,6421.299805,6510.399902,-2.30
03/02/2014,6510.399902,6596.299805,6416.700195,6571.700195,0.94
10/02/2014,6571.700195,6708.200195,6565.299805,6663.600098,1.40
17/02/2014,6663.600098,6859.899902,6661.5,6838.100098,2.62
24/02/2014,6838.100098,6866.399902,6733.5,6809.700195,-0.42
03/03/2014,6809.700195,6827.200195,6671.899902,6712.700195,-1.42
10/03/2014,6712.700195,6757,6500.399902,6527.899902,-2.75
17/03/2014,6527.899902,6628.200195,6492.600098,6557.200195,0.45
24/03/2014,6557.200195,6643.600098,6506.399902,6615.600098,0.89
31/03/2014,6615.600098,6706.299805,6583.100098,6695.600098,1.21
07/04/2014,6695.600098,6695.600098,6538.799805,6561.700195,-2.00
14/04/2014,6561.700195,6627.299805,6507.100098,6625.299805,0.97
21/04/2014,6625.299805,6724.600098,6625.299805,6685.700195,0.91
28/04/2014,6685.700195,6838.200195,6682.899902,6822.399902,2.04
05/05/2014,6822.399902,6840.399902,6766.799805,6814.600098,-0.11
12/05/2014,6814.600098,6894.899902,6813.5,6855.799805,0.60
19/05/2014,6855.799805,6862.200195,6782.799805,6815.799805,-0.58
26/05/2014,6815.799805,6882.100098,6815.399902,6844.5,0.42
02/06/2014,6844.5,6874.399902,6795.299805,6858.200195,0.20
09/06/2014,6858.200195,6879,6758.200195,6777.899902,-1.17
16/06/2014,6777.899902,6840.600098,6736.100098,6825.200195,0.70
23/06/2014,6825.200195,6829.799805,6701.600098,6757.799805,-0.99
30/06/2014,6757.799805,6875.299805,6730.5,6866.100098,1.60
07/07/2014,6866.100098,6866.399902,6643.600098,6690.200195,-2.56
14/07/2014,6690.200195,6792.600098,6690.200195,6749.5,0.89
21/07/2014,6749.5,6830.799805,6715.799805,6791.600098,0.62
28/07/2014,6791.600098,6833.700195,6624.700195,6679.200195,-1.65
04/08/2014,6679.200195,6715.600098,6528.700195,6567.399902,-1.67
11/08/2014,6567.399902,6742.799805,6567.399902,6689.100098,1.85
18/08/2014,6689.100098,6784.600098,6689.100098,6775.299805,1.29
25/08/2014,6775.299805,6831.200195,6775.299805,6819.799805,0.66
01/09/2014,6819.799805,6904.899902,6798.299805,6855.100098,0.52
08/09/2014,6855.100098,6857.5,6764.899902,6807,-0.70
15/09/2014,6807,6876,6748.100098,6837.899902,0.45
22/09/2014,6837.899902,6838.399902,6615.100098,6649.399902,-2.76
29/09/2014,6649.399902,6658.899902,6446.399902,6527.899902,-1.83
06/10/2014,6527.899902,6588.299805,6328.399902,6340,-2.88
13/10/2014,6340,6405,6072.700195,6310.299805,-0.47
20/10/2014,6310.299805,6430.299805,6229.399902,6388.700195,1.24
27/10/2014,6388.700195,6553.399902,6336.100098,6546.5,2.47
03/11/2014,6546.5,6608.200195,6444.899902,6567.200195,0.32
10/11/2014,6567.200195,6654.399902,6566.799805,6654.399902,1.33
17/11/2014,6654.399902,6773.100098,6616.100098,6750.799805,1.45
24/11/2014,6750.799805,6765,6667.100098,6722.600098,-0.42
01/12/2014,6722.600098,6753.200195,6637.399902,6742.799805,0.30
08/12/2014,6742.799805,6742.799805,6297.399902,6300.600098,-6.56
15/12/2014,6300.600098,6566.899902,6144.700195,6545.299805,3.88
22/12/2014,6545.299805,6621,6545.299805,6609.899902,0.99
29/12/2014,6609.899902,6652,6510.600098,6547.799805,-0.94
05/01/2015,6547.799805,6580.799805,6328.600098,6501.100098,-0.71
12/01/2015,6501.100098,6558.799805,6298.200195,6550.299805,0.76
19/01/2015,6550.299805,6841.700195,6548,6832.799805,4.31
26/01/2015,6832.799805,6865,6749.399902,6749.399902,-1.22
02/02/2015,6749.399902,6886.299805,6732,6853.399902,1.54
09/02/2015,6853.399902,6887.600098,6778,6873.5,0.29
16/02/2015,6873.5,6921.299805,6819.799805,6915.200195,0.61
23/02/2015,6915.200195,6967.200195,6885.899902,6946.700195,0.46
02/03/2015,6946.700195,6974.299805,6862.899902,6911.799805,-0.50
09/03/2015,6911.799805,6911.799805,6693.799805,6740.600098,-2.48
16/03/2015,6740.600098,7024.200195,6740.600098,7022.5,4.18
23/03/2015,7022.5,7065.100098,6839.899902,6855,-2.39
30/03/2015,6855,6914.600098,6765.100098,6833.5,-0.31
06/04/2015,6833.5,7095.399902,6833.5,7089.799805,3.75
13/04/2015,7089.799805,7119.399902,6979.299805,6994.600098,-1.34
20/04/2015,6994.600098,7105.100098,6994.600098,7070.700195,1.09
27/04/2015,7070.700195,7122.700195,6906.200195,6986,-1.20
04/05/2015,6986,7053.200195,6810.100098,7046.799805,0.87
11/05/2015,7046.799805,7083.700195,6884.600098,6960.5,-1.22
18/05/2015,6960.5,7061.700195,6931.600098,7031.700195,1.02
25/05/2015,7031.700195,7069.899902,6930.299805,6984.399902,-0.67
01/06/2015,6984.399902,7037.600098,6785.200195,6804.600098,-2.57
08/06/2015,6804.600098,6870.200195,6734.200195,6784.899902,-0.29
15/06/2015,6784.899902,6784.899902,6625.200195,6710.5,-1.10
22/06/2015,6710.5,6873.399902,6710.5,6753.700195,0.64
29/06/2015,6753.700195,6753.700195,6521,6585.799805,-2.49
06/07/2015,6585.799805,6687.600098,6430.399902,6673.399902,1.33
13/07/2015,6673.399902,6805.100098,6673.399902,6775.100098,1.52
20/07/2015,6775.100098,6813.399902,6574,6579.799805,-2.88
27/07/2015,6579.799805,6705.399902,6495.700195,6696.299805,1.77
03/08/2015,6696.299805,6764.799805,6644.700195,6718.5,0.33
10/08/2015,6718.5,6751.5,6536.399902,6550.700195,-2.50
17/08/2015,6550.700195,6585.899902,6187.700195,6187.700195,-5.54
24/08/2015,6187.700195,6247.899902,5768.200195,6247.899902,0.97
31/08/2015,6247.899902,6247.899902,6021.399902,6042.899902,-3.28
07/09/2015,6042.899902,6284.200195,6042.899902,6117.799805,1.24
14/09/2015,6117.799805,6244.899902,6019.899902,6104.100098,-0.22
21/09/2015,6104.100098,6168.700195,5933.200195,6109,0.08
28/09/2015,6109,6176.200195,5877.100098,6130,0.34
05/10/2015,6130,6453.200195,6130,6416.200195,4.67
12/10/2015,6416.200195,6416.200195,6268.299805,6378,-0.60
19/10/2015,6378,6487.899902,6316.299805,6444.100098,1.04
26/10/2015,6444.100098,6453,6337.700195,6361.100098,-1.29
02/11/2015,6361.100098,6459.5,6317.299805,6353.799805,-0.11
09/11/2015,6353.799805,6380.399902,6088.799805,6118.299805,-3.71
16/11/2015,6118.299805,6366.899902,6079.799805,6334.600098,3.54
23/11/2015,6334.600098,6395.299805,6221.299805,6375.200195,0.64
30/11/2015,6375.200195,6447.299805,6219.5,6238.299805,-2.15
07/12/2015,6238.299805,6287.200195,5949.799805,5952.799805,-4.58
14/12/2015,5952.799805,6160.799805,5871.899902,6052.399902,1.67
21/12/2015,6052.399902,6259.899902,6031.799805,6254.600098,3.34
28/12/2015,6254.600098,6314.600098,6233,6242.299805,-0.20
04/01/2016,6242.299805,6242.299805,5888,5912.399902,-5.28
11/01/2016,5912.399902,6011.100098,5769.200195,5804.100098,-1.83
18/01/2016,5804.100098,5926.899902,5639.899902,5900,1.65
25/01/2016,5900,6083.799805,5771.399902,6083.799805,3.12
01/02/2016,6083.799805,6115.100098,5791,5848.100098,-3.87
08/02/2016,5848.100098,5882.399902,5499.5,5707.600098,-2.40
15/02/2016,5707.600098,6036.5,5707.600098,5950.200195,4.25
22/02/2016,5950.200195,6115.399902,5845.600098,6096,2.45
29/02/2016,6096,6204.100098,6033.200195,6199.399902,1.70
07/03/2016,6199.399902,6216.100098,6036.700195,6139.799805,-0.96
14/03/2016,6139.799805,6237,6114.799805,6189.600098,0.81
21/03/2016,6189.600098,6216.799805,6090,6106.5,-1.34
28/03/2016,6106.5,6221.799805,6070.799805,6146.100098,0.65
04/04/2016,6146.100098,6216.299805,6061.899902,6204.399902,0.95
11/04/2016,6204.399902,6373.899902,6165.5,6343.799805,2.25
18/04/2016,6343.799805,6427.299805,6261.700195,6310.399902,-0.53
25/04/2016,6310.399902,6324.600098,6224.5,6241.899902,-1.09
02/05/2016,6241.899902,6270,6054.700195,6125.700195,-1.86
09/05/2016,6125.700195,6193.200195,6060.100098,6138.5,0.21
16/05/2016,6138.5,6215.899902,6050.200195,6156.299805,0.29
23/05/2016,6156.299805,6281.700195,6109.600098,6270.799805,1.86
30/05/2016,6270.799805,6290.100098,6151.899902,6209.600098,-0.98
06/06/2016,6209.600098,6322.600098,6097.200195,6115.799805,-1.51
13/06/2016,6115.799805,6115.799805,5900,6021.100098,-1.55
20/06/2016,6021.100098,6380.600098,5788.700195,6138.700195,1.95
27/06/2016,6138.700195,6587.399902,5958.700195,6577.799805,7.15
04/07/2016,6577.799805,6612.100098,6432.5,6590.600098,0.19
11/07/2016,6590.600098,6743.399902,6590.600098,6669.200195,1.19
18/07/2016,6669.200195,6736.600098,6653.700195,6730.5,0.92
25/07/2016,6730.5,6780.100098,6691,6724.399902,-0.09
01/08/2016,6724.399902,6802.399902,6615.799805,6793.5,1.03
08/08/2016,6793.5,6931,6781.5,6916,1.80
15/08/2016,6916,6955.299805,6840.899902,6859,-0.82
22/08/2016,6859,6885.399902,6779.200195,6838.100098,-0.30
29/08/2016,6838.100098,6928.299805,6723.200195,6894.600098,0.83
05/09/2016,6894.600098,6910.700195,6762.299805,6777,-1.71
12/09/2016,6777,6777,6654.5,6710.299805,-0.98
19/09/2016,6710.299805,6937.299805,6710.299805,6909.399902,2.97
26/09/2016,6909.399902,6941.100098,6768.899902,6899.299805,-0.15
03/10/2016,6899.299805,7121.899902,6898.100098,7044.399902,2.10
10/10/2016,7044.399902,7129.799805,6930,7013.600098,-0.44
17/10/2016,7013.600098,7058.399902,6937.399902,7020.5,0.10
24/10/2016,7020.5,7067.299805,6917.799805,6996.299805,-0.34
31/10/2016,6996.299805,6996.299805,6676.600098,6693.299805,-4.33
07/11/2016,6693.299805,6997.299805,6693.299805,6730.399902,0.55
14/11/2016,6730.399902,6820.5,6730.399902,6775.799805,0.67
21/11/2016,6775.799805,6880.700195,6754.200195,6840.799805,0.96
28/11/2016,6840.799805,6845.700195,6678.700195,6730.700195,-1.61
05/12/2016,6730.700195,6962.299805,6697.700195,6954.200195,3.32
12/12/2016,6954.200195,7038.399902,6875.399902,7011.600098,0.83
19/12/2016,7011.600098,7071.100098,6986.399902,7068.200195,0.81
26/12/2016,7068.200195,7142.799805,7060.899902,7142.799805,1.06
02/01/2017,7142.799805,7212,7142.799805,7210.100098,0.94
09/01/2017,7210.100098,7338.5,7207.399902,7337.799805,1.77
16/01/2017,7337.799805,7354.100098,7191.700195,7198.399902,-1.90
23/01/2017,7198.399902,7205.700195,7131.5,7184.5,-0.19
30/01/2017,7184.5,7202.399902,7093.600098,7188.299805,0.05
06/02/2017,7188.299805,7274.799805,7147.200195,7258.799805,0.98
13/02/2017,7258.799805,7313.399902,7251.799805,7300,0.57
20/02/2017,7300,7329.600098,7192.5,7243.700195,-0.77
27/02/2017,7243.700195,7394.600098,7239.700195,7374.299805,1.80
06/03/2017,7374.299805,7374.299805,7263.600098,7343.100098,-0.42
13/03/2017,7343.100098,7447,7339.299805,7425,1.12
20/03/2017,7425,7440.899902,7301.799805,7336.799805,-1.19
27/03/2017,7336.799805,7384.799805,7255.799805,7322.899902,-0.19
03/04/2017,7322.899902,7362.600098,7258.100098,7349.399902,0.36
10/04/2017,7349.399902,7406.399902,7298.899902,7327.600098,-0.30
17/04/2017,7327.600098,7327.600098,7096.799805,7114.600098,-2.91
24/04/2017,7114.600098,7302.600098,7114.600098,7203.899902,1.26
01/05/2017,7203.899902,7297.399902,7203.899902,7297.399902,1.30
08/05/2017,7297.399902,7435.399902,7285.799805,7435.399902,1.89
15/05/2017,7435.399902,7533.700195,7389.299805,7470.700195,0.47
22/05/2017,7470.700195,7554.200195,7470.700195,7547.600098,1.03
29/05/2017,7547.600098,7599,7497.100098,7547.600098,0.00
05/06/2017,7547.600098,7562,7449.700195,7527.299805,-0.27
12/06/2017,7527.299805,7545.100098,7377.899902,7463.5,-0.85
19/06/2017,7463.5,7561.100098,7396.799805,7424.100098,-0.53
26/06/2017,7424.100098,7481,7302.700195,7312.700195,-1.50
03/07/2017,7312.700195,7386.899902,7303.5,7350.899902,0.52
10/07/2017,7350.899902,7439.100098,7304.799805,7378.399902,0.37
17/07/2017,7378.399902,7515.100098,7357.799805,7452.899902,1.01
24/07/2017,7452.899902,7487.100098,7339.399902,7368.399902,-1.13
31/07/2017,7368.399902,7519.100098,7367.899902,7511.700195,1.94
07/08/2017,7511.700195,7551.899902,7296.5,7310,-2.69
14/08/2017,7310,7445,7302.5,7324,0.19
21/08/2017,7324,7439.5,7296.799805,7401.5,1.06
28/08/2017,7401.5,7460.5,7289.200195,7438.5,0.50
04/09/2017,7438.5,7438.5,7322.399902,7377.600098,-0.82
11/09/2017,7377.600098,7435.799805,7196.600098,7215.5,-2.20
18/09/2017,7215.5,7320.299805,7215.5,7310.600098,1.32
25/09/2017,7310.600098,7382.700195,7272.5,7372.799805,0.85
02/10/2017,7372.799805,7527.700195,7372.700195,7522.899902,2.04
09/10/2017,7522.899902,7565.100098,7493.700195,7535.399902,0.17
16/10/2017,7535.399902,7560,7485.399902,7523.200195,-0.16
23/10/2017,7523.200195,7542,7437.399902,7505,-0.24
30/10/2017,7505,7581,7478.399902,7560.399902,0.74
06/11/2017,7560.399902,7582.899902,7421.700195,7433,-1.69
13/11/2017,7433,7469.299805,7356.200195,7380.700195,-0.70
20/11/2017,7380.700195,7460.899902,7350.399902,7409.600098,0.39
27/11/2017,7409.600098,7469.600098,7288.700195,7300.5,-1.47
04/12/2017,7300.5,7412.200195,7289.399902,7394,1.28
11/12/2017,7394,7510.799805,7393.600098,7490.600098,1.31
18/12/2017,7490.600098,7614.399902,7490.600098,7592.700195,1.36
25/12/2017,7592.700195,7697.600098,7586.399902,7687.799805,1.25
01/01/2018,7687.799805,7727.700195,7624.100098,7724.200195,0.47
08/01/2018,7724.200195,7792.600098,7691.799805,7778.600098,0.70
15/01/2018,7778.600098,7791.799805,7683.700195,7730.799805,-0.61
22/01/2018,7730.799805,7745.200195,7608.5,7665.5,-0.84
29/01/2018,7665.5,7689.200195,7432.299805,7443.399902,-2.90
05/02/2018,7443.399902,7443.399902,7073,7092.399902,-4.72
12/02/2018,7092.399902,7308,7092.399902,7294.700195,2.85
19/02/2018,7294.700195,7306.200195,7187.799805,7244.399902,-0.69
26/02/2018,7244.399902,7326,7063.399902,7069.899902,-2.41
05/03/2018,7069.899902,7225.299805,7062.100098,7224.5,2.19
12/03/2018,7224.5,7254.899902,7122.799805,7164.100098,-0.84
19/03/2018,7164.100098,7164.200195,6877,6921.899902,-3.38
26/03/2018,6921.899902,7109.899902,6866.899902,7056.600098,1.95
02/04/2018,7056.600098,7214,6971.799805,7183.600098,1.80
09/04/2018,7183.600098,7275,7145.600098,7264.600098,1.13
16/04/2018,7264.600098,7368.200195,7189.899902,7368.200195,1.43
23/04/2018,7368.200195,7507.100098,7334.600098,7502.200195,1.82
30/04/2018,7502.200195,7573,7492.399902,7567.100098,0.87
07/05/2018,7567.100098,7728.899902,7550.399902,7724.600098,2.08
14/05/2018,7724.600098,7791.399902,7687.5,7778.799805,0.70
21/05/2018,7778.799805,7903.5,7703.299805,7730.299805,-0.62
28/05/2018,7730.299805,7746.700195,7610.700195,7701.799805,-0.37
04/06/2018,7701.799805,7772.100098,7637.5,7681.100098,-0.27
11/06/2018,7681.100098,7793.5,7633.899902,7633.899902,-0.61
18/06/2018,7633.899902,7705.200195,7548.100098,7682.299805,0.63
25/06/2018,7682.299805,7706.600098,7508.299805,7636.899902,-0.59
02/07/2018,7636.899902,7636.899902,7540.700195,7617.700195,-0.25
09/07/2018,7617.700195,7716.200195,7578.200195,7661.899902,0.58
16/07/2018,7661.899902,7705.799805,7565,7678.799805,0.22
23/07/2018,7678.799805,7740.600098,7621.799805,7701.299805,0.29
30/07/2018,7701.299805,7782.899902,7549.299805,7659.100098,-0.55
06/08/2018,7659.100098,7790.200195,7636.600098,7667,0.10
13/08/2018,7667,7667.299805,7477.100098,7558.600098,-1.41
20/08/2018,7558.600098,7616.200195,7531.200195,7577.5,0.25
27/08/2018,7577.5,7636.700195,7428.700195,7432.399902,-1.91
03/09/2018,7432.399902,7535.100098,7227.100098,7277.700195,-2.08
10/09/2018,7277.700195,7325.299805,7220.5,7304,0.36
17/09/2018,7304,7495.299805,7267.799805,7490.200195,2.55
24/09/2018,7490.200195,7552,7450.5,7510.200195,0.27
01/10/2018,7510.200195,7526.200195,7318.5,7318.5,-2.55
08/10/2018,7318.5,7319.799805,6994.799805,6995.899902,-4.41
15/10/2018,6995.899902,7089,6961.299805,7049.799805,0.77
22/10/2018,7049.799805,7114.100098,6851.600098,6939.600098,-1.56
29/10/2018,6939.600098,7196.399902,6939.600098,7094.100098,2.23
05/11/2018,7094.100098,7171.700195,7027.5,7105.299805,0.16
12/11/2018,7105.299805,7186.299805,6969,7013.899902,-1.29
19/11/2018,7013.899902,7070.5,6904.200195,6952.899902,-0.87
26/11/2018,6952.899902,7078.399902,6952.899902,6980.200195,0.39
03/12/2018,6980.200195,7145.5,6673.600098,6778.100098,-2.90
10/12/2018,6778.100098,6908.5,6719.200195,6845.200195,0.99
17/12/2018,6845.200195,6845.200195,6646.5,6721.200195,-1.81
24/12/2018,6721.200195,6742.5,6536.5,6734,0.19
31/12/2018,6734,6850.399902,6599.5,6837.399902,1.54
07/01/2019,6837.399902,7001.899902,6778,6918.200195,1.18
14/01/2019,6918.200195,6984.399902,6799,6968.299805,0.72
21/01/2019,6968.299805,6987.899902,6802,6809.200195,-2.28
28/01/2019,6809.200195,7024.5,6734,7020.200195,3.10
04/02/2019,7020.200195,7187.5,7002.399902,7071.200195,0.73
11/02/2019,7071.200195,7261.600098,7071.200195,7236.700195,2.34
18/02/2019,7236.700195,7242.100098,7141.899902,7178.600098,-0.80
25/02/2019,7178.600098,7210.700195,7041,7106.700195,-1.00
04/03/2019,7106.700195,7211.799805,7077.899902,7104.299805,-0.03
11/03/2019,7104.299805,7243.799805,7083.200195,7228.299805,1.75
18/03/2019,7228.299805,7370.600098,7192.799805,7207.600098,-0.29
25/03/2019,7207.600098,7287.700195,7146.799805,7279.200195,0.99
01/04/2019,7279.200195,7461.399902,7279.200195,7446.899902,2.30
08/04/2019,7446.899902,7477.600098,7383.5,7437.100098,-0.13
15/04/2019,7437.100098,7485.899902,7420.299805,7459.899902,0.31
22/04/2019,7459.899902,7528.899902,7398.600098,7428.200195,-0.42
29/04/2019,7428.200195,7456.5,7339.5,7380.600098,-0.64
06/05/2019,7380.600098,7380.600098,7189.899902,7203.299805,-2.40
13/05/2019,7203.299805,7354.200195,7150.899902,7348.600098,2.02
20/05/2019,7348.600098,7373.299805,7211.299805,7277.700195,-0.96
27/05/2019,7277.700195,7314.899902,7130.899902,7161.700195,-1.59
03/06/2019,7161.700195,7347.399902,7079.700195,7331.899902,2.38
10/06/2019,7331.899902,7420.700195,7316.399902,7345.799805,0.19
17/06/2019,7345.799805,7469.200195,7324.5,7407.5,0.84
24/06/2019,7407.5,7439.399902,7373.200195,7425.600098,0.24
01/07/2019,7425.600098,7622.600098,7425.600098,7553.100098,1.72
08/07/2019,7553.100098,7571.299805,7493.799805,7506,-0.62
15/07/2019,7506,7590.100098,7475.5,7508.700195,0.04
22/07/2019,7508.700195,7598.600098,7462.700195,7549.100098,0.54
29/07/2019,7549.100098,7727.5,7397.899902,7407.100098,-1.88
05/08/2019,7407.100098,7407.100098,7153.899902,7253.899902,-2.07
12/08/2019,7253.899902,7305.600098,7020.200195,7117.200195,-1.88
19/08/2019,7117.200195,7231.700195,7095,7095,-0.31
26/08/2019,7095,7240.399902,7044.700195,7207.200195,1.58
02/09/2019,7207.200195,7334.600098,7206.899902,7282.299805,1.04
09/09/2019,7282.299805,7380.299805,7199.399902,7367.5,1.17
16/09/2019,7367.5,7378.299805,7290.700195,7344.899902,-0.31
23/09/2019,7344.899902,7440.799805,7213,7426.200195,1.11
30/09/2019,7426.200195,7439.600098,7004.399902,7155.399902,-3.65
07/10/2019,7155.399902,7250.100098,7130.5,7247.100098,1.28
14/10/2019,7247.100098,7251.799805,7146.100098,7150.600098,-1.33
21/10/2019,7150.600098,7338.899902,7139.399902,7324.5,2.43
28/10/2019,7324.5,7346.899902,7245.200195,7302.399902,-0.30
04/11/2019,7302.399902,7431.899902,7302.399902,7359.399902,0.78
11/11/2019,7359.399902,7390,7243.200195,7302.899902,-0.77
18/11/2019,7302.899902,7404.5,7197.299805,7326.799805,0.33
25/11/2019,7326.799805,7446,7326.799805,7346.5,0.27
02/12/2019,7346.5,7400.299805,7131.200195,7239.700195,-1.45
09/12/2019,7239.700195,7429,7137.799805,7353.399902,1.57
16/12/2019,7353.399902,7599.5,7353.200195,7582.5,3.12
23/12/2019,7582.5,7665.399902,7559.600098,7644.899902,0.82
30/12/2019,7644.899902,7644.899902,7532.399902,7622.399902,-0.29
06/01/2020,7622.399902,7632,7525,7587.899902,-0.45
13/01/2020,7587.899902,7689.700195,7582.5,7674.600098,1.14
20/01/2020,7674.600098,7682.799805,7503.200195,7586,-1.15
27/01/2020,7586,7586,7275,7286,-3.95
03/02/2020,7286,7533.600098,7285.200195,7466.700195,2.48
10/02/2020,7466.700195,7547.700195,7403.700195,7409.100098,-0.77
17/02/2020,7409.100098,7480.5,7353.399902,7403.899902,-0.07
24/02/2020,7403.899902,7403.899902,6460.100098,6580.600098,-11.12
02/03/2020,6580.600098,6856.299805,6431.399902,6462.600098,-1.79
09/03/2020,6462.600098,6462.600098,5237.5,5366.100098,-16.97
16/03/2020,5366.100098,5419.299805,4898.799805,5190.799805,-3.27
23/03/2020,5190.799805,5815.700195,4922.799805,5510.299805,6.16
30/03/2020,5510.299805,5702.700195,5351.799805,5415.5,-1.72
06/04/2020,5415.5,5842.700195,5415.5,5842.700195,7.89
