Date,Open,High,Low,Close,% Change HS
21/03/2005,13822.9502,13865.12012,13547.83984,13597.09961,-1.67
28/03/2005,13552.09961,13556.13965,13357.16992,13491.34961,-0.78
04/04/2005,13474.36035,13686.99023,13436.95996,13666.71973,1.30
11/04/2005,13614.04981,13808.50977,13579.16016,13638.75,-0.20
18/04/2005,13382.01953,13727.44043,13337.44043,13693.54981,0.40
25/04/2005,13744.4502,13956.51953,13711.38965,13908.96973,1.57
02/05/2005,13969.63965,14110.29004,13877.91992,14033.95996,0.90
09/05/2005,14068.25977,14112.61035,13841.86035,13866.80957,-1.19
16/05/2005,13861.59961,13863.16016,13590.04981,13717.41992,-1.08
23/05/2005,13730.08984,13739.2002,13541.76953,13714.78027,-0.02
30/05/2005,13741.28027,13946.00977,13684.51953,13818.4502,0.76
06/06/2005,13768.03027,13984.33984,13745.67969,13934.75977,0.84
13/06/2005,13948.41992,13999.05957,13801.41992,13912.03027,-0.16
20/06/2005,13928.70996,14233.80957,13890.78027,14230.29004,2.29
27/06/2005,14142.49023,14365.04981,14142.13965,14201.05957,-0.21
04/07/2005,14188.34961,14202.08984,13920.87012,13964.46973,-1.67
11/07/2005,14065.33984,14550.16992,14047.00977,14504.29004,3.87
18/07/2005,14496.54981,14800.30957,14487.87012,14786.45996,1.95
25/07/2005,14794.92969,14899.70996,14743.69043,14880.98047,0.64
01/08/2005,14892.73047,15201.82031,14841.12012,15051.32031,1.14
08/08/2005,15033.98047,15480.79981,15024.54004,15450.9502,2.66
15/08/2005,15435.49023,15508.57031,15001.44043,15038.61035,-2.67
22/08/2005,15093.17969,15244.90039,14832,14982.88965,-0.37
29/08/2005,14851.67969,15249.15039,14734.42969,15221.88965,1.60
05/09/2005,15231.76953,15307.65039,15038.65039,15165.76953,-0.37
12/09/2005,15240.40039,15240.88965,14965.98047,14983.2002,-1.20
19/09/2005,14994.76953,15271.91016,14943.61035,15143.96973,1.07
26/09/2005,15166.16016,15470.50977,15127.99023,15428.51953,1.88
03/10/2005,15399.87012,15493,14798.91016,14847.79004,-3.76
10/10/2005,14898.83984,14933.92969,14439.12988,14485.87988,-2.44
17/10/2005,14551.74023,14649.70996,14308.61035,14487.84961,0.01
24/10/2005,14470.66992,14566.09961,14189.46973,14215.83008,-1.88
31/10/2005,14313.41992,14668.53027,14255.92969,14585.79004,2.60
07/11/2005,14498.83984,14808.46973,14317.50977,14740.59961,1.06
14/11/2005,14760.40039,14924.62012,14518.75,14883.32031,0.97
21/11/2005,14939.7002,15117.87988,14806.95996,15081.46973,1.33
28/11/2005,15099.62988,15232.32031,14866.09961,15200.37988,0.79
05/12/2005,15208.86035,15208.86035,14860.54004,14910.50977,-1.91
12/12/2005,14991.62012,15079.95996,14863.83984,15029.80957,0.80
19/12/2005,15044.90039,15272.71973,15044.90039,15183.58008,1.02
26/12/2005,15076.94043,15173.48047,14811.63965,14876.42969,-2.02
02/01/2006,14843.96973,15373.79004,14843.96973,15344.44043,3.15
09/01/2006,15497.96973,15792.36035,15497.71973,15787.96973,2.89
16/01/2006,15787.26953,15816.54004,15376.4502,15662.08008,-0.80
23/01/2006,15454.79981,15770.4502,15412.25977,15753.13965,0.58
30/01/2006,15798.44043,15808.17969,15420.66016,15429.73047,-2.05
06/02/2006,15415.87988,15564.95996,15327.07031,15425.9502,-0.02
13/02/2006,15303.04004,15520.59961,15240.9502,15475.69043,0.32
20/02/2006,15525.74023,15875.33008,15525.74023,15856.04981,2.46
27/02/2006,15943.63965,15999.30957,15768.20996,15802,-0.34
06/03/2006,15812.71973,15845.2002,15348.21973,15445.04981,-2.26
13/03/2006,15542.79004,15845.96973,15461.80957,15801.66016,2.31
20/03/2006,15868.49023,15973.00977,15619.13965,15716.45996,-0.54
27/03/2006,15743.66992,15964.34961,15694.11035,15805.04004,0.56
03/04/2006,15904.96973,16534.83008,15877.44043,16471.7793,4.22
10/04/2006,16383.58008,16527.93945,16260.87988,16429.44922,-0.26
17/04/2006,16534.90039,16991.51953,16533.07031,16912.15039,2.94
24/04/2006,16917.60938,16930.00977,16429.5,16661.30078,-1.48
01/05/2006,16764.58984,17099.48047,16744.16016,17013.92969,2.12
08/05/2006,17204.25,17328.42969,16845.84961,16901.84961,-0.66
15/05/2006,16623.34961,16673.5293,16155.76953,16313.36035,-3.48
22/05/2006,16295.37012,16304.9502,15626.9502,15895.09961,-2.56
29/05/2006,15976.26953,16006.07031,15605.95996,15912.70996,0.11
05/06/2006,15964.30957,16062.26953,15405.79004,15628.69043,-1.78
12/06/2006,15560.70996,15851.50977,15204.86035,15842.65039,1.37
19/06/2006,15759.95996,15885.70996,15520.41992,15808.80957,-0.21
26/06/2006,15756.67969,16273.74023,15613.2002,16267.62012,2.90
03/07/2006,16288.58984,16497.90039,16129.65039,16459.7793,1.18
10/07/2006,16376.82031,16606.61914,16062.59961,16135.70996,-1.97
17/07/2006,15980.5,16483.23047,15948.75977,16464.17969,2.04
24/07/2006,16376.37988,17034.55078,16354.44043,16955.03906,2.98
31/07/2006,17103.43945,17114.19922,16867.94922,16887.80078,-0.40
07/08/2006,16927.74023,17349.99023,16811.41992,17249.94922,2.14
14/08/2006,17280.07031,17506.21094,17215.00977,17330.69922,0.47
21/08/2006,17326.38086,17329.67969,16870.69922,16955.44922,-2.17
28/08/2006,16955.88086,17514.31055,16911.51953,17423.7207,2.76
04/09/2006,17504.33008,17538.58984,17044.92969,17145.75977,-1.60
11/09/2006,17141.60938,17304.74023,16921.5293,17237.65039,0.54
18/09/2006,17253.69922,17663.43945,17220.7793,17600.65039,2.11
25/09/2006,17546.03906,17683.44922,17277.75,17543.05078,-0.33
02/10/2006,17543.05078,17940.49023,17428.09961,17903.39063,2.05
09/10/2006,17876.03906,18067.58008,17589.11914,17988.85938,0.48
16/10/2006,18067.19922,18148.03906,17823.33008,18113.55078,0.69
23/10/2006,18170.2207,18465.53906,18066.10938,18297.55078,1.02
30/10/2006,18297.55078,18771.00977,18152.91016,18749.68945,2.47
06/11/2006,18702.25,19161.38086,18694.13086,18891.14063,0.75
13/11/2006,18763.43945,19237.73047,18717.60938,19182.71094,1.54
20/11/2006,19030.35938,19404.00977,18928.58008,19260.30078,0.40
27/11/2006,19263.85938,19328.11914,18618.66016,18690.82031,-2.96
04/12/2006,18654.07031,19131.2207,18587.7207,18739.99023,0.26
11/12/2006,18811.84961,19126.69922,18623.60938,19110.65039,1.98
18/12/2006,19094.63086,19320.51953,18905.43945,19320.51953,1.10
25/12/2006,19620.5293,20049.0293,19512.46094,19964.7207,3.33
01/01/2007,20004.83984,20554.58008,19757.24023,20211.2793,1.23
08/01/2007,19915,20173.06055,19350.5,19613.41016,-2.96
15/01/2007,19776.13086,20337.92969,19746.07031,20327.7207,3.64
22/01/2007,20501.44922,20971.46094,20204.66992,20281.13086,-0.23
29/01/2007,20317.39063,20704.09961,20008.59961,20563.67969,1.39
05/02/2007,20514.83008,20771.08984,20318.99023,20677.66016,0.55
12/02/2007,20534.42969,20696.65039,20127.11914,20567.91016,-0.53
19/02/2007,20567.91016,20844.25,20540.32031,20711.65039,0.70
26/02/2007,20520.44922,20581.41992,19346.59961,19442.00977,-6.13
05/03/2007,19137.35938,19259.09961,18659.23047,19134.88086,-1.58
12/03/2007,19252.36914,19470.36914,18738.50977,18953.5,-0.95
19/03/2007,19006.15039,19813.21094,18967.41016,19692.64063,3.90
26/03/2007,19719.88086,19880.25977,19459.18945,19800.92969,0.55
02/04/2007,19900.00977,20210.83984,19672.93945,20209.71094,2.06
09/04/2007,20416.53906,20502.16992,20248.03906,20340.9707,0.65
16/04/2007,20493.25977,20868.07031,20232.81055,20566.58984,1.11
23/04/2007,20710.38086,20778.43945,20396.36914,20526.5,-0.19
30/04/2007,20525.96094,20883.21094,20130.10938,20841.08008,1.53
07/05/2007,20933.99023,21070.21094,20420.11914,20468.21094,-1.79
14/05/2007,21036.61914,21088.85938,20769.09961,20904.83984,2.13
21/05/2007,20963.51953,21055.10938,20474.0293,20520.66016,-1.84
28/05/2007,20594.14063,20793.38086,20184.48047,20602.86914,0.40
04/06/2007,20698.99023,20943.93945,20433.51953,20509.15039,-0.45
11/06/2007,20649.05078,21052.94922,20511.0293,21017.05078,2.48
18/06/2007,21256.28906,22052.84961,21256.28906,21999.91016,4.68
25/06/2007,21884.09961,22085.58984,21562,21772.73047,-1.03
02/07/2007,22004.14063,22565.42969,21960.75977,22531.74023,3.49
09/07/2007,22719.99023,23239.91992,22539.69922,23099.28906,2.52
16/07/2007,23098.66016,23301.92969,22782.63086,23291.90039,0.83
23/07/2007,23170.34961,23557.74023,22443.09961,22570.41016,-3.10
30/07/2007,22478.76953,23199.90039,22144.73047,22538.43945,-0.14
06/08/2007,22128.06055,22796.73047,21661.05078,21792.71094,-3.31
13/08/2007,21932,22012.03906,19386.7207,20387.13086,-6.45
20/08/2007,21140.73047,23063.92969,20901.64063,22921.89063,12.43
27/08/2007,23358.38086,24089,22686.83984,23984.14063,4.63
03/09/2007,23611.01953,24283.15039,23611.01953,23982.60938,-0.01
10/09/2007,23584.07031,24978.60938,23578.10938,24898.10938,3.82
17/09/2007,24977.41992,25893.19922,24368.65039,25843.7793,3.80
24/09/2007,26002.09961,27254.9707,25994.7793,27142.4707,5.03
01/10/2007,27142.4707,28871.03906,26746.63086,27831.51953,2.54
08/10/2007,28233.30078,29133.75977,27491.92969,28838.36914,3.62
15/10/2007,29147.83984,30025.07031,28484.19922,29465.05078,2.17
22/10/2007,28336.9707,30562.63086,28336.9707,30405.2207,3.19
29/10/2007,30986.2207,31958.41016,30366.68945,30468.33984,0.21
05/11/2007,30165.7793,30356.78906,28408.5293,28783.41016,-5.53
12/11/2007,28061.44922,29249.99023,26952.93945,27614.42969,-4.06
19/11/2007,27628.9707,27851.31055,25861.73047,26541.08984,-3.89
26/11/2007,27398.5293,28792.30078,26637.60938,28643.60938,7.92
03/12/2007,28825.0293,29962.92969,28544.17969,28842.4707,0.69
10/12/2007,29017.69922,29235.21094,27245.16992,27563.64063,-4.43
17/12/2007,27236.44922,27670.31055,26093.96094,27626.91992,0.23
24/12/2007,27965.25,28343.39063,27296.85938,27370.59961,-0.93
31/12/2007,27437.93945,27853.59961,26864.13086,27519.68945,0.54
07/01/2008,26962.53906,27637.59961,26698.53906,26867.00977,-2.37
14/01/2008,27019.13086,27142.88086,23957.60938,25201.86914,-6.20
21/01/2008,24459.01953,25243.58008,21709.63086,25122.36914,-0.32
28/01/2008,24342.39063,24736.80078,23052.94922,24123.58008,-3.98
04/02/2008,24885.07031,25101.41016,23283.9707,23469.46094,-2.71
11/02/2008,23404.74023,24208.50977,22569.5293,24148.42969,2.89
18/02/2008,24344.26953,24413.89063,23077.50977,23305.03906,-3.49
25/02/2008,23546.09961,24841.23047,23164.9707,24331.66992,4.41
03/03/2008,23491.57031,23923.19922,22447.83984,22501.33008,-7.52
10/03/2008,22387.25,23737.65039,22034.75977,22237.10938,-1.17
17/03/2008,21318.0293,22191.88086,20572.91992,21108.2207,-5.08
24/03/2008,21108.2207,23313.88086,21108.2207,23285.94922,10.32
31/03/2008,22997.03906,24334.18945,22700.5,24264.63086,4.20
07/04/2008,24484.83008,24681.46094,23905.58008,24667.78906,1.66
14/04/2008,23968.03906,24442.07031,23613.49023,24197.7793,-1.91
21/04/2008,24821,25861.67969,24413.25,25516.7793,5.45
28/04/2008,25613.16992,26374.08984,25567.58984,26241.01953,2.84
05/05/2008,26321.60938,26387.36914,24911.33008,25063.16992,-4.49
12/05/2008,25063.16992,25748.33008,25032.16992,25618.85938,2.22
19/05/2008,25592.21094,25822,24693.55078,24714.07031,-3.53
26/05/2008,24234.34961,24585.7793,24100.31055,24533.11914,-0.73
02/06/2008,24542.28906,24923.2793,24003.98047,24402.17969,-0.53
09/06/2008,23689.16016,23741.08984,22592.30078,22592.30078,-7.42
16/06/2008,22814.16992,23492.21094,22733.7793,22745.59961,0.68
23/06/2008,22407.08984,22885.34961,21773.66992,22042.34961,-3.09
30/06/2008,22237.91992,22237.91992,21163.57031,21423.82031,-2.81
07/07/2008,21402.69922,22225.38086,21098.83984,22184.55078,3.55
14/07/2008,22205,22360.28906,20988.74023,21874.18945,-1.40
21/07/2008,22523.2793,23369.05078,22393.14063,22740.71094,3.96
28/07/2008,22801.84961,22881.26953,22089.08984,22862.59961,0.54
04/08/2008,22630.58984,22713.58008,21690.59961,21885.21094,-4.28
11/08/2008,22020.53906,22309.33008,20994.53906,21160.58008,-3.31
18/08/2008,21163.00977,21206.59961,20350.48047,20392.06055,-3.63
25/08/2008,20739.48047,21546.93945,20739.48047,21261.89063,4.27
01/09/2008,20999.32031,21066.58008,19708.39063,19933.2793,-6.25
08/09/2008,20840.68945,20840.68945,19157.73047,19352.90039,-2.91
15/09/2008,18325.65039,19327.73047,16283.71973,19327.73047,-0.13
22/09/2008,19869.01953,19869.01953,18500.10938,18682.08984,-3.34
29/09/2008,18742.25,18742.25,16799.28906,17682.40039,-5.35
06/10/2008,17156.21094,17241.7793,14398.54004,14796.87012,-16.32
13/10/2008,15156.16016,17141.05078,14554.20996,14554.20996,-1.64
20/10/2008,14691.90039,15616.95996,12618.37988,12618.37988,-13.30
27/10/2008,12372.75,14329.84961,10676.29004,13968.66992,10.70
03/11/2008,14436.03027,15317.83008,13273.08984,14243.42969,1.97
10/11/2008,15033.17969,15147.95996,12943.11035,13542.66016,-4.92
17/11/2008,13584.34961,13738.12012,11814.80957,12659.2002,-6.52
24/11/2008,12239.49023,13930.91016,12239.49023,13888.24023,9.71
01/12/2008,13775.28027,14253.66016,13344.59961,13846.08984,-0.30
08/12/2008,14303.25,15781.04981,14303.25,14758.38965,6.59
15/12/2008,15363.49023,15557.4502,14819.73047,15127.50977,2.50
22/12/2008,15177.12012,15227.42969,13855.88965,14184.13965,-6.24
29/12/2008,14080.86035,15042.80957,13924.32031,15042.80957,6.05
05/01/2009,15349.33008,15763.54981,14297.41016,14377.44043,-4.42
12/01/2009,14312.25977,14312.25977,12904.04981,13255.50977,-7.80
19/01/2009,13414.08984,13519.17969,12439.12988,12578.59961,-5.11
26/01/2009,13560.07031,13560.07031,12899.57031,13278.20996,5.56
02/02/2009,13194,13660.24023,12729.04004,13655.04004,2.84
09/02/2009,13865.58984,13976.30957,13174.00977,13554.66992,-0.74
16/02/2009,13559.82031,13559.82031,12669.57031,12699.16992,-6.31
23/02/2009,12777.95996,13207.98047,12634.83984,12811.57031,0.89
02/03/2009,12522.61035,12576.4502,11849.16992,11921.51953,-6.95
09/03/2009,11872.45996,12525.79981,11344.58008,12525.79981,5.07
16/03/2009,12657.87012,13226.30957,12615.4502,12833.50977,2.46
23/03/2009,13001.54981,14257.55957,13001.54981,14119.5,10.02
30/03/2009,13893.15039,14644.82031,13411.79004,14545.69043,3.02
06/04/2009,14920.83984,15147.05957,14276.34961,14901.41016,2.45
13/04/2009,14901.41016,15977.12988,14901.41016,15601.26953,4.70
20/04/2009,15574.32031,15878.40039,14830.58984,15258.84961,-2.19
27/04/2009,15160.69043,15587.29004,14457.99023,15520.99023,1.72
04/05/2009,15869.28027,17442.96094,15855.24023,17389.86914,12.04
11/05/2009,17381,17685.64063,16422.2793,16790.69922,-3.45
18/05/2009,16468.71094,17611,16334.36035,17062.51953,1.62
25/05/2009,16999.05078,18227.78906,16789,18171,6.50
01/06/2009,18499.91992,18967.39063,18108.80078,18679.5293,2.80
08/06/2009,18521.78906,19161.9707,17710.44922,18889.67969,1.13
15/06/2009,18712.06055,18872.74023,17655.82031,17920.92969,-5.13
22/06/2009,17906.39063,18688.10938,17375.96094,18600.25977,3.79
29/06/2009,18561.10938,18883.24023,17894.81055,18203.40039,-2.13
06/07/2009,18020.09961,18258.25977,17493.61914,17708.41992,-2.72
13/07/2009,17612.44922,18855.85938,17185.96094,18805.66016,6.20
20/07/2009,19005.18945,20063.92969,18960.53906,19982.78906,6.26
27/07/2009,20170.73047,20712.66016,19787.48047,20573.33008,2.96
03/08/2009,20582.67969,21196.75,20316.7793,20375.36914,-0.96
10/08/2009,20758.51953,21088.07031,20417.75977,20893.33008,2.54
17/08/2009,20467.30078,20471.76953,19824.85938,20199.01953,-3.32
24/08/2009,20649.96094,20649.96094,20004.69922,20098.61914,-0.50
31/08/2009,19827.13086,20413.60938,19425.85938,20318.61914,1.09
07/09/2009,20502.84961,21322.55078,20446.16016,21161.41992,4.15
14/09/2009,20841.50977,21929.78906,20819.92969,21623.44922,2.18
21/09/2009,21574.93945,21742.39063,20766.46094,21024.40039,-2.77
28/09/2009,20798.51953,21090.49023,20323.58984,20375.49023,-3.09
05/10/2009,20342.58008,21572.69922,20305.06055,21499.43945,5.52
12/10/2009,21623.33008,22250.34961,21262.71094,21929.90039,2.00
19/10/2009,21761.83008,22620.00977,21761.83008,22589.73047,3.01
26/10/2009,22589.73047,22589.73047,21134.33008,21752.86914,-3.70
02/11/2009,21194.11914,21931.35938,21130.90039,21829.7207,0.35
09/11/2009,22004.50977,22707.35938,21941.61914,22553.63086,3.32
16/11/2009,22789.99023,23099.57031,22376.35938,22455.83984,-0.43
23/11/2009,22541.68945,22813.92969,21002.49023,21134.5,-5.88
30/11/2009,21687.68945,22593.7207,21687.68945,22498.15039,6.45
07/12/2009,22387.23047,22476.61914,21565.58008,21902.10938,-2.65
14/12/2009,21638.9707,22225.76953,21078.19922,21175.88086,-3.32
21/12/2009,21110.24023,21591.99023,20932.76953,21517,1.61
28/12/2009,21622.13086,21886.32031,21320.10938,21872.5,1.65
04/01/2010,21860.03906,22548.0293,21689.2207,22296.75,1.94
11/01/2010,22524.17969,22671.91992,21581.07031,21654.16016,-2.88
18/01/2010,21418.33984,21681.68945,20250.35938,20726.17969,-4.29
25/01/2010,20447.78906,20619.69922,19916.33984,20121.99023,-2.92
01/02/2010,19987.66992,20780.5,19655.88086,19665.08008,-2.27
08/02/2010,19614.84961,20428.32031,19423.05078,20268.68945,3.07
15/02/2010,20657.85938,20684.2207,19874.55078,19894.01953,-1.85
22/02/2010,20407.83984,20711.75,20120.09961,20608.69922,3.59
01/03/2010,20853.08008,21056.92969,20575.7793,20787.9707,0.87
08/03/2010,21099.71094,21333.06055,21059.06055,21209.74023,2.03
15/03/2010,21036.41992,21440.81055,20964.31055,21370.82031,0.76
22/03/2010,21120.42969,21211.08008,20659.2793,21053.10938,-1.49
29/03/2010,21148.05078,21547.66016,21125.91016,21537,2.30
05/04/2010,21537,22249.23047,21537,22208.5,3.12
12/04/2010,22388.76953,22388.76953,21788.88086,21865.25977,-1.55
19/04/2010,21557.7793,21740.64063,21206.74023,21244.49023,-2.84
26/04/2010,21501.21094,21617.84961,20763.33984,21108.58984,-0.64
03/05/2010,20799.78906,21011.94922,19699.5,19920.28906,-5.63
10/05/2010,20118.94922,20526.58008,19977.09961,20145.42969,1.13
17/05/2010,19832.0293,20013.33008,19276.46094,19545.83008,-2.98
24/05/2010,19470.2793,19910.06055,18971.51953,19766.71094,1.13
31/05/2010,19705.5293,19859.80078,19372.13086,19780.07031,0.07
07/06/2010,19211.66992,19995.64063,19211.66992,19872.38086,0.47
14/06/2010,20102.55078,20315.41992,19970.91016,20286.71094,2.08
21/06/2010,20571.40039,20957.08984,20563.92969,20690.78906,1.99
28/06/2010,20718.08008,20862.38086,19803.2207,19905.32031,-3.80
05/07/2010,19809.06055,20418.31055,19777.83008,20378.66016,2.38
12/07/2010,20476.01953,20722.2207,20173.49023,20250.16016,-0.63
19/07/2010,20007.88086,20847.84961,20007.88086,20815.33008,2.79
26/07/2010,20944.63086,21199.55078,20824.05078,21029.81055,1.03
02/08/2010,21221.42969,21722.38086,21221.42969,21678.80078,3.09
09/08/2010,21640.5293,21805.93945,20926.48047,21071.57031,-2.80
16/08/2010,20881.94922,21297.61914,20868.24023,20981.82031,-0.43
23/08/2010,20963.25,21035.00977,20512.7793,20597.34961,-1.83
30/08/2010,20797.00977,21028.66016,20372.28906,20971.5,1.82
06/09/2010,21155.91016,21435.58008,21066.68945,21257.39063,1.36
13/09/2010,21396.90039,21988.86914,21395.57031,21970.85938,3.36
20/09/2010,21918.44922,22229.17969,21874.41992,22119.42969,0.68
27/09/2010,22351.33008,22439.18945,22091.13086,22358.16992,1.08
04/10/2010,22542.35938,23093.76953,22504.05078,22944.17969,2.62
11/10/2010,23169.13086,23866.86914,23035.57031,23757.63086,3.55
18/10/2010,23693.11914,23768.08984,23307.49023,23517.53906,-1.01
25/10/2010,23551.14063,23781.88086,22880.67969,23096.32031,-1.79
01/11/2010,23366.82031,24931.84961,23366.82031,24876.82031,7.71
08/11/2010,24838.2207,24988.57031,24187.26953,24222.58008,-2.63
15/11/2010,24371.76953,24382.14063,23192.49023,23605.71094,-2.55
22/11/2010,23499.63086,23592.76953,22782.98047,22877.25,-3.09
29/11/2010,22832.05078,23611.03906,22785.2793,23320.51953,1.94
06/12/2010,23507.19922,23612.25,22965.90039,23162.91016,-0.68
13/12/2010,23362.32031,23490.17969,22519.60938,22714.84961,-1.93
20/12/2010,22708.42969,23160.43945,22392.66992,22833.80078,0.52
27/12/2010,22833.80078,23111.26953,22529.25977,23035.44922,0.88
03/01/2011,23135.64063,23880.76953,23057.51953,23686.63086,2.83
10/01/2011,23715.4707,24378.81055,23481.80078,24283.23047,2.52
17/01/2011,24364.07031,24434.40039,23840.28906,23876.85938,-1.67
24/01/2011,23970.30078,24023.67969,23580.41992,23617.01953,-1.09
31/01/2011,23314.68945,23922.74023,23285.59961,23908.96094,1.24
07/02/2011,23981.74023,23981.74023,22446.66992,22828.91992,-4.52
14/02/2011,22920.28906,23614.60938,22809.00977,23595.24023,3.36
21/02/2011,23500.10938,23585.63086,22575.99023,23012.36914,-2.47
28/02/2011,22900.15039,23506.66992,22886.36914,23408.85938,1.72
07/03/2011,23257.14063,23934.07031,23105.99023,23249.7793,-0.68
14/03/2011,23207.15039,23345.88086,22123.25977,22300.23047,-4.08
21/03/2011,22401.06055,23179.25977,22395.30078,23158.66992,3.85
28/03/2011,23114.07031,23827.21094,22952.42969,23801.90039,2.78
04/04/2011,23917.00977,24468.64063,23917.00977,24396.07031,2.50
11/04/2011,24394.99023,24466.4707,23842.28906,24008.07031,-1.59
18/04/2011,23977.86914,24185.49023,23468.19922,24138.31055,0.54
25/04/2011,24138.31055,24260.76953,23633.74023,23720.81055,-1.73
02/05/2011,23720.81055,23924.48047,22985.66016,23159.14063,-2.37
09/05/2011,23249.98047,23509.00977,22888.08008,23276.26953,0.51
16/05/2011,23054.06055,23248.13086,22768.0293,23199.39063,-0.33
23/05/2011,22942.96094,23150.59961,22519.66016,23118.07031,-0.35
30/05/2011,23117.80078,23707.94922,22932.48047,22949.56055,-0.73
06/06/2011,22762.21094,22928.96094,22297.93945,22420.36914,-2.31
13/06/2011,22172.60938,22642.46094,21628.33008,21695.25977,-3.23
20/06/2011,21770.78906,22182.75,21508.76953,22171.94922,2.20
27/06/2011,21888.03906,22464.05078,21888.03906,22398.09961,1.02
04/07/2011,22813.25,22835.0293,22509.17969,22726.42969,1.47
11/07/2011,22598.61914,22598.61914,21648.39063,21875.38086,-3.74
18/07/2011,21727.92969,22449.10938,21611.16016,22444.80078,2.60
25/07/2011,22287.36914,22635.38086,22217.40039,22440.25,-0.02
01/08/2011,22739.55078,22808.33008,20643.25977,20946.14063,-6.66
08/08/2011,20409.00977,20572.50977,18868.10938,19620.00977,-6.33
15/08/2011,20056.7793,20504.38086,19314.41992,19399.91992,-1.12
22/08/2011,19465.30078,19919.91992,19047.64063,19582.88086,0.94
29/08/2011,19883.06055,20975.30078,19749.40039,20212.91016,3.22
05/09/2011,19830.5,20159.28906,19290.40039,19866.63086,-1.71
12/09/2011,19264.67969,19652.5293,18627.65039,19455.31055,-2.07
19/09/2011,19247.58984,19247.58984,17373.41016,17668.83008,-9.18
26/09/2011,17634.41992,18136.01953,16999.53906,17592.41016,-0.43
03/10/2011,17179.19922,17800.7207,16170.34961,17707.00977,0.65
10/10/2011,17853.25977,18758.74023,17437.83984,18501.78906,4.49
17/10/2011,18808.66016,18908.16992,17782,18025.7207,-2.57
24/10/2011,18444.16016,20272.38086,18435.41016,20019.24023,11.06
31/10/2011,20027.7207,20155.61914,19024.07031,19842.78906,-0.88
07/11/2011,19894.2207,20173.14063,18945.58008,19137.16992,-3.56
14/11/2011,19600.36914,19640.67969,18398.96094,18491.23047,-3.38
21/11/2011,18213.7207,18355.11914,17613.19922,17689.48047,-4.34
28/11/2011,18019.21094,19151.65039,17860.80078,19040.39063,7.64
05/12/2011,19117.89063,19242.80078,18511.41992,18586.23047,-2.39
12/12/2011,18853.32031,18919.41992,17895.15039,18285.39063,-1.62
19/12/2011,18053.64063,18636.75,17821.51953,18629.16992,1.88
26/12/2011,18629.16992,18629.16992,18293.81055,18434.39063,-1.05
02/01/2012,18770.64063,18970.59961,18506.58008,18593.06055,0.86
09/01/2012,18588.35938,19261.28906,18302.83984,19204.41992,3.29
16/01/2012,19070.74023,20161.7207,18985.75,20110.36914,4.72
23/01/2012,20110.36914,20590.80078,20110.36914,20501.66992,1.95
30/01/2012,20518,20796.74023,20144.94922,20756.98047,1.25
06/02/2012,21015.55078,21053.06055,20633.13086,20783.85938,0.13
13/02/2012,20718.80078,21546.73047,20673.96094,21491.61914,3.41
20/02/2012,21760.33984,21760.33984,21221.39063,21406.85938,-0.39
27/02/2012,21381.66016,21716.75977,21076.51953,21562.25977,0.73
05/03/2012,21518.0293,21578.75977,20521.96094,21086,-2.21
12/03/2012,21073.58984,21638.32031,20924.35938,21317.84961,1.10
19/03/2012,21454.00977,21454.00977,20596.89063,20668.80078,-3.04
26/03/2012,20672.36914,21063.38086,20374.0293,20555.58008,-0.55
02/04/2012,20662.9707,20816.08984,20404.15039,20593,0.18
09/04/2012,20387.42969,20719.03906,20035.67969,20701.03906,0.52
16/04/2012,20516.08984,21076.42969,20392.57031,21010.64063,1.50
23/04/2012,20970.96094,20970.96094,20534.13086,20741.44922,-1.28
30/04/2012,20889.76953,21385.30078,20889.76953,21086,1.66
07/05/2012,20658.41016,20674.44922,19901.41016,19964.63086,-5.32
14/05/2012,20037.51953,20044.68945,18622.31055,18951.84961,-5.07
21/05/2012,18902,19182.66016,18577.08984,18713.41016,-1.26
28/05/2012,18672.32031,19058.4707,18378.14063,18558.33984,-0.83
04/06/2012,18249.60938,18845.57031,18056.40039,18502.33984,-0.30
11/06/2012,18978.88086,19254.56055,18708.25977,19233.93945,3.95
18/06/2012,19578.13086,19578.82031,18976.05078,18995.13086,-1.24
25/06/2012,19019.0293,19510.76953,18850.4707,19441.46094,2.35
02/07/2012,19441.46094,19869.10938,19441.46094,19800.64063,1.85
09/07/2012,19634.83984,19737.91992,18998.30078,19092.63086,-3.58
16/07/2012,19265.33984,19656.10938,19061.66992,19640.80078,2.87
23/07/2012,19259.35938,19330.68945,18710.58984,19274.96094,-1.86
30/07/2012,19505.0293,19898.91992,19454.33008,19666.17969,2.03
06/08/2012,20052.5,20300.0293,19966.11914,20136.11914,2.39
13/08/2012,20188.48047,20299.7207,19919.56055,20116.07031,-0.10
20/08/2012,20080.32031,20141.16016,19840.18945,19880.0293,-1.17
27/08/2012,19939.53906,19939.53906,19450.76953,19482.57031,-2.00
03/09/2012,19414.61914,19829.01953,19076.78906,19802.16016,1.64
10/09/2012,19876.41016,20648.09961,19658.71094,20629.7793,4.18
17/09/2012,20758.49023,20895.60938,20568.11914,20734.93945,0.51
24/09/2012,20611.09961,20889.90039,20485.08008,20840.38086,0.51
01/10/2012,20840.38086,21021.24023,20799.82031,21012.38086,0.83
08/10/2012,20979.5293,21236.57031,20767.35938,21136.42969,0.59
15/10/2012,21137.60938,21606.32031,21076.94922,21551.75977,1.96
22/10/2012,21440.00977,21847.69922,21431.24023,21545.57031,-0.03
29/10/2012,21478.11914,22149.69922,21338.65039,22111.33008,2.63
05/11/2012,22044.21094,22141.13086,21330.33984,21384.38086,-3.29
12/11/2012,21367.57031,21462.44922,21098.41016,21159.00977,-1.05
19/11/2012,21209.94922,21924.06055,21136.32031,21913.98047,3.57
26/11/2012,21986.35938,22091.60938,21629.58008,22030.39063,0.53
03/12/2012,22070.43945,22371.40039,21687.88086,22191.16992,0.73
10/12/2012,22377.56055,22636.42969,22235.75977,22605.98047,1.87
17/12/2012,22590.75977,22683.7207,22423.16016,22506.28906,-0.44
24/12/2012,22494.71094,22718.83008,22494.71094,22666.58984,0.71
31/12/2012,22584.43945,23400.74023,22566.89063,23331.08984,2.93
07/01/2013,23345.19922,23486.59961,23088.40039,23264.07031,-0.29
14/01/2013,23326.82031,23606.5,23203.24023,23601.7793,1.45
21/01/2013,23565.96094,23710.86914,23481.36914,23580.42969,-0.09
28/01/2013,23621.94922,23916.16016,23571.30078,23721.83984,0.60
04/02/2013,23866.80078,23944.74023,23101.08984,23215.16016,-2.14
11/02/2013,23215.16016,23469.25977,23215.16016,23444.56055,0.99
18/02/2013,23477.49023,23477.49023,22674.58984,22782.43945,-2.82
25/02/2013,22852.89063,23031.68945,22445.33984,22880.2207,0.43
04/03/2013,22866.50977,23220.51953,22466.08008,23091.94922,0.93
11/03/2013,23131.43945,23262.01953,22305.53906,22533.10938,-2.42
18/03/2013,22185.32031,22403.78906,21975.90039,22115.30078,-1.85
25/03/2013,22327.5293,22529.36914,22088.56055,22299.63086,0.83
01/04/2013,22299.63086,22527.11914,21703.2793,21726.90039,-2.57
08/04/2013,21733.7793,22251.61914,21612.05078,22089.05078,1.67
15/04/2013,21998.74023,22016.9707,21423.25,22013.57031,-0.34
22/04/2013,22038.13086,22690.33008,21747.4707,22547.71094,2.43
29/04/2013,22567.63086,22886.16992,22488.65039,22689.96094,0.63
06/05/2013,22967.7793,23353.67969,22855.58008,23321.2207,2.78
13/05/2013,23245.58008,23245.58008,22878.64063,23082.67969,-1.02
20/05/2013,23348.74023,23512.41992,22470.5293,22618.66992,-2.01
27/05/2013,22571.63086,22942.15039,22290.7207,22392.16016,-1.00
03/06/2013,22301.67969,22564.17969,21506.33008,21575.25977,-3.65
10/06/2013,21592.90039,21723.85938,20652.75,20969.14063,-2.81
17/06/2013,21007.2793,21272.75,19969.98047,20263.31055,-3.37
24/06/2013,20023.43945,20818.34961,19426.35938,20803.28906,2.66
01/07/2013,20803.28906,21004.56055,20119.56055,20854.66992,0.25
08/07/2013,20598.21094,21522.15039,20244.07031,21277.2793,2.03
15/07/2013,21278.61914,21460.96094,21205.59961,21362.41992,0.40
22/07/2013,21498.96094,22034.38086,21283.83008,21968.94922,2.84
29/07/2013,21896.11914,22291.41016,21749.68945,22190.9707,1.01
05/08/2013,22273.82031,22273.82031,21571.15039,21807.56055,-1.73
12/08/2013,21796.46094,22695.99023,21735.06055,22517.81055,3.26
19/08/2013,22432.86914,22551.26953,21538.18945,21863.50977,-2.91
26/08/2013,21943.40039,22116,21465.7207,21731.36914,-0.60
02/09/2013,21948.7207,22699.58984,21948.7207,22621.2207,4.09
09/09/2013,22770.25,23120.46094,22680.63086,22915.2793,1.30
16/09/2013,23210.35938,23554.33984,23080.58984,23502.50977,2.56
23/09/2013,23414.98047,23466.66992,23043.89063,23207.03906,-1.26
30/09/2013,22946.74023,23241.5,22845.43945,23138.53906,-0.30
07/10/2013,23152.91992,23336.58984,22743.4707,23218.32031,0.34
14/10/2013,23399.78906,23411.21094,23073.88086,23340.09961,0.52
21/10/2013,23494.36914,23534.66992,22640.17969,22698.33984,-2.75
28/10/2013,22753.75,23336.98047,22753.75,23249.78906,2.43
04/11/2013,23322.07031,23345.92969,22686.57031,22744.39063,-2.17
11/11/2013,22781.99023,23124.30078,22463.40039,23032.15039,1.27
18/11/2013,23397.73047,23856.90039,23390.66016,23696.2793,2.88
25/11/2013,23829.9707,24014.81055,23649.80078,23881.28906,0.78
02/12/2013,23936.15039,24111.55078,23563.21094,23743.09961,-0.58
09/12/2013,23970,23970,23017.33984,23245.96094,-2.09
16/12/2013,23138.2793,23404.44922,22713.69922,22812.17969,-1.87
23/12/2013,22946.55078,23283.31055,22862.89063,23243.24023,1.89
30/12/2013,23353.53906,23469.33008,22782.41992,22817.2793,-1.83
06/01/2014,22732.83008,23044.9707,22567.76953,22846.25,0.13
13/01/2014,23046.41016,23263.41992,22637.55078,23133.34961,1.26
20/01/2014,23048.13086,23139.65039,22435.7207,22450.06055,-2.95
27/01/2014,22019.09961,22222.69922,21746.23047,22035.41992,-1.85
03/02/2014,21561.69922,21703.68945,21197.7793,21636.84961,-1.81
10/02/2014,21646.75,22412.74023,21524.81055,22298.41016,3.06
17/02/2014,22463.40039,22742.7207,22297.84961,22568.24023,1.21
24/02/2014,22576.34961,22986.69922,22258.89063,22836.96094,1.19
03/03/2014,22630.76953,22839.42969,22487.23047,22660.49023,-0.77
10/03/2014,22339.41992,22388.46094,21462.49023,21539.49023,-4.95
17/03/2014,21494.36914,21614.5293,21137.60938,21436.69922,-0.48
24/03/2014,21657.55078,22143.24023,21590.07031,22065.5293,2.93
31/03/2014,22244.16016,22722.24023,22043.50977,22510.08008,2.01
07/04/2014,22416.4707,23224.53906,22326.41016,23003.64063,2.19
14/04/2014,22911.82031,23090.93945,22627.50977,22760.24023,-1.06
21/04/2014,22718.68945,22855.25977,22213.74023,22223.5293,-2.36
28/04/2014,22122.38086,22474.18945,22096.94922,22260.66992,0.17
05/05/2014,22195.80078,22284.56055,21680.33008,21862.99023,-1.79
12/05/2014,21921.58984,22792.63086,21796.90039,22712.91016,3.89
19/05/2014,22751.24023,23053.2793,22555.9707,22965.85938,1.11
26/05/2014,23055.4707,23209.25977,22886.46094,23081.65039,0.50
02/06/2014,23327.50977,23327.50977,22950.66992,22951,-0.57
09/06/2014,23086.93945,23397.76953,23053.38086,23319.16992,1.60
16/06/2014,23299.03906,23340.41992,23122.75,23194.06055,-0.54
23/06/2014,23165.25977,23393.81055,22802.09961,23221.51953,0.12
30/06/2014,23273.18945,23626.14063,22960.08008,23546.35938,1.40
07/07/2014,23581.40039,23592.38086,23126.67969,23233.44922,-1.33
14/07/2014,23310.16016,23583.34961,23240.60938,23454.78906,0.95
21/07/2014,23484.5293,24247.19922,23372.63086,24216.00977,3.25
28/07/2014,24249.26953,24912.2207,24248.35938,24532.42969,1.31
04/08/2014,24590.10938,24690.59961,24190.92969,24331.41016,-0.82
11/08/2014,24533.33984,25010.31055,24491.01953,24954.93945,2.56
18/08/2014,24943.59961,25201.21094,24765.0293,25112.23047,0.63
25/08/2014,25049.96094,25243.16016,24630.80078,24742.06055,-1.47
01/09/2014,24703.74023,25362.98047,24576.23047,25240.15039,2.01
08/09/2014,25293.08984,25293.08984,24487.93945,24595.32031,-2.55
15/09/2014,24410.38086,24471.80078,24103.5293,24306.16016,-1.18
22/09/2014,24072.17969,24082.61914,23555.61914,23678.41016,-2.58
29/09/2014,23399.50977,23399.50977,22565.59961,23064.56055,-2.59
06/10/2014,23053.78906,23581.34961,22988.64063,23088.53906,0.10
13/10/2014,22884,23409.96094,22868.01953,23023.21094,-0.28
20/10/2014,23239.7793,23460.76953,22964.91992,23302.19922,1.21
27/10/2014,23275.40039,24046.40039,23012.80078,23998.06055,2.99
03/11/2014,24133.44922,24133.44922,23430.19922,23550.24023,-1.87
10/11/2014,24074.84961,24110.24023,23703.7207,24087.38086,2.28
17/11/2014,24313.06055,24313.06055,23252.63086,23437.11914,-2.70
24/11/2014,23883.32031,24228.10938,23799.41992,23987.44922,2.35
01/12/2014,23678,24170.05078,23293.81055,24002.64063,0.06
08/12/2014,24113.14063,24189.58984,23169.66992,23249.19922,-3.14
15/12/2014,22977.83984,23189.59961,22529.75,23116.63086,-0.57
22/12/2014,23264.05078,23495.61914,23264.05078,23349.33984,1.01
29/12/2014,23694.5293,23998.90039,23442.55078,23721.30078,1.59
05/01/2015,23699.18945,24169.06055,23312.5,23919.94922,0.84
12/01/2015,24118.58984,24369,23905.00977,24103.51953,0.77
19/01/2015,23971.23047,24896.2207,23590.05078,24850.44922,3.10
26/01/2015,24907.18945,24995.08008,24450.05078,24507.05078,-1.38
02/02/2015,24347.26953,25048.25977,24324.36914,24679.39063,0.70
09/02/2015,24529.55078,24702.53906,24226.28906,24682.53906,0.01
16/02/2015,24717.49023,24871.78906,24653.88086,24832.08008,0.61
23/02/2015,24916.24023,25101.96094,24664.67969,24823.28906,-0.04
02/03/2015,24996.75977,24997.83008,24126.08984,24164,-2.66
09/03/2015,23982.5,24205.85938,23677.06055,23823.21094,-1.41
16/03/2015,23771.40039,24524.55078,23711.26953,24375.24023,2.32
23/03/2015,24538.33984,24613.68945,24294.94922,24486.19922,0.46
30/03/2015,24727.46094,25297.80078,24725.51953,25275.64063,3.22
06/04/2015,25214.33008,27922.66992,25152.57031,27272.39063,7.90
13/04/2015,27374.33008,28031.96094,27304.11914,27653.11914,1.40
20/04/2015,27770.78906,28213.63086,26959.76953,28060.98047,1.47
27/04/2015,28245.14063,28588.51953,27997.90039,28133,0.26
04/05/2015,28231.25977,28343.74023,27207.2793,27577.33984,-1.98
11/05/2015,27837.03906,27928.59961,27191.0293,27822.2793,0.89
18/05/2015,27792.43945,28041.32031,27393.31055,27992.83008,0.61
25/05/2015,28462.32031,28524.59961,27242.10938,27424.18945,-2.03
01/06/2015,27373.06055,27854.74023,27094.5,27260.16016,-0.60
08/06/2015,27147.24023,27428.58984,26573.96094,27280.53906,0.07
15/06/2015,27095.17969,27131.35938,26553.03906,26760.5293,-1.91
22/06/2015,26854.32031,27470.5,26522.44922,26663.86914,-0.36
29/06/2015,26560.13086,26631.50977,25617.7793,26064.10938,-2.25
06/07/2015,26083.99023,26261.5293,22836.82031,24901.2793,-4.46
13/07/2015,24709.58008,25517.44922,24596.43945,25415.26953,2.06
20/07/2015,25540.31055,25634.32031,25073.19922,25128.50977,-1.13
27/07/2015,24906.7793,24947.34961,24140.61914,24636.2793,-1.96
03/08/2015,24533.14063,24641.92969,24217.7793,24552.4707,-0.34
10/08/2015,24433.66016,24924.07031,23826.96094,23991.0293,-2.29
17/08/2015,23945.59961,24024.36914,22185.84961,22409.61914,-6.59
24/08/2015,21605.9707,22424.40039,20865.25977,21612.39063,-3.56
31/08/2015,21793.01953,21793.01953,20715.01953,20840.60938,-3.57
07/09/2015,20683.31055,22228.58984,20524.88086,21504.36914,3.18
14/09/2015,21678.88086,22203.35938,21411.16992,21920.83008,1.94
21/09/2015,21614.42969,22111.66992,20957.99023,21186.32031,-3.35
28/09/2015,20579.2207,21530.80078,20368.11914,21506.08984,1.51
05/10/2015,21930.9707,22807.85938,21719.28906,22458.80078,4.43
12/10/2015,22614.33008,23178.14063,22356.56055,23067.36914,2.71
19/10/2015,23085.60938,23220.38086,22727.58984,23151.93945,0.37
26/10/2015,23423.64063,23423.64063,22612.56055,22640.03906,-2.21
02/11/2015,22502.2793,23342.07031,22332.71094,22867.33008,1.00
09/11/2015,22753.50977,22980.9707,22318.61914,22396.14063,-2.06
16/11/2015,21958.2793,22790.07031,21958.2793,22754.7207,1.60
23/11/2015,22760.05078,22802.71094,22051.00977,22068.32031,-3.02
30/11/2015,21974.81055,22563.4707,21907.34961,22235.89063,0.76
07/12/2015,22336.32031,22352.25,21440.69922,21464.05078,-3.47
14/12/2015,21063.2793,22005.18945,21010.25977,21755.56055,1.36
21/12/2015,21641.16992,22217.44922,21641.16992,22138.13086,1.76
28/12/2015,22151.73047,22151.73047,21864.11914,21914.40039,-1.01
04/01/2016,21782.61914,21794.83984,20323.9707,20453.71094,-6.67
11/01/2016,19997.41992,20234.7793,19500.38086,19520.76953,-4.56
18/01/2016,19287.38086,19647.75,18534.30078,19080.50977,-2.26
25/01/2016,19341.41016,19709.99023,18811.83008,19683.10938,3.16
01/02/2016,19770.96094,19770.96094,18764.82031,19288.16992,-2.01
08/02/2016,18486.92969,18627.50977,18278.80078,18319.58008,-5.02
15/02/2016,18668.86914,19436.39063,18668.86914,19285.5,5.27
22/02/2016,19374.24023,19524.9707,18867.69922,19364.15039,0.41
29/02/2016,19366.16992,20200.38086,19053.7793,20176.69922,4.20
07/03/2016,20306.08984,20331.68945,19818.41992,20199.59961,0.11
14/03/2016,20371.58984,20687.9707,20168.74023,20671.63086,2.34
21/03/2016,20738.25,20772.46094,20268.5293,20345.60938,-1.58
28/03/2016,20386.32031,20872.55078,20250.15039,20498.91992,0.75
04/04/2016,20786.17969,20786.17969,20045.4707,20370.40039,-0.63
11/04/2016,20255.83984,21511.08008,20240.68945,21316.4707,4.64
18/04/2016,21129.67969,21634.74023,21002.76953,21467.03906,0.71
25/04/2016,21408.56055,21654.07031,21023.76953,21067.05078,-1.86
02/05/2016,21061.76953,21061.76953,20058.76953,20109.86914,-4.54
09/05/2016,20279.90039,20347.75977,19594.60938,19719.28906,-1.94
16/05/2016,19711.76953,20145.76953,19631.71094,19852.19922,0.67
23/05/2016,19788.13086,20620.15039,19712.66992,20576.76953,3.65
30/05/2016,20523.66992,21049.19922,20465.83984,20947.24023,1.80
06/06/2016,20971.13086,21352.36914,20840.94922,21042.64063,0.46
13/06/2016,20647.50977,20664.58984,19964.36914,20169.98047,-4.15
20/06/2016,20425.06055,21034.17969,19662.69922,20259.13086,0.44
27/06/2016,19982.66016,20828.0293,19898.75,20794.36914,2.64
04/07/2016,20967.4707,21166.01953,20304.39063,20564.16992,-1.11
11/07/2016,20951.16992,21739.21094,20840,21659.25,5.33
18/07/2016,21656.88086,22118.2207,21612.59961,21964.26953,1.41
25/07/2016,22071.76953,22300.50977,21830.46094,21891.36914,-0.33
01/08/2016,22027.65039,22260.94922,21725.38086,22146.08984,1.16
08/08/2016,22324.17969,22816.75,22260.07031,22766.91016,2.80
15/08/2016,22765.23047,23193.90039,22765.23047,22937.2207,0.75
22/08/2016,22941.5293,23036.07031,22702.60938,22909.53906,-0.12
29/08/2016,22904.19922,23306.48047,22762.73047,23266.69922,1.56
05/09/2016,23576.31055,24364,23530.35938,24099.69922,3.58
12/09/2016,23596.0293,23652.41016,23155.73047,23335.58984,-3.17
19/09/2016,23486.61914,24058.65039,23394.94922,23686.48047,1.50
26/09/2016,23554.83008,23828.59961,23239.35938,23297.15039,-1.64
03/10/2016,23652.83008,24004.08984,23500.71094,23851.82031,2.38
10/10/2016,24013.83984,24064.5,23006.11914,23233.31055,-2.59
17/10/2016,23164.53906,23500.82031,22978.00977,23374.40039,0.61
24/10/2016,23431.63086,23631.33984,22847.73047,22954.81055,-1.80
31/10/2016,22845.82031,23268.05078,22587.58984,22642.61914,-1.36
07/11/2016,22682.71094,23048.32031,21957.71094,22531.08984,-0.49
14/11/2016,22344.23047,22499.39063,22114.01953,22344.21094,-0.83
21/11/2016,22313.03906,22804.25977,22227.80078,22723.44922,1.70
28/11/2016,22738.93945,23012.2793,22559.19922,22564.82031,-0.70
05/12/2016,22580.75,23076.24023,22375.2793,22760.98047,0.87
12/12/2016,22860.26953,22863.60938,21965.67969,22020.75,-3.25
19/12/2016,21945.83984,21955.93945,21491.83008,21574.75977,-2.03
26/12/2016,21562.69922,22069.61914,21488.82031,22000.56055,1.97
02/01/2017,21993.35938,22605.66016,21883.82031,22503.00977,2.28
09/01/2017,22561.10938,22971.49023,22476.34961,22937.38086,1.93
16/01/2017,22895.35938,23151.75,22657.34961,22885.91016,-0.22
23/01/2017,22926.30078,23397.08984,22861.28906,23360.7793,2.07
30/01/2017,23211.88086,23439.01953,22997.46094,23129.21094,-0.99
06/02/2017,23239.28906,23718.4707,23149.69922,23574.98047,1.93
13/02/2017,23664.5293,24161.39063,23614.4707,24033.74023,1.95
20/02/2017,24066,24216.5293,23909.15039,23965.69922,-0.28
27/02/2017,23941.81055,24080.86914,23511.59961,23552.7207,-1.72
06/03/2017,23600.49023,23816.23047,23438.85938,23568.66992,0.07
13/03/2017,23643.30078,24385.81055,23567.92969,24309.92969,3.15
20/03/2017,24312.57031,24656.65039,24207.09961,24358.26953,0.20
27/03/2017,24235.68945,24470.66016,24105.38086,24111.58984,-1.01
03/04/2017,24236.56055,24400.80078,23982.40039,24267.30078,0.65
10/04/2017,24302.00977,24378.38086,23994.13086,24261.66016,-0.02
17/04/2017,24268.16992,24276.31055,23723.86914,24042.01953,-0.91
24/04/2017,24185.75977,24717.43945,23958.17969,24615.13086,2.38
01/05/2017,24773.80078,24773.80078,24358.7207,24476.34961,-0.56
08/05/2017,24604.28906,25211.2793,24476.19922,25156.33984,2.78
15/05/2017,25233.31055,25413.34961,25025.05078,25174.86914,0.07
22/05/2017,25318.28906,25724.40039,25201.33984,25639.26953,1.84
29/05/2017,25672.40039,25973,25579.15039,25924.05078,1.11
05/06/2017,25976.35938,26090.33008,25801.83984,26030.28906,0.41
12/06/2017,25925.44922,25957.7793,25557.80078,25626.49023,-1.55
19/06/2017,25736.19922,26043.09961,25575.98047,25670.05078,0.17
26/06/2017,25727.92969,25965.41992,25625.71094,25764.58008,0.37
03/07/2017,25654.76953,25838.26953,25199.85938,25340.84961,-1.64
10/07/2017,25392.0293,26416.67969,25331.94922,26389.23047,4.14
17/07/2017,26572.91992,26794.17969,26353.83008,26706.08984,1.20
24/07/2017,26720.03906,27169.15039,26674.5,26979.39063,1.02
31/07/2017,27048.44922,27747.34961,27045.41016,27562.67969,2.16
07/08/2017,27665.71094,27876.11914,26863.71094,26883.50977,-2.46
14/08/2017,27091.76953,27624.51953,26951.91992,27047.57031,0.61
21/08/2017,27100.63086,27878.36914,27086.42969,27848.16016,2.96
28/08/2017,27905.58984,28127.90039,27638.73047,27953.16016,0.38
04/09/2017,27881.71094,27884.46094,27421.78906,27668.4707,-1.02
11/09/2017,27877.68945,28071.53906,27514.03906,27807.58984,0.50
18/09/2017,27971.36914,28248.11914,27845.51953,27880.5293,0.26
25/09/2017,27851.53906,27851.53906,27300.36914,27554.30078,-1.17
02/10/2017,27884.21094,28626.41016,27737.38086,28458.03906,3.28
09/10/2017,28440.16992,28625.66016,28260.19922,28476.42969,0.06
16/10/2017,28661.98047,28798.7793,28094.53906,28487.24023,0.04
23/10/2017,28557.80078,28557.80078,28098.83008,28438.84961,-0.17
30/10/2017,28585.15039,28661.28906,28183.78906,28603.60938,0.58
06/11/2017,28616.34961,29237.84961,28137.76953,29120.91992,1.81
13/11/2017,29058.23047,29341.91992,28851.68945,29199.03906,0.27
20/11/2017,29227.08008,30199.68945,29089.58008,29866.32031,2.29
27/11/2017,29857.65039,29859.10938,29028.75977,29074.24023,-2.65
04/12/2017,28951.18945,29343.7793,28134.92969,28639.84961,-1.49
11/12/2017,28645.41016,29367.50977,28645.41016,28848.10938,0.73
18/12/2017,28923.5293,29578.00977,28821.18945,29578.00977,2.53
25/12/2017,29632.9707,29997.96094,29516.50977,29919.15039,1.15
01/01/2018,30028.28906,30911.00977,30028.28906,30814.64063,2.99
08/01/2018,30895.08984,31412.53906,30732.53906,31412.53906,1.94
15/01/2018,31702.56055,32254.89063,31265.25,32254.89063,2.68
22/01/2018,32276.96094,33223.57813,32046.83984,33154.12109,2.79
29/01/2018,33335.48047,33484.07813,32321.41992,32601.7793,-1.67
05/02/2018,31715.56055,32394.86914,29129.25977,29507.41992,-9.49
12/02/2018,29713.08008,31145.09961,29459.63086,31115.42969,5.45
19/02/2018,31165.28906,31477.84961,30720.48047,31267.16992,0.49
26/02/2018,31528.28906,31798.98047,30453.82031,30583.44922,-2.19
05/03/2018,30524.25977,30996.21094,29852.41992,30996.21094,1.35
12/03/2018,31536.30078,31709.99023,31121.66016,31501.9707,1.63
19/03/2018,31370.4707,31978.14063,29930.23047,30309.28906,-3.79
26/03/2018,30267.07031,30985.75,29819.63086,30093.38086,-0.71
02/04/2018,29927.88086,30329.08008,29518.68945,29844.93945,-0.83
09/04/2018,30104.32031,31094.10938,29909.36914,30808.38086,3.23
16/04/2018,30849.7207,30849.7207,29979.40039,30418.33008,-1.27
23/04/2018,30327.0293,30665.09961,29871.19922,30280.66992,-0.45
30/04/2018,30530.40039,30853.13086,29859.30078,29926.5,-1.17
07/05/2018,30102.06055,31277.39063,29791.86914,31122.06055,3.99
14/05/2018,31498.35938,31592.56055,30818.7793,31047.91016,-0.24
21/05/2018,31232.78906,31464.09961,30525.74023,30588.03906,-1.48
28/05/2018,30759.83984,30839.30078,29964.33984,30492.91016,-0.31
04/06/2018,30836.76953,31521.13086,30743.17969,30958.21094,1.53
11/06/2018,31016.51953,31242.85938,30259.10938,30309.49023,-2.10
18/06/2018,29999.00977,30012.03906,29089.39063,29338.69922,-3.20
25/06/2018,29326.11914,29403.35938,28169.09961,28955.10938,-1.31
02/07/2018,28617,28642.33984,27830.75,28315.61914,-2.21
09/07/2018,28606.16016,28981.92969,28013.7207,28525.43945,0.74
16/07/2018,28580.96094,28699.21094,27745.84961,28224.48047,-1.06
23/07/2018,28298.60938,29083.40039,28091.06055,28804.2793,2.05
30/07/2018,28631.05078,28839.24023,27578.08984,27676.32031,-3.92
06/08/2018,27885.50977,28728.16992,27730.41992,28366.61914,2.49
13/08/2018,27956.7793,28085.16992,26871.10938,27213.41016,-4.07
20/08/2018,27273.7793,28051.65039,27209.2207,27671.86914,1.68
27/08/2018,28016.66016,28579.64063,27720.32031,27888.55078,0.78
03/09/2018,27809.44922,27984.89063,26669.58008,26973.4707,-3.28
10/09/2018,26922.26953,27340.01953,26219.56055,27286.41016,1.16
17/09/2018,27029.91016,27965.96094,26648.99023,27953.58008,2.45
24/09/2018,27783.84961,28031.81055,27425.00977,27788.51953,-0.59
01/10/2018,27716.16016,27716.16016,26373.46094,26572.57031,-4.38
08/10/2018,26717.59961,26717.59961,25125.2207,25801.49023,-2.90
15/10/2018,25683.58984,25743.44922,25090.30078,25561.40039,-0.93
22/10/2018,25668.33008,26234.85938,24589.03906,24717.63086,-3.30
29/10/2018,24955.78906,26486.34961,24540.63086,26486.34961,7.16
05/11/2018,26050.33984,26530.86914,25475.32031,25601.91992,-3.34
12/11/2018,25576.2793,26197.31055,25092.30078,26183.5293,2.27
19/11/2018,26278.86914,26397.39063,25494.50977,25927.67969,-0.98
26/11/2018,26099.34961,26923.33008,26031.90039,26506.75,2.23
03/12/2018,27185.66016,27260.43945,26016.08984,26063.75977,-1.67
10/12/2018,25794.94922,26581.92969,25570.89063,26094.78906,0.12
17/12/2018,26178.03906,26186.30078,25313.75,25753.41992,-1.31
24/12/2018,25515.40039,25920.63086,25416.35938,25504.19922,-0.97
31/12/2018,25732.51953,25916.23047,24896.86914,25626.0293,0.48
07/01/2019,26015.83984,26692.01953,25688.5,26667.26953,4.06
14/01/2019,26559.67969,27116.65039,26195.7793,27090.81055,1.59
21/01/2019,27134.26953,27569.18945,26854.66016,27569.18945,1.77
28/01/2019,27695.81055,28193.2793,27328.16992,27930.74023,1.31
04/02/2019,27985.41992,28008.82031,27534.19922,27946.32031,0.06
11/02/2019,27927.44922,28533.35938,27845.86914,27900.83984,-0.16
18/02/2019,28186.75,28816.30078,28186.75,28816.30078,3.28
25/02/2019,28975.51953,29014.18945,28571.13086,28812.16992,-0.01
04/03/2019,28855.10938,29241.80078,28201.08984,28228.41992,-2.03
11/03/2019,28265.84961,29204.73047,28240.7793,29012.25977,2.78
18/03/2019,29112.43945,29486.15039,28847.33984,29113.35938,0.35
25/03/2019,28501.36914,29100.68945,28435.06055,29051.35938,-0.21
01/04/2019,29383.7207,30050.91016,29383.7207,29936.32031,3.05
08/04/2019,30119.58008,30222.01953,29694.84961,29909.75977,-0.09
15/04/2019,30119.84961,30280.11914,29665.10938,29963.25977,0.18
22/04/2019,29782.94922,30112.18945,29504.14063,29605.00977,-1.20
29/04/2019,29730.84961,30081.55078,29620.44922,30081.55078,1.61
06/05/2019,29342.38086,29480.03906,28203.2207,28550.24023,-5.09
13/05/2019,27951.11914,28441.49023,27909.73047,27946.46094,-2.11
20/05/2019,27959.23047,27999.59961,27169.66992,27353.92969,-2.12
27/05/2019,27239.08008,27490.55078,26850.26953,26901.08984,-1.66
03/06/2019,26909.71094,27119.48047,26671.90039,26965.2793,0.24
10/06/2019,27206.60938,27857.84961,26825.34961,27118.34961,0.57
17/06/2019,27252.44922,28581.50977,27201.01953,28473.71094,5.00
24/06/2019,28400.63086,28634.48047,27985.98047,28542.61914,0.24
01/07/2019,28904.03906,29007.98047,28714.91992,28774.83008,0.81
08/07/2019,28513.14063,28603.86914,28080.73047,28471.61914,-1.05
15/07/2019,28303.35938,28809.58984,28071.18945,28765.40039,1.03
22/07/2019,28612.2793,28764.5,28303.55078,28397.74023,-1.28
29/07/2019,28262.80078,28302.66016,26868.96094,26918.58008,-5.21
05/08/2019,26480.4707,26502.60938,25397.34961,25939.30078,-3.64
12/08/2019,25869.48047,26069.23047,24899.92969,25734.2207,-0.79
19/08/2019,25994.80078,26356.2207,25940.43945,26179.33008,1.73
26/08/2019,25322,26011.64063,25249.50977,25724.73047,-1.74
02/09/2019,25627.83008,26790.78906,25498.10938,26690.75977,3.76
09/09/2019,26743.35938,27366.44922,26609.65039,27352.68945,2.48
16/09/2019,27212.89063,27212.89063,26372.08984,26435.66992,-3.35
23/09/2019,26463.61914,26483.0293,25840.66016,25954.81055,-1.82
30/09/2019,25844.71094,26192.86914,25612.49023,25821.0293,-0.52
07/10/2019,25848.73047,26393.00977,25521.94922,26308.43945,1.89
14/10/2019,26520.92969,26985.08008,26386.41016,26719.58008,1.56
21/10/2019,26715.2207,26844.28906,26491.71094,26667.39063,-0.20
28/10/2019,26770.10938,27102.41992,26602.94922,27100.75977,1.63
04/11/2019,27299.88086,27900.80078,27299.46094,27651.14063,2.03
11/11/2019,27361.41016,27361.41016,26203.9707,26326.66016,-4.79
18/11/2019,26442.39063,27093.80078,26306.01953,26595.08008,1.02
25/11/2019,26873.34961,27227.86914,26308.09961,26346.49023,-0.93
02/12/2019,26475.33984,26520.08008,25995.15039,26498.36914,0.58
09/12/2019,26513.9707,27687.75977,26355.5293,27687.75977,4.49
16/12/2019,27530.5,27959.51953,27473.32031,27871.34961,0.66
23/12/2019,28024.61914,28226.10938,27792.66016,28225.41992,1.27
30/12/2019,28250.48047,28883.30078,28123.85938,28451.5,0.80
06/01/2020,28326.5,28665.14063,27857.73047,28638.19922,0.66
13/01/2020,28772.36914,29149.5293,28619.09961,29056.41992,1.46
20/01/2020,29169.11914,29174.91992,27706.36914,27949.64063,-3.81
27/01/2020,27101.53906,27333.30078,26295.49023,26312.63086,-5.86
03/02/2020,26189.60938,27608.2207,26145.58984,27404.26953,4.15
10/02/2020,27092.15039,27960.66016,27044.88086,27815.59961,1.50
17/02/2020,27766.71094,28055.58008,27264.7793,27308.81055,-1.82
24/02/2020,27105.34961,27105.34961,25989.41016,26129.92969,-4.32
02/03/2020,26077.73047,26805.58008,26038.39063,26146.66992,0.06
09/03/2020,25134.01953,25578.60938,22519.32031,24032.91016,-8.08
16/03/2020,23317.81055,23631.5293,21139.25977,22805.07031,-5.11
23/03/2020,21696.13086,23791.19922,21696.13086,23484.2793,2.98
30/03/2020,23020.84961,23627.5293,22756.13086,23236.10938,-1.06
06/04/2020,23558.83008,24308.68945,23271.4707,24300.33008,4.58
