Date,Open,High,Low,Close,% Change ISEQ
21/03/2005,6097.669922,6148.919922,6070.52002,6130.339844,0.55
28/03/2005,6133.319824,6154.870117,5966.97998,6029.22998,-1.65
04/04/2005,6029.370117,6323.859863,6009.819824,6149.609863,2.00
11/04/2005,6149.399902,6183.629883,6075.27002,6081.390137,-1.11
18/04/2005,6079.970215,6079.970215,5957.339844,5972.060059,-1.80
25/04/2005,5972.27002,5974.549805,5779.189941,5831.439941,-2.35
02/05/2005,5831.439941,6078.02002,5831.439941,6047.359863,3.70
09/05/2005,6047.359863,6074.169922,5965.540039,6028.330078,-0.31
16/05/2005,6027.390137,6173.919922,6008.200195,6157.620117,2.14
23/05/2005,6144.990234,6259.060059,6144.890137,6240.569824,1.35
30/05/2005,6240.160156,6323.009766,6215.680176,6294.069824,0.86
06/06/2005,6295.129883,6359.220215,6266.490234,6334.569824,0.64
13/06/2005,6334.77002,6447.390137,6316.720215,6437.27002,1.62
20/06/2005,6437.399902,6569.120117,6167.089844,6481.720215,0.69
27/06/2005,5950.200195,6557.009766,5950.200195,6556.759766,1.16
04/07/2005,6556.77002,6569.129883,6304.740234,6524.899902,-0.49
11/07/2005,6525.089844,6615.709961,6519.310059,6598.040039,1.12
18/07/2005,6598.040039,6797.939941,6585.790039,6797.939941,3.03
25/07/2005,6797.939941,6810.850098,6738.589844,6770.120117,-0.41
01/08/2005,6770.120117,6821.740234,6692.060059,6736.220215,-0.50
08/08/2005,6735.910156,6808.609863,6731.990234,6739.240234,0.04
15/08/2005,6739.240234,6739.870117,6661,6677.700195,-0.91
22/08/2005,6678.009766,6703.470215,6629.359863,6644.129883,-0.50
29/08/2005,6643.910156,6743.370117,6628.22998,6743.370117,1.49
05/09/2005,6743.379883,6833.430176,6735.470215,6808.910156,0.97
12/09/2005,6809.02002,6819.939941,6667.379883,6671.649902,-2.02
19/09/2005,6672.339844,6747.120117,6583.120117,6658.990234,-0.19
26/09/2005,6659.149902,6841.640137,6659.149902,6839.089844,2.70
03/10/2005,6839.299805,6911.899902,6805.22998,6823.290039,-0.23
10/10/2005,6822.97998,6838.27002,6614.919922,6643.299805,-2.64
17/10/2005,6643.140137,6673.25,6388.22998,6388.22998,-3.84
24/10/2005,6387.810059,6557.649902,6387.810059,6464.759766,1.20
31/10/2005,6464.25,6747.310059,6456.790039,6670.930176,3.19
07/11/2005,6671.439941,6785.899902,6664.560059,6785.839844,1.72
14/11/2005,6785.839844,6826.080078,6731.609863,6806.600098,0.31
21/11/2005,6806.600098,6936.899902,6773.799805,6891.879883,1.25
28/11/2005,6891.439941,7028.120117,6840.850098,7002.080078,1.60
05/12/2005,7002.72998,7150.709961,6999.5,7150.709961,2.12
12/12/2005,7138.22998,7254.890137,6962.740234,7254.890137,1.46
19/12/2005,7254.5,7281.529785,7153.240234,7280.790039,0.36
26/12/2005,7280.790039,7363.959961,7242.779785,7363.959961,1.14
02/01/2006,7360.180176,7499.950195,7352.319824,7486.220215,1.66
09/01/2006,7486.470215,7665.040039,7175.180176,7526.129883,0.53
16/01/2006,7524.549805,7556.169922,7261.759766,7424.779785,-1.35
23/01/2006,7424.540039,7597.939941,7333.930176,7586.540039,2.18
30/01/2006,7586.790039,7674.870117,7548.040039,7654.02002,0.89
06/02/2006,7656.899902,7658.950195,7483.009766,7596.310059,-0.75
13/02/2006,7596.310059,7775.419922,7594.540039,7757.899902,2.13
20/02/2006,7757.689941,7955.879883,7746.72998,7943.669922,2.39
27/02/2006,7940.490234,8013.899902,7805.640137,7820.810059,-1.55
06/03/2006,7820.700195,7913.379883,7755.669922,7879.209961,0.75
13/03/2006,7879.669922,8014.669922,7869.77002,7977,1.24
20/03/2006,7977.240234,8069.25,7902.919922,8044.549805,0.85
27/03/2006,8043.959961,8087.75,7897.830078,8066.100098,0.27
03/04/2006,8066,8096.950195,7919.220215,7919.220215,-1.82
10/04/2006,7920.129883,7992.470215,7755.169922,7856.529785,-0.79
17/04/2006,7856.529785,7901.209961,7761.419922,7896.779785,0.51
24/04/2006,7896.779785,7953.839844,7815.52002,7930.990234,0.43
01/05/2006,7930.990234,7961.02002,7884.310059,7961.02002,0.38
08/05/2006,7960.910156,8028.47998,7742.850098,7768.790039,-2.41
15/05/2006,7769.209961,8298.099609,7518.990234,7579.589844,-2.44
22/05/2006,7580.259766,7678.549805,7349.490234,7651.810059,0.95
29/05/2006,7651.709961,7705.140137,7539.580078,7679.02002,0.36
05/06/2006,7679.02002,7679.02002,7156.459961,7305.810059,-4.86
12/06/2006,7305.120117,7416.640137,6935.950195,7317.72998,0.16
19/06/2006,7318.189941,7427.959961,7275,7301.970215,-0.22
26/06/2006,7303.379883,7738.700195,7296.370117,7516.279785,2.93
03/07/2006,7515.009766,7645.029785,7479.240234,7597.970215,1.09
10/07/2006,7596.649902,7687.680176,7295.850098,7298.410156,-3.94
17/07/2006,7299.950195,7480.470215,7177.25,7380.850098,1.13
24/07/2006,7380.259766,7518.629883,7368.209961,7501.290039,1.63
31/07/2006,7501.290039,7719,7496.459961,7719,2.90
07/08/2006,7718.77002,7727.450195,7590.580078,7595.569824,-1.60
14/08/2006,7595.459961,7800.819824,7595.459961,7761.689941,2.19
21/08/2006,7763.180176,7878.959961,7756.970215,7873.839844,1.44
28/08/2006,7874.200195,8112.669922,7864.560059,8092.069824,2.77
04/09/2006,8092.200195,8153.410156,7749.490234,7966.580078,-1.55
11/09/2006,7966.609863,8081.02002,7872.850098,8071.97998,1.32
18/09/2006,8071.819824,8255.469727,8071.040039,8140.660156,0.85
25/09/2006,8138.779785,8240.570313,8128.509766,8223.839844,1.02
02/10/2006,8224.509766,8337.240234,8137.799805,8275.240234,0.63
09/10/2006,8275.240234,8493.44043,8257.929688,8460.870117,2.24
16/10/2006,8460.990234,8561.200195,8006.759766,8501.660156,0.48
23/10/2006,8496.870117,8593.429688,8466.030273,8587.049805,1.00
30/10/2006,8587.049805,8991.179688,8500.910156,8544.150391,-0.50
06/11/2006,8544.150391,8799.900391,8544.150391,8684.980469,1.65
13/11/2006,8685.580078,8847.889648,8632.379883,8808.759766,1.43
20/11/2006,8807.200195,8936.330078,8760.759766,8872.700195,0.73
27/11/2006,8872.700195,8873.55957,8611.129883,8625.80957,-2.78
04/12/2006,8625.740234,8946.400391,8625.740234,8917.150391,3.38
11/12/2006,8917.150391,9222.299805,8901.700195,9222.299805,3.42
18/12/2006,9224.429688,9350.429688,9152.330078,9314.219727,1.00
25/12/2006,9315.700195,9453.049805,9315.700195,9408.120117,1.01
01/01/2007,9402.639648,9537.769531,9334.900391,9432.839844,0.26
08/01/2007,9432.839844,9436.240234,9253.870117,9337.519531,-1.01
15/01/2007,9339.94043,9399.620117,9238.099609,9382.419922,0.48
22/01/2007,9382.490234,9455.830078,9269.280273,9300.429688,-0.87
29/01/2007,9300.849609,9490.389648,9181.740234,9490.389648,2.04
05/02/2007,9490.389648,9724.759766,9490.389648,9718.75,2.41
12/02/2007,9721.94043,9945.709961,9664.990234,9911.509766,1.98
19/02/2007,9911.519531,10041.26953,9895.709961,9910.360352,-0.01
26/02/2007,9910.469727,9965.080078,9173.610352,9256.089844,-6.60
05/03/2007,9256.089844,9593.299805,8987.679688,9567.919922,3.37
12/03/2007,9567.919922,9767.419922,9059.160156,9228.110352,-3.55
19/03/2007,9227.240234,9561.089844,9181.650391,9512.860352,3.09
26/03/2007,9513.290039,9547.009766,9013.719727,9375.299805,-1.45
02/04/2007,9370.870117,9451.959961,9287.929688,9418.240234,0.46
09/04/2007,9417.339844,9614.490234,9399.610352,9600.870117,1.94
16/04/2007,9600.799805,9709.799805,9380.030273,9703.679688,1.07
23/04/2007,9703.780273,9749.980469,9432.320313,9470.620117,-2.40
30/04/2007,9474.209961,9872.540039,9467.429688,9800.860352,3.49
07/05/2007,9800.860352,9820.490234,9408.620117,9584.719727,-2.21
14/05/2007,9585.05957,9684.290039,9562.950195,9667.919922,0.87
21/05/2007,9664.419922,10364.79004,9664.419922,9914.410156,2.55
28/05/2007,9914.879883,9981.419922,9810.530273,9963.44043,0.49
04/06/2007,9963.44043,9963.44043,9279.5,9381.820313,-5.84
11/06/2007,9380.610352,9659.620117,9285.620117,9659.620117,2.96
18/06/2007,9664.089844,9731.30957,9359.969727,9395.830078,-2.73
25/06/2007,9395.269531,9395.269531,9202.719727,9306.25,-0.95
02/07/2007,9326.790039,9454.19043,9297.240234,9451.160156,1.56
09/07/2007,9450.330078,9523.240234,9043.259766,9134.75,-3.35
16/07/2007,9136.209961,9229.820313,9016.55957,9027.30957,-1.18
23/07/2007,9027.75,9053.679688,8339.169922,8357.400391,-7.42
30/07/2007,8358.349609,8741.730469,8199.69043,8595.230469,2.85
06/08/2007,8594.839844,8956.269531,8281.519531,8346.719727,-2.89
13/08/2007,8343.280273,8883.200195,7878.549805,8106.470215,-2.88
20/08/2007,8105.080078,8495.379883,8045.689941,8327.389648,2.73
27/08/2007,8324.709961,8439.959961,8094.700195,8400.929688,0.88
03/09/2007,8400.919922,8549.019531,8070.359863,8188.27002,-2.53
10/09/2007,8188.27002,8222.740234,7780.240234,7821.319824,-4.48
17/09/2007,7858.390137,8046.959961,7443.27002,7869.350098,0.61
24/09/2007,7868.149902,7886.370117,7520.799805,7883.669922,0.18
01/10/2007,7883.799805,8478.480469,7796.640137,8478.480469,7.54
08/10/2007,8478.480469,8509.200195,7969.029785,8020.509766,-5.40
15/10/2007,8023.930176,8104.180176,7765.240234,7791.859863,-2.85
22/10/2007,7791.779785,7952.77002,7558.290039,7862.149902,0.90
29/10/2007,7857.870117,7948.709961,7568.680176,7615.540039,-3.14
05/11/2007,7604.740234,7604.740234,6959.890137,7128.689941,-6.39
12/11/2007,7130.879883,7258.970215,6916.299805,6969.25,-2.24
19/11/2007,6951.52002,7029.720215,6281.220215,6624.089844,-4.95
26/11/2007,6592.109863,7222.990234,6535.140137,7207.049805,8.80
03/12/2007,7205.919922,7248.569824,6794.649902,7241.120117,0.47
10/12/2007,7241.879883,7410.470215,6955.160156,7091.680176,-2.06
17/12/2007,7091.680176,7091.680176,6782.140137,6923.819824,-2.37
24/12/2007,6923.069824,6996.709961,6831.75,6950.919922,0.39
31/12/2007,6950.629883,7097.759766,6882.930176,6977.129883,0.38
07/01/2008,6976.890137,6988.77002,6506.060059,6660.839844,-4.53
14/01/2008,6660.839844,6752.97998,6307.180176,6533.759766,-1.91
21/01/2008,6535.959961,6957.339844,6060.299805,6760.709961,3.47
28/01/2008,6760.709961,6905.97998,6527.970215,6839.919922,1.17
04/02/2008,6842.5,6909.140137,6423.5,6537.910156,-4.42
11/02/2008,6537.910156,6685.819824,6434.029785,6477.919922,-0.92
18/02/2008,6477.919922,6624.049805,6375.399902,6400.52002,-1.19
25/02/2008,6400.52002,6730.129883,6384.859863,6415.120117,0.23
03/03/2008,6414.959961,6414.959961,6076.279785,6159.939941,-3.98
10/03/2008,6159.939941,6288.149902,5999.75,5999.75,-2.60
17/03/2008,5998.399902,6158.819824,5604.640137,6158.819824,2.65
24/03/2008,6158.819824,6406.72998,6126.839844,6152.810059,-0.10
31/03/2008,6152.810059,6591.959961,6018.970215,6351.959961,3.24
07/04/2008,6351.959961,6480.700195,6071.310059,6098.649902,-3.99
14/04/2008,6098.72998,6275.649902,5933.819824,6259.509766,2.64
21/04/2008,6259.560059,6295.279785,6035.810059,6178.830078,-1.29
28/04/2008,6182.72998,6526.680176,6177.330078,6474.620117,4.79
05/05/2008,6474.620117,6485.72998,6354.120117,6431.379883,-0.67
12/05/2008,6431.189941,6526.52002,6339.819824,6429.22998,-0.03
19/05/2008,6429.22998,6460.439941,6060.120117,6065.640137,-5.66
26/05/2008,6065.950195,6154.470215,6036.209961,6105.870117,0.66
02/06/2008,6105.870117,6105.870117,5800.009766,5806.839844,-4.90
09/06/2008,5806.72998,5809.700195,5498.740234,5626.149902,-3.11
16/06/2008,5626.120117,5728.950195,5409.180176,5466.180176,-2.84
23/06/2008,5466.180176,5513.27002,5141.129883,5295.660156,-3.12
30/06/2008,5298.240234,5298.240234,4748.600098,4863.22998,-8.17
07/07/2008,4863.810059,4924.040039,4414.799805,4414.799805,-9.22
14/07/2008,4414.77002,4896.399902,4254.910156,4894.470215,10.87
21/07/2008,4891.089844,5183.97998,4799.759766,4876.149902,-0.37
28/07/2008,4876.22998,4876.22998,3958.590088,4089.699951,-16.13
04/08/2008,4089.699951,4527.759766,4021.139893,4513.060059,10.35
11/08/2008,4513.189941,4699.839844,4396.319824,4606.629883,2.07
18/08/2008,4606.740234,4665.359863,4202.899902,4359.97998,-5.35
25/08/2008,4359.97998,4537.720215,4290.470215,4494.919922,3.09
01/09/2008,4494.919922,4669.180176,4241.759766,4282.319824,-4.73
08/09/2008,4282.370117,4692.430176,4256.629883,4345,1.46
15/09/2008,4345,4770.910156,3752.699951,4136.319824,-4.80
22/09/2008,4136.319824,4173.509766,3659.22998,3784.77002,-8.50
29/09/2008,3784.77002,3943.659912,3288.090088,3943.659912,4.20
06/10/2008,3946.629883,3946.629883,2751.310059,2871.25,-27.19
13/10/2008,2871.25,3146.850098,2643.25,2720.379883,-5.25
20/10/2008,2720.379883,2968.719971,2515.320068,2650.209961,-2.58
27/10/2008,2650.209961,3029.459961,2495.310059,3029.459961,14.31
03/11/2008,3029.459961,3126.649902,2803.52002,2826.73999,-6.69
10/11/2008,2826.73999,2981.379883,2670.75,2673.820068,-5.41
17/11/2008,2673.820068,2673.820068,2263.459961,2320.709961,-13.21
24/11/2008,2320.709961,2562.98999,2320.709961,2538.48999,9.38
01/12/2008,2538.48999,2576.909912,2429.47998,2481.060059,-2.26
08/12/2008,2481.060059,2692.27002,2481.060059,2505.02002,0.97
15/12/2008,2520.590088,2574.949951,2349.969971,2369.439941,-5.41
22/12/2008,2369.439941,2406.850098,2337.120117,2337.120117,-1.36
29/12/2008,2337.120117,2423.199951,2316.629883,2419.5,3.52
05/01/2009,2419.5,2728.820068,2419.5,2686.139893,11.02
12/01/2009,2686.72998,2686.72998,2423.27002,2456.219971,-8.56
19/01/2009,2462.379883,2481.290039,2129.850098,2278.030029,-7.25
26/01/2009,2278.030029,2462.370117,2269.76001,2311.389893,1.46
02/02/2009,2317.76001,2462.689941,2287.209961,2462.689941,6.55
09/02/2009,2462.689941,2499.47998,2336.530029,2344.469971,-4.80
16/02/2009,2344.469971,2344.879883,2076.550049,2076.550049,-11.43
23/02/2009,2073.629883,2109.219971,1977,2074.320068,-0.11
02/03/2009,2074.320068,2074.320068,1938.48999,1949.630005,-6.01
09/03/2009,1949.630005,2052.669922,1880.359985,2015.77002,3.39
16/03/2009,2015.77002,2146.040039,2015.77002,2146.040039,6.46
23/03/2009,2144.379883,2208.219971,2092.850098,2166.810059,0.97
30/03/2009,2168.550049,2418.320068,2119.73999,2330.360107,7.55
06/04/2009,2330.360107,2406.75,2208.159912,2372.889893,1.83
13/04/2009,2372.889893,2469.429932,2325.040039,2449.73999,3.24
20/04/2009,2449.73999,2473.070068,2324.879883,2420.98999,-1.17
27/04/2009,2420.98999,2622.050049,2369.51001,2622.050049,8.30
04/05/2009,2622.050049,2760.139893,2590.26001,2676.379883,2.07
11/05/2009,2674.25,2696.169922,2488.199951,2632.659912,-1.63
18/05/2009,2632.659912,2802.209961,2604.199951,2697.97998,2.48
25/05/2009,2697.97998,2766.209961,2631.169922,2722.52002,0.91
01/06/2009,2722.52002,2955.719971,2718.600098,2932.280029,7.70
08/06/2009,2932.280029,2989.77002,2841.379883,2970.149902,1.29
15/06/2009,2971.810059,2980.719971,2735.469971,2814.550049,-5.24
22/06/2009,2820.060059,2827.189941,2662.179932,2691.300049,-4.38
29/06/2009,2691.709961,2753.959961,2643.100098,2693.340088,0.08
06/07/2009,2694.139893,2698.550049,2564.080078,2572.97998,-4.47
13/07/2009,2577.25,2711.850098,2554.949951,2700.929932,4.97
20/07/2009,2698.52002,2848.580078,2686.050049,2803.189941,3.79
27/07/2009,2803.860107,2835.01001,2735.179932,2791.100098,-0.43
03/08/2009,2791.100098,2920.790039,2791.100098,2881.219971,3.23
10/08/2009,2880.72998,2997.419922,2838.360107,2951.050049,2.42
17/08/2009,2956.959961,2996.889893,2831.179932,2993.530029,1.44
24/08/2009,2993.530029,3135.669922,2968.409912,3115.199951,4.06
31/08/2009,3113.76001,3153.379883,2959.120117,3038.209961,-2.47
07/09/2009,3035.969971,3267.219971,3035.969971,3257.689941,7.22
14/09/2009,3259.929932,3492.139893,3222.22998,3454.780029,6.05
21/09/2009,3454.780029,3458.659912,3285.72998,3310.01001,-4.19
28/09/2009,3310.01001,3397.23999,3188.679932,3230.820068,-2.39
05/10/2009,3230.820068,3379.830078,3230.820068,3346.139893,3.57
12/10/2009,3346.139893,3374.530029,3253.310059,3266.51001,-2.38
19/10/2009,3266.51001,3331.47998,3138.550049,3145.719971,-3.70
26/10/2009,3145.719971,3164.810059,2832.73999,2866.689941,-8.87
02/11/2009,2867.100098,3005.909912,2760.469971,2971.959961,3.67
09/11/2009,2970.800049,3033.949951,2935.639893,2987.179932,0.51
16/11/2009,2982.52002,3013.919922,2856.590088,2875.919922,-3.72
23/11/2009,2877.209961,2925.23999,2736.709961,2845.659912,-1.05
30/11/2009,2845.659912,2987.23999,2799.159912,2987.23999,4.98
07/12/2009,2987.23999,2987.23999,2852.560059,2926.26001,-2.04
14/12/2009,2927.090088,2968.530029,2885.120117,2927.189941,0.03
21/12/2009,2927.189941,3051.26001,2915.570068,2989.280029,2.12
28/12/2009,2989.280029,3063.139893,2974.929932,2974.929932,-0.48
04/01/2010,2974.929932,3112.850098,2974.929932,3080.75,3.56
11/01/2010,3085.570068,3141,3043.459961,3098.040039,0.56
18/01/2010,3097.030029,3115.040039,3004.25,3036.939941,-1.97
25/01/2010,3035.709961,3063.090088,2941.77002,2976.25,-2.00
01/02/2010,2976.25,3048.899902,2877.310059,2890.110107,-2.89
08/02/2010,2890.110107,2944.199951,2858.800049,2902.080078,0.41
15/02/2010,2902.5,2973.889893,2848.669922,2967.419922,2.25
22/02/2010,2967.459961,2996.030029,2855.76001,2873.600098,-3.16
01/03/2010,2875.459961,3015.620117,2868.580078,3011.23999,4.79
08/03/2010,3011.030029,3063.73999,2977.800049,3057.300049,1.53
15/03/2010,3057.300049,3151.679932,3015.429932,3123.48999,2.16
22/03/2010,3123.48999,3225.5,3074.75,3212.179932,2.84
29/03/2010,3212.179932,3250.379883,3129.080078,3245.189941,1.03
05/04/2010,3245.189941,3343.120117,3235.26001,3330.800049,2.64
12/04/2010,3329.110107,3379,3291.189941,3337.689941,0.21
19/04/2010,3337.689941,3469.76001,3290.889893,3460.48999,3.68
26/04/2010,3460.48999,3497.169922,3257.02002,3397,-1.83
03/05/2010,3397,3419.860107,2957.699951,2982.709961,-12.20
10/05/2010,2982.709961,3252.070068,2982.709961,3081.790039,3.32
17/05/2010,3078.600098,3120.850098,2811.370117,2887.830078,-6.29
24/05/2010,2887.830078,3015.02002,2738.379883,2938.780029,1.76
31/05/2010,2940.23999,3092.689941,2906.429932,2983.429932,1.52
07/06/2010,2960.800049,3070.709961,2924.25,3048.219971,2.17
14/06/2010,3046.530029,3128.060059,3026.219971,3118.790039,2.32
21/06/2010,3118.790039,3167.540039,2940.419922,2945.969971,-5.54
28/06/2010,2945.969971,2994.389893,2793.169922,2844.280029,-3.45
05/07/2010,2844.280029,2920.110107,2791.850098,2884.22998,1.40
12/07/2010,2877.969971,2985.469971,2851.22998,2855.52002,-1.00
19/07/2010,2848.52002,2946.149902,2782.439941,2918.080078,2.19
26/07/2010,2918.080078,2979.72998,2882.709961,2915.360107,-0.09
02/08/2010,2914.899902,2992.23999,2911.439941,2933.929932,0.64
09/08/2010,2931.560059,2984.540039,2824.639893,2824.639893,-3.73
16/08/2010,2824.639893,2878.209961,2755.659912,2756.120117,-2.43
23/08/2010,2756.120117,2807.550049,2607.969971,2669.699951,-3.14
30/08/2010,2669.98999,2812.139893,2646.070068,2799.899902,4.88
06/09/2010,2799.899902,2811.040039,2740.179932,2780.600098,-0.69
13/09/2010,2781.090088,2828.050049,2702.800049,2706.649902,-2.66
20/09/2010,2706.649902,2767.570068,2661.709961,2698.830078,-0.29
27/09/2010,2698.830078,2719.100098,2634.26001,2662.030029,-1.36
04/10/2010,2662.030029,2759.580078,2643.939941,2713.709961,1.94
11/10/2010,2713.709961,2745.169922,2674.840088,2682.360107,-1.16
18/10/2010,2684.070068,2754.969971,2657.659912,2719.649902,1.39
25/10/2010,2719.649902,2731.129883,2665.209961,2684.25,-1.30
01/11/2010,2684.290039,2770.090088,2657.679932,2701.51001,0.64
08/11/2010,2701.51001,2780.169922,2645.649902,2675.72998,-0.95
15/11/2010,2674.949951,2804.879883,2650.48999,2798.469971,4.59
22/11/2010,2798.469971,2824.919922,2624.050049,2666.77002,-4.71
29/11/2010,2667.659912,2767.639893,2634.889893,2741.27002,2.79
06/12/2010,2741.27002,2859.060059,2733.800049,2831.830078,3.30
13/12/2010,2833.73999,2871.27002,2815.01001,2819.439941,-0.44
20/12/2010,2819.439941,2891.659912,2815.27002,2876.699951,2.03
27/12/2010,2876.699951,2903.379883,2869.790039,2885.100098,0.29
03/01/2011,2885.100098,2926.48999,2838.639893,2870.840088,-0.49
10/01/2011,2870.310059,2944.419922,2855.530029,2919.810059,1.71
17/01/2011,2919.810059,2955.110107,2824.209961,2845.550049,-2.54
24/01/2011,2845.550049,2940.459961,2845.550049,2890.669922,1.59
31/01/2011,2890.669922,2989.889893,2852.810059,2985.840088,3.29
07/02/2011,2985.840088,3032.090088,2913.649902,2972.070068,-0.46
14/02/2011,2973.26001,3010.300049,2961.370117,3005.389893,1.12
21/02/2011,3005.800049,3005.800049,2885.610107,2943.350098,-2.06
28/02/2011,2943.350098,3010.659912,2911.820068,2920.179932,-0.79
07/03/2011,2919.810059,2934.199951,2835.629883,2844.889893,-2.58
14/03/2011,2845.100098,2852.719971,2713,2787.080078,-2.03
21/03/2011,2787.080078,2891.149902,2787.080078,2881.669922,3.39
28/03/2011,2884.889893,2942.419922,2868.699951,2942.040039,2.09
04/04/2011,2942.080078,2993.909912,2925.52002,2965.120117,0.78
11/04/2011,2965.449951,2983.5,2899.780029,2950.169922,-0.50
18/04/2011,2950.780029,2985.929932,2894.570068,2956.419922,0.21
25/04/2011,2956.419922,3013.439941,2951.310059,3005.169922,1.65
02/05/2011,3005.169922,3008.459961,2918.330078,2992.590088,-0.42
09/05/2011,2993.889893,3037.889893,2972.919922,3005.040039,0.42
16/05/2011,3006.26001,3006.26001,2955.120117,2967.73999,-1.24
23/05/2011,2967.949951,2973.340088,2908.810059,2967.550049,-0.01
30/05/2011,2967.550049,3011.199951,2935.790039,2940.5,-0.91
06/06/2011,2937.169922,2940.350098,2884.399902,2884.399902,-1.91
13/06/2011,2884.399902,2927.320068,2843.909912,2886.629883,0.08
20/06/2011,2887.179932,2923.860107,2866.610107,2882.570068,-0.14
27/06/2011,2882.570068,3004.560059,2877.040039,2994.179932,3.87
04/07/2011,3000.340088,3031.719971,2921.620117,2943.530029,-1.69
11/07/2011,2943.530029,2943.530029,2831.5,2861.689941,-2.78
18/07/2011,2861.949951,2948.439941,2825.709961,2927.379883,2.30
25/07/2011,2927.379883,2932.909912,2788.77002,2821.280029,-3.62
01/08/2011,2819.780029,2844.5,2471.370117,2506.47998,-11.16
08/08/2011,2506.959961,2544.649902,2333.350098,2520.439941,0.56
15/08/2011,2524.540039,2580.23999,2391.340088,2419.77002,-3.99
22/08/2011,2420.590088,2494.48999,2388.040039,2429.939941,0.42
29/08/2011,2429.120117,2609.01001,2429.120117,2521.290039,3.76
05/09/2011,2519.060059,2547.820068,2411.290039,2444.02002,-3.06
12/09/2011,2443.199951,2514.350098,2380.679932,2497.22998,2.18
19/09/2011,2497.22998,2497.22998,2340.300049,2404.73999,-3.70
26/09/2011,2403.909912,2529.219971,2381.399902,2503.189941,4.09
03/10/2011,2503.189941,2570.27002,2414.22998,2562.73999,2.38
10/10/2011,2563.840088,2638.090088,2549.790039,2604.620117,1.63
17/10/2011,2604.620117,2653.709961,2560.02002,2629.560059,0.96
24/10/2011,2629.560059,2781.669922,2629.560059,2755.850098,4.80
31/10/2011,2759.47998,2759.47998,2582.75,2664.540039,-3.31
07/11/2011,2670.709961,2726.879883,2640.25,2697.110107,1.22
14/11/2011,2697.110107,2720.959961,2605.389893,2607.110107,-3.34
21/11/2011,2610.149902,2615.090088,2492.290039,2521.969971,-3.27
28/11/2011,2523.070068,2751.98999,2523.070068,2720.590088,7.88
05/12/2011,2724.120117,2775.030029,2686.72998,2741.290039,0.76
12/12/2011,2741.370117,2743.310059,2681.209961,2726.399902,-0.54
19/12/2011,2726.25,2885.399902,2723.73999,2865.350098,5.10
26/12/2011,2865.350098,2913.169922,2826.02002,2901.820068,1.27
02/01/2012,2902.620117,2960.52002,2882.709961,2889.870117,-0.41
09/01/2012,2891.540039,2994.330078,2891.540039,2929.439941,1.37
16/01/2012,2931.649902,3037.070068,2907.159912,3005.689941,2.60
23/01/2012,3005.689941,3053.22998,2956.860107,3007.540039,0.06
30/01/2012,3010.149902,3136.790039,2972.800049,3135.320068,4.25
06/02/2012,3136.370117,3142.110107,3092.639893,3101.840088,-1.07
13/02/2012,3102.659912,3204.070068,3084.870117,3175.860107,2.39
20/02/2012,3175.899902,3234.709961,3148.169922,3200.25,0.77
27/02/2012,3200.090088,3266.159912,3174.040039,3265.810059,2.05
05/03/2012,3269.040039,3282.139893,3099.689941,3266.850098,0.03
12/03/2012,3268.080078,3366.649902,3209.550049,3359.340088,2.83
19/03/2012,3359.340088,3369.330078,3224.51001,3264.51001,-2.82
26/03/2012,3264.51001,3298.820068,3221.070068,3254.810059,-0.30
02/04/2012,3254.810059,3290.850098,3187.560059,3202.469971,-1.61
09/04/2012,3203.139893,3210.040039,3129.909912,3180.219971,-0.69
16/04/2012,3178.330078,3257.01001,3155.649902,3232.639893,1.65
23/04/2012,3236.550049,3254.399902,3150.280029,3242.590088,0.31
30/04/2012,3242.51001,3290.560059,3161.860107,3162.959961,-2.46
07/05/2012,3161.199951,3164.370117,3073.080078,3157.649902,-0.17
14/05/2012,3157.649902,3157.649902,2989.580078,3014.26001,-4.54
21/05/2012,3016.199951,3093.949951,2968.689941,3091.870117,2.57
28/05/2012,3098.540039,3144.300049,3000.810059,3013.949951,-2.52
04/06/2012,3012.469971,3069.350098,2960.949951,3048.169922,1.14
11/06/2012,3048.169922,3101.610107,2985.52002,3069.580078,0.70
18/06/2012,3069.580078,3101.689941,3026.570068,3041.76001,-0.91
25/06/2012,3041.76001,3166.310059,3003.620117,3148.620117,3.51
02/07/2012,3148.620117,3227.580078,3146.02002,3173.149902,0.78
09/07/2012,3173.149902,3201.550049,3145.76001,3183.969971,0.34
16/07/2012,3184.129883,3248.47998,3182.790039,3206,0.69
23/07/2012,3206,3206,3048.219971,3145.889893,-1.87
30/07/2012,3146.76001,3200.25,3130.77002,3177.060059,0.99
06/08/2012,3176.429932,3244.399902,3162.790039,3240.610107,2.00
13/08/2012,3239.27002,3247.219971,3158.870117,3201.23999,-1.21
20/08/2012,3200.100098,3213.040039,3140.959961,3148.370117,-1.65
27/08/2012,3148.370117,3168.97998,3126.100098,3160.790039,0.39
03/09/2012,3159.969971,3276.219971,3143.459961,3261.899902,3.20
10/09/2012,3260.76001,3315.870117,3224.699951,3303.129883,1.26
17/09/2012,3301.949951,3351.77002,3264.330078,3343.550049,1.22
24/09/2012,3344.379883,3344.379883,3262.01001,3278.280029,-1.95
01/10/2012,3281,3346.699951,3266.340088,3339.310059,1.86
08/10/2012,3339.310059,3339.310059,3221.889893,3241.72998,-2.92
15/10/2012,3239.409912,3278.070068,3236.959961,3240.23999,-0.05
22/10/2012,3240.23999,3253.649902,3186.22998,3241.840088,0.05
29/10/2012,3242.27002,3322.719971,3226.959961,3313.040039,2.20
05/11/2012,3346.620117,3382.77002,3270.580078,3294.570068,-0.56
12/11/2012,3294.810059,3306.090088,3178.070068,3178.070068,-3.54
19/11/2012,3178.699951,3265.580078,3178.699951,3263.75,2.70
26/11/2012,3263.75,3304.379883,3240.379883,3290.27002,0.81
03/12/2012,3290.27002,3350.040039,3276.110107,3347.77002,1.75
10/12/2012,3341.949951,3360.610107,3315.570068,3327.689941,-0.60
17/12/2012,3327.169922,3407.73999,3303.949951,3388.389893,1.82
24/12/2012,3388.389893,3399.97998,3360.179932,3366.22998,-0.65
31/12/2012,3366.870117,3501.419922,3361.860107,3497.429932,3.90
07/01/2013,3497.939941,3526.73999,3468.580078,3481.47998,-0.46
14/01/2013,3480.360107,3501.97998,3445.810059,3479.689941,-0.05
21/01/2013,3479.860107,3559.320068,3465.129883,3553.090088,2.11
28/01/2013,3553.290039,3615.72998,3526.01001,3572.850098,0.56
04/02/2013,3572.850098,3610.780029,3507.52002,3606.23999,0.93
11/02/2013,3606.23999,3701.199951,3578.820068,3663.570068,1.59
18/02/2013,3663.570068,3701.909912,3621.330078,3694.469971,0.84
25/02/2013,3694.469971,3773.419922,3682.27002,3762.199951,1.83
04/03/2013,3762.199951,3885.679932,3745.320068,3825.399902,1.68
11/03/2013,3825.399902,3925.590088,3825.399902,3848.899902,0.61
18/03/2013,3848.899902,3993.48999,3848.899902,3925.540039,1.99
25/03/2013,3925.540039,3982.919922,3907.959961,3958.27002,0.83
01/04/2013,3958.27002,4009.590088,3761.070068,3808.570068,-3.78
08/04/2013,3808.570068,3927.389893,3796.669922,3879.820068,1.87
15/04/2013,3879.820068,3887.800049,3785.139893,3810.98999,-1.77
22/04/2013,3810.98999,3938.169922,3810.98999,3861.350098,1.32
29/04/2013,3861.350098,3940.820068,3835.5,3940.820068,2.06
06/05/2013,3940.820068,4001.300049,3923.590088,3964.790039,0.61
13/05/2013,3964.790039,4025.02002,3944.550049,4004.570068,1.00
20/05/2013,4004.570068,4080.649902,4004.570068,4045.909912,1.03
27/05/2013,4045.909912,4118.680176,4002.550049,4012.899902,-0.82
03/06/2013,4012.899902,4062.149902,3928.300049,3981.840088,-0.77
10/06/2013,3981.840088,4008.800049,3836.189941,3915.540039,-1.67
17/06/2013,3915.540039,3964.5,3884.01001,3884.01001,-0.81
24/06/2013,3884.01001,3999.659912,3784,3963.330078,2.04
01/07/2013,3963.330078,4077.100098,3946.419922,4001.02002,0.95
08/07/2013,4001.02002,4074.02002,4001.02002,4054.790039,1.34
15/07/2013,4054.790039,4097.549805,3976.26001,4080.939941,0.64
22/07/2013,4080.939941,4134.589844,4045.52002,4079.659912,-0.03
29/07/2013,4079.659912,4203.390137,4065.100098,4203.120117,3.03
05/08/2013,4203.120117,4281.410156,4173.439941,4266.47998,1.51
12/08/2013,4266.47998,4285.009766,4152.189941,4180.419922,-2.02
19/08/2013,4180.419922,4235.569824,4123.549805,4225.290039,1.07
26/08/2013,4225.290039,4239.870117,4082.780029,4190.169922,-0.83
02/09/2013,4190.169922,4254.279785,4104.069824,4225.379883,0.84
09/09/2013,4225.379883,4298.279785,4209.410156,4209.410156,-0.38
16/09/2013,4209.410156,4332.049805,4209.410156,4266.259766,1.35
23/09/2013,4266.259766,4294.640137,4228.669922,4240.759766,-0.60
30/09/2013,4240.759766,4299.419922,4218.009766,4278.350098,0.89
07/10/2013,4278.350098,4287.390137,4186.600098,4253.680176,-0.58
14/10/2013,4253.680176,4394.149902,4242.069824,4392.399902,3.26
21/10/2013,4392.399902,4414.370117,4328.779785,4331.609863,-1.38
28/10/2013,4331.609863,4422.569824,4305.459961,4392.430176,1.40
04/11/2013,4392.430176,4488.200195,4337.709961,4437.089844,1.02
11/11/2013,4437.089844,4527.830078,4434.310059,4479.5,0.96
18/11/2013,4479.049805,4479.049805,4404.220215,4441.959961,-0.84
25/11/2013,4441.959961,4526.129883,4441.959961,4509.919922,1.53
02/12/2013,4509.919922,4519.839844,4347.109863,4388.370117,-2.70
09/12/2013,4388.370117,4425.220215,4321.649902,4335.600098,-1.20
16/12/2013,4335.600098,4499.259766,4325.439941,4492.899902,3.63
23/12/2013,4492.899902,4548.899902,4467.930176,4548.899902,1.25
30/12/2013,4548.899902,4598.72998,4512.180176,4585.25,0.80
06/01/2014,4585.25,4782.410156,4563.319824,4735.009766,3.27
13/01/2014,4735.009766,4835.560059,4735.009766,4831.180176,2.03
20/01/2014,4831.180176,4873.52002,4711.910156,4716.72998,-2.37
27/01/2014,4716.72998,4794.77002,4619.439941,4652.299805,-1.37
03/02/2014,4652.299805,4832.310059,4612.959961,4829.77002,3.81
10/02/2014,4829.77002,4941.040039,4799.72998,4929.879883,2.07
17/02/2014,4929.879883,5004.850098,4929.169922,5004.850098,1.52
24/02/2014,5004.850098,5195.970215,4994.810059,5195.970215,3.82
03/03/2014,5195.970215,5195.970215,5050.220215,5051.560059,-2.78
10/03/2014,5051.560059,5089.990234,4856.169922,4875.370117,-3.49
17/03/2014,4875.370117,4969.72998,4845.75,4914.870117,0.81
24/03/2014,4914.870117,5005.149902,4831.540039,4990.990234,1.55
31/03/2014,4990.990234,5138.509766,4968.830078,5116.330078,2.51
07/04/2014,5116.330078,5121.569824,4900,4939.370117,-3.46
14/04/2014,4939.370117,4957.779785,4841.890137,4906.779785,-0.66
21/04/2014,4906.779785,5004.97998,4870.649902,4876.649902,-0.61
28/04/2014,4876.649902,4943.220215,4835.430176,4927.330078,1.04
05/05/2014,4927.330078,4959.790039,4845.560059,4877.560059,-1.01
12/05/2014,4877.560059,4916.600098,4597.129883,4654.089844,-4.58
19/05/2014,4654.089844,4856.450195,4654.089844,4836.379883,3.92
26/05/2014,4836.379883,4940.939941,4836.379883,4898.77002,1.29
02/06/2014,4898.77002,5024.589844,4889.390137,5012.399902,2.32
09/06/2014,5012.399902,5036.720215,4871.140137,4897.140137,-2.30
16/06/2014,4897.140137,4897.140137,4790.839844,4812.919922,-1.72
23/06/2014,4812.919922,4842.560059,4686.089844,4723.970215,-1.85
30/06/2014,4723.970215,4847.430176,4688.990234,4806.410156,1.75
07/07/2014,4806.410156,4825.040039,4630.25,4657.140137,-3.11
14/07/2014,4657.140137,4780.740234,4657.140137,4700.709961,0.94
21/07/2014,4700.709961,4756.259766,4667.75,4716.870117,0.34
28/07/2014,4716.870117,4774.899902,4600.27002,4614.850098,-2.16
04/08/2014,4614.850098,4648.310059,4497.22998,4530.970215,-1.82
11/08/2014,4530.970215,4714.140137,4530.970215,4672.589844,3.13
18/08/2014,4672.589844,4734.990234,4656.759766,4692.02002,0.42
25/08/2014,4692.02002,4836.640137,4692.02002,4783.129883,1.94
01/09/2014,4783.129883,4961.27002,4780.129883,4954.240234,3.58
08/09/2014,4961.669922,4961.669922,4856.259766,4901.740234,-1.06
15/09/2014,4901.740234,4938.939941,4819.22998,4865.990234,-0.73
22/09/2014,4865.990234,4900.459961,4789.97998,4826.160156,-0.82
29/09/2014,4826.160156,4894.910156,4724.209961,4790.410156,-0.74
06/10/2014,4790.410156,4839.910156,4487.370117,4490.040039,-6.27
13/10/2014,4490.040039,4544.040039,4275.259766,4487.620117,-0.05
20/10/2014,4487.620117,4722.75,4476.100098,4666.419922,3.98
27/10/2014,4666.419922,4784.029785,4614.990234,4763.129883,2.07
03/11/2014,4812.930176,4935.540039,4802.859863,4827.660156,1.35
10/11/2014,4827.660156,4866.629883,4739.330078,4744.779785,-1.72
17/11/2014,4744.779785,4983.740234,4715.450195,4970.470215,4.76
24/11/2014,4970.470215,5109.100098,4945.200195,5071.580078,2.03
01/12/2014,5071.580078,5325.149902,5049.939941,5325.149902,5.00
08/12/2014,5325.149902,5325.149902,5074.310059,5074.310059,-4.71
15/12/2014,5074.310059,5204.109863,4911.470215,5168.799805,1.86
22/12/2014,5168.799805,5240.080078,5168.140137,5200.129883,0.61
29/12/2014,5200.129883,5278.859863,5188.819824,5228.689941,0.55
05/01/2015,5228.689941,5259.819824,5072.700195,5125.390137,-1.98
12/01/2015,5125.390137,5284.100098,5109.399902,5284.100098,3.10
19/01/2015,5284.100098,5632.060059,5257.620117,5577.819824,5.56
26/01/2015,5577.819824,5639.890137,5461.180176,5471.52002,-1.91
02/02/2015,5498.22998,5636.819824,5461.180176,5613.379883,2.59
09/02/2015,5613.379883,5781.830078,5535.419922,5710.759766,1.73
16/02/2015,5710.759766,5800.939941,5647.720215,5768.399902,1.01
23/02/2015,5768.399902,5977.029785,5768.399902,5977.029785,3.62
02/03/2015,5977.029785,6049.689941,5865.109863,6021.169922,0.74
09/03/2015,6021.169922,6212.109863,5915.939941,6212.109863,3.17
16/03/2015,6212.109863,6212.109863,5967.850098,6183.879883,-0.45
23/03/2015,6183.879883,6185.870117,5927.919922,6006.47998,-2.87
30/03/2015,6006.47998,6117.97998,5987.459961,6025.589844,0.32
06/04/2015,6025.589844,6241.25,6025.589844,6232.290039,3.43
13/04/2015,6250.200195,6363.399902,6228.689941,6249.319824,0.27
20/04/2015,6249.319824,6333.77002,6232.850098,6298.359863,0.78
27/04/2015,6298.359863,6365.069824,6015.689941,6067.080078,-3.67
04/05/2015,6067.080078,6237.609863,5957.169922,6229.620117,2.68
11/05/2015,6229.620117,6261.180176,6060.399902,6185.970215,-0.70
18/05/2015,6161.290039,6303.100098,6111.140137,6273.560059,1.42
25/05/2015,6273.560059,6371.75,6241.569824,6274.600098,0.02
01/06/2015,6362.129883,6362.129883,6083.149902,6102.47998,-2.74
08/06/2015,6102.47998,6280.290039,6030.819824,6210.080078,1.76
15/06/2015,6210.080078,6276.259766,6049.040039,6270.899902,0.98
22/06/2015,6270.899902,6400.040039,6270.899902,6367.669922,1.54
29/06/2015,6367.669922,6367.669922,6129.259766,6233.589844,-2.11
06/07/2015,6233.589844,6278.649902,6045.950195,6278.649902,0.72
13/07/2015,6278.649902,6514.890137,6278.649902,6480.870117,3.22
20/07/2015,6480.870117,6556.939941,6441.560059,6482.529785,0.03
27/07/2015,6482.529785,6523.259766,6297.100098,6512.77002,0.47
03/08/2015,6512.77002,6715.950195,6512.77002,6584.169922,1.10
10/08/2015,6584.169922,6665.77002,6349.140137,6520.609863,-0.97
17/08/2015,6520.609863,6592.120117,6173.990234,6173.990234,-5.32
24/08/2015,6173.990234,6346.72998,5725.939941,6309.180176,2.19
31/08/2015,6309.180176,6405.970215,6203.569824,6314.569824,0.09
07/09/2015,6314.569824,6620.470215,6311.970215,6447.560059,2.11
14/09/2015,6447.560059,6544.240234,6405.939941,6467.169922,0.30
21/09/2015,6467.169922,6511.060059,6197.810059,6304.279785,-2.52
28/09/2015,6304.279785,6373.22998,6038.279785,6091.259766,-3.38
05/10/2015,6091.259766,6343.399902,6091.259766,6136.490234,0.74
12/10/2015,6136.490234,6301.540039,6092.640137,6287.259766,2.46
19/10/2015,6287.259766,6533.509766,6225.439941,6523.819824,3.76
26/10/2015,6523.819824,6529.680176,6360.470215,6428.549805,-1.46
02/11/2015,6391.319824,6666.410156,6354.410156,6600.290039,2.67
09/11/2015,6600.290039,6625.419922,6448.509766,6475.759766,-1.89
16/11/2015,6475.759766,6724.549805,6413.490234,6714.370117,3.68
23/11/2015,6714.370117,6812.649902,6600.810059,6798.580078,1.25
30/11/2015,6798.580078,6921.439941,6724.72998,6753.02002,-0.67
07/12/2015,6753.02002,6884.330078,6619.27002,6628.149902,-1.85
14/12/2015,6628.149902,6776.870117,6589.959961,6747.990234,1.81
21/12/2015,6747.990234,6782.25,6684.459961,6746.720215,-0.02
28/12/2015,6746.720215,6866.509766,6746.720215,6791.680176,0.67
04/01/2016,6791.680176,6791.680176,6483.580078,6566.450195,-3.32
11/01/2016,6566.450195,6714.649902,6249.540039,6322.299805,-3.72
18/01/2016,6322.299805,6393.100098,6146.609863,6356.180176,0.54
25/01/2016,6356.180176,6405.549805,6179.189941,6343.240234,-0.20
01/02/2016,6343.240234,6449.100098,6067.029785,6075.709961,-4.22
08/02/2016,6075.709961,6124,5611.890137,5793.410156,-4.65
15/02/2016,5793.410156,6158.850098,5793.410156,6125.370117,5.73
22/02/2016,6125.370117,6250.209961,6017.350098,6240.290039,1.88
29/02/2016,6240.290039,6455.370117,6196.890137,6363.839844,1.98
07/03/2016,6363.839844,6371.359863,6189.410156,6341.75,-0.35
14/03/2016,6341.75,6425.209961,6050.899902,6191.509766,-2.37
21/03/2016,6191.509766,6240.109863,6096.310059,6224.819824,0.54
28/03/2016,6224.819824,6364.569824,6224.819824,6284.430176,0.96
04/04/2016,6284.430176,6354.680176,6141.640137,6189.25,-1.51
11/04/2016,6189.25,6320.950195,6151.870117,6211.359863,0.36
18/04/2016,6211.359863,6266.160156,6111.97998,6123.319824,-1.42
25/04/2016,6123.319824,6285.819824,6123.319824,6161.410156,0.62
02/05/2016,6161.410156,6161.410156,6001.819824,6038.899902,-1.99
09/05/2016,6038.899902,6206.339844,6038.899902,6122.470215,1.38
16/05/2016,6122.470215,6237.890137,6089.410156,6229.149902,1.74
23/05/2016,6229.149902,6503.740234,6229.149902,6503.740234,4.41
30/05/2016,6503.740234,6518.620117,6383.419922,6402.549805,-1.56
06/06/2016,6402.549805,6478.040039,6224.470215,6228.240234,-2.72
13/06/2016,6228.240234,6228.240234,5880.299805,5991.509766,-3.80
20/06/2016,5991.509766,6427.310059,5286.649902,5878.22998,-1.89
27/06/2016,5878.22998,5878.22998,5296.740234,5749.959961,-2.18
04/07/2016,5749.959961,5790.129883,5392.5,5580.419922,-2.95
11/07/2016,5580.419922,5859.609863,5580.419922,5790.939941,3.77
18/07/2016,5790.939941,5880.430176,5781.959961,5808.02002,0.29
25/07/2016,5808.02002,5886.629883,5774.410156,5867.640137,1.03
01/08/2016,5868.330078,5877.580078,5711.5,5857.899902,-0.17
08/08/2016,5857.899902,6052.589844,5856.220215,6052.589844,3.32
15/08/2016,6052.589844,6128.459961,5977.910156,6042.890137,-0.16
22/08/2016,6042.890137,6176.189941,6024.240234,6170.200195,2.11
29/08/2016,6170.200195,6299.310059,6117.359863,6299.310059,2.09
05/09/2016,6299.310059,6329.899902,6180.490234,6182.620117,-1.85
12/09/2016,6182.620117,6182.620117,6068.580078,6111.450195,-1.15
19/09/2016,6111.450195,6167.109863,6074.459961,6108.859863,-0.04
26/09/2016,6108.859863,6116.77002,5898.990234,6034.830078,-1.21
03/10/2016,6034.830078,6118.259766,5836.149902,5839.160156,-3.24
10/10/2016,5839.160156,5916.819824,5769.100098,5907.810059,1.18
17/10/2016,5907.810059,6079,5851.669922,6035.810059,2.17
24/10/2016,6035.810059,6088.330078,5871.430176,5932.180176,-1.72
31/10/2016,5932.180176,5950.129883,5850.890137,5919.049805,-0.22
07/11/2016,5919.049805,6378.319824,5919.049805,6215.77002,5.01
14/11/2016,6215.77002,6310.620117,6110.959961,6294.209961,1.26
21/11/2016,6294.209961,6331.040039,6226.419922,6279.689941,-0.23
28/11/2016,6279.689941,6284.950195,6144.939941,6174.459961,-1.68
05/12/2016,6174.459961,6443.97998,6174.459961,6440.049805,4.30
12/12/2016,6440.049805,6505.600098,6354.620117,6495.459961,0.86
19/12/2016,6495.459961,6516.97998,6428.540039,6515.990234,0.32
26/12/2016,6515.990234,6520.569824,6445.620117,6517.240234,0.02
02/01/2017,6517.240234,6636.799805,6506.790039,6594.319824,1.18
09/01/2017,6594.319824,6658.950195,6538.27002,6658.950195,0.98
16/01/2017,6658.950195,6658.950195,6528.560059,6622.970215,-0.54
23/01/2017,6622.970215,6622.970215,6471.830078,6534.029785,-1.34
30/01/2017,6530.799805,6551.669922,6380.890137,6510.669922,-0.36
06/02/2017,6510.669922,6510.669922,6369.049805,6477.830078,-0.50
13/02/2017,6477.830078,6574.709961,6477.830078,6540.22998,0.96
20/02/2017,6540.22998,6665.890137,6445.299805,6484.390137,-0.85
27/02/2017,6484.390137,6720.959961,6474.189941,6672.080078,2.89
06/03/2017,6672.080078,6704.459961,6540.910156,6678.47998,0.10
13/03/2017,6678.47998,6730.299805,6607.279785,6714.740234,0.54
20/03/2017,6714.740234,6753.490234,6571.620117,6612.339844,-1.53
27/03/2017,6612.339844,6658.580078,6535.97998,6658.580078,0.70
03/04/2017,6658.580078,6720.339844,6579.22998,6712.279785,0.81
10/04/2017,6712.279785,6764.680176,6692.27002,6692.27002,-0.30
17/04/2017,6692.27002,6778.580078,6660.140137,6739.310059,0.70
24/04/2017,6739.310059,6947.660156,6739.310059,6860.779785,1.80
01/05/2017,6860.779785,7146.759766,6847.919922,7146.759766,4.17
08/05/2017,7146.759766,7157.430176,7034.129883,7034.129883,-1.58
15/05/2017,7034.129883,7062.790039,6792.459961,6930.759766,-1.47
22/05/2017,6930.759766,7019.830078,6912.810059,6973.830078,0.62
29/05/2017,6973.830078,7081.189941,6910.779785,7044.839844,1.02
05/06/2017,7044.839844,7044.839844,6952.700195,7003.22998,-0.59
12/06/2017,7003.22998,7061.649902,6917.629883,7016.549805,0.19
19/06/2017,7016.549805,7125.049805,6981.02002,6995.569824,-0.30
26/06/2017,6995.569824,7045.830078,6789.060059,6827.620117,-2.40
03/07/2017,6827.620117,6934.069824,6825.669922,6875.209961,0.70
10/07/2017,6875.200195,6937.740234,6842,6893.470215,0.27
17/07/2017,6893.470215,6935.109863,6667.560059,6705.490234,-2.73
24/07/2017,6705.490234,6773.799805,6605.47998,6663.490234,-0.63
31/07/2017,6663.490234,6728.259766,6616.459961,6724.390137,0.91
07/08/2017,6724.390137,6724.959961,6545.779785,6581.160156,-2.13
14/08/2017,6581.160156,6883.390137,6578.870117,6705.259766,1.89
21/08/2017,6705.259766,6744,6634.290039,6643.52002,-0.92
28/08/2017,6643.52002,6710.839844,6492.120117,6709.22998,0.99
04/09/2017,6709.22998,6717.970215,6635.629883,6681.819824,-0.41
11/09/2017,6681.819824,6744.430176,6634.470215,6675.089844,-0.10
18/09/2017,6675.089844,6763.160156,6653.660156,6700.169922,0.38
25/09/2017,6700.169922,6888.220215,6672.620117,6881.75,2.71
02/10/2017,6881.75,6948.52002,6825.189941,6859.5,-0.32
09/10/2017,6859.5,6893.819824,6789.310059,6837.220215,-0.32
16/10/2017,6837.220215,6863.879883,6688.549805,6789.779785,-0.69
23/10/2017,6789.779785,6908.859863,6711.560059,6901.330078,1.64
30/10/2017,6901.330078,7049.240234,6874.120117,6984.299805,1.20
06/11/2017,6984.299805,6996.279785,6877.140137,6877.140137,-1.53
13/11/2017,6877.140137,6896.27002,6684.629883,6896.27002,0.28
20/11/2017,6896.27002,6967.649902,6831.439941,6875.410156,-0.30
27/11/2017,6875.410156,6946.879883,6845.97998,6862.189941,-0.19
04/12/2017,6862.189941,7081.959961,6862.189941,7067.169922,2.99
11/12/2017,7067.169922,7067.169922,6912.759766,6912.759766,-2.18
18/12/2017,6912.759766,7043.779785,6912.759766,7016.240234,1.50
25/12/2017,7016.240234,7051.379883,6990.879883,7038.279785,0.31
01/01/2018,7038.279785,7178.180176,7021.689941,7174.140137,1.93
08/01/2018,7174.140137,7223.069824,7016.089844,7074.439941,-1.39
15/01/2018,7074.439941,7157.120117,7018.529785,7157.120117,1.17
22/01/2018,7157.120117,7257.410156,7022.899902,7098.629883,-0.82
29/01/2018,7098.629883,7109.819824,6874.930176,6885.22998,-3.01
05/02/2018,6885.22998,6885.22998,6570.870117,6599.669922,-4.15
12/02/2018,6599.669922,6852.540039,6599.669922,6833.410156,3.54
19/02/2018,6833.410156,6863.970215,6715.890137,6722.27002,-1.63
26/02/2018,6722.27002,6764.859863,6647.839844,6668.240234,-0.80
05/03/2018,6668.240234,6759.830078,6469.040039,6744.939941,1.15
12/03/2018,6744.939941,6787.459961,6654.379883,6693.939941,-0.76
19/03/2018,6693.939941,6695.370117,6410.259766,6514.910156,-2.67
26/03/2018,6514.910156,6612.799805,6432.359863,6593.649902,1.21
02/04/2018,6593.649902,6685.549805,6524.72998,6632.47998,0.59
09/04/2018,6632.47998,6683.660156,6559.540039,6638.129883,0.09
16/04/2018,6638.129883,6842.52002,6638.129883,6827.720215,2.86
23/04/2018,6827.720215,6852.649902,6711.160156,6798.379883,-0.43
30/04/2018,6798.379883,6865.77002,6772.350098,6864.589844,0.97
07/05/2018,6864.589844,7010.959961,6863.910156,6961.589844,1.41
14/05/2018,6961.589844,7127.240234,6925.180176,7096.060059,1.93
21/05/2018,7096.060059,7219.430176,7091.399902,7171.319824,1.06
28/05/2018,7171.319824,7250.339844,7101.560059,7182.419922,0.15
04/06/2018,7182.419922,7230.100098,7087.180176,7127.600098,-0.76
11/06/2018,7127.600098,7206.879883,7083.27002,7128.430176,0.01
18/06/2018,7128.430176,7143.810059,7021.669922,7105.359863,-0.32
25/06/2018,7105.359863,7105.359863,6943.700195,6982.830078,-1.72
02/07/2018,6982.830078,7001.490234,6919.709961,7001.490234,0.27
09/07/2018,7001.490234,7069.390137,6927.97998,7046.009766,0.64
16/07/2018,7046.009766,7076.810059,6883.549805,6935.72998,-1.57
23/07/2018,6935.72998,6947.049805,6860.819824,6898.109863,-0.54
30/07/2018,6898.109863,6898.109863,6727.080078,6790.589844,-1.56
06/08/2018,6790.589844,6847.529785,6654.509766,6681.970215,-1.60
13/08/2018,6681.970215,6724.959961,6611.850098,6698.589844,0.25
20/08/2018,6698.589844,6823.529785,6683.680176,6794.209961,1.43
27/08/2018,6794.209961,6844.410156,6753.140137,6773.910156,-0.30
03/09/2018,6773.910156,6814.220215,6632.029785,6646.339844,-1.88
10/09/2018,6646.339844,6657.959961,6596.160156,6637.629883,-0.13
17/09/2018,6637.629883,6748.609863,6610.859863,6673.160156,0.54
24/09/2018,6673.160156,6673.160156,6521.600098,6522.359863,-2.26
01/10/2018,6522.359863,6552.259766,6420.149902,6450.72998,-1.10
08/10/2018,6450.72998,6450.72998,6018.810059,6098.390137,-5.46
15/10/2018,6098.390137,6273.600098,5991.459961,5997.459961,-1.66
22/10/2018,5997.459961,6068.620117,5857.390137,5978.120117,-0.32
29/10/2018,5978.120117,6272.430176,5967.490234,6224.069824,4.11
05/11/2018,6224.069824,6316.609863,6120.640137,6172.129883,-0.83
12/11/2018,6172.129883,6239.02002,5931.589844,5983.450195,-3.06
19/11/2018,5983.450195,6000.600098,5772.580078,5928.209961,-0.92
26/11/2018,5928.209961,5989.359863,5801.160156,5818.649902,-1.85
03/12/2018,5818.649902,5914.390137,5491.939941,5548.810059,-4.64
10/12/2018,5548.810059,5590.959961,5403.22998,5519.259766,-0.53
17/12/2018,5519.259766,5519.259766,5342.600098,5391.419922,-2.32
24/12/2018,5391.419922,5464.819824,5311.72998,5459.200195,1.26
31/12/2018,5459.200195,5670.919922,5390.580078,5656.450195,3.61
07/01/2019,5656.450195,5751.100098,5607.970215,5699.450195,0.76
14/01/2019,5699.450195,5801.859863,5611.720215,5799.609863,1.76
21/01/2019,5799.609863,5905.390137,5764.540039,5849.560059,0.86
28/01/2019,5849.560059,5882.140137,5751.370117,5838.100098,-0.20
04/02/2019,5838.100098,6019.819824,5809.850098,5832.589844,-0.09
11/02/2019,5833.839844,6043.100098,5833.839844,5969.27002,2.34
18/02/2019,5969.27002,6077.549805,5959.700195,6034.419922,1.09
25/02/2019,6034.419922,6200.089844,5981.189941,6195.620117,2.67
04/03/2019,6195.830078,6258.970215,6048.740234,6082.540039,-1.83
11/03/2019,6082.540039,6258.25,6066.129883,6252.359863,2.79
18/03/2019,6252.790039,6299.379883,6021.620117,6035.399902,-3.47
25/03/2019,6041.319824,6149.5,5957.259766,6138.660156,1.71
01/04/2019,6138.450195,6392.72998,6138.450195,6383.899902,4.00
08/04/2019,6386.77002,6386.77002,6196.370117,6335.709961,-0.75
15/04/2019,6341.640137,6551.950195,6340.970215,6540.140137,3.23
22/04/2019,6540.140137,6540.140137,6370.379883,6399.740234,-2.15
29/04/2019,6401.609863,6523.470215,6401.609863,6498.740234,1.55
06/05/2019,6494.299805,6494.299805,6224.299805,6242.879883,-3.94
13/05/2019,6248.330078,6313.160156,6151.220215,6280.529785,0.60
20/05/2019,6282.970215,6282.970215,6113.259766,6123.830078,-2.50
27/05/2019,6126.839844,6185.359863,6040.470215,6079.629883,-0.72
03/06/2019,6078.589844,6209.279785,6039.319824,6178.390137,1.62
10/06/2019,6192.109863,6252.220215,6122.319824,6154.529785,-0.39
17/06/2019,6152.350098,6230.490234,6080.029785,6133.200195,-0.35
24/06/2019,6131.75,6171.240234,6041.939941,6152.629883,0.32
01/07/2019,6155.240234,6419.470215,6155.240234,6338.459961,3.02
08/07/2019,6337.459961,6339.890137,6234.839844,6295.109863,-0.68
15/07/2019,6295.819824,6385.129883,6253.410156,6267.359863,-0.44
22/07/2019,6262.390137,6379.040039,6258.52002,6324.290039,0.91
29/07/2019,6314.629883,6321.169922,5960.950195,5978.149902,-5.47
05/08/2019,5974.52002,5974.52002,5779.450195,5862.290039,-1.94
12/08/2019,5872.419922,5921.180176,5659.279785,5773.27002,-1.52
19/08/2019,5773.450195,5851.109863,5693.379883,5749.459961,-0.41
26/08/2019,5750.060059,5910.029785,5709.75,5879.419922,2.26
02/09/2019,5883.899902,6078.390137,5853.330078,6062.069824,3.11
09/09/2019,6052.200195,6297.240234,6004.129883,6282.27002,3.63
16/09/2019,6281.919922,6281.919922,6048.540039,6120.740234,-2.57
23/09/2019,6120.740234,6182.77002,6007.890137,6177,0.92
30/09/2019,6178.279785,6302.209961,6052.339844,6142.049805,-0.57
07/10/2019,6142,6469.819824,6084.939941,6448.589844,4.99
14/10/2019,6447.640137,6626.839844,6362.709961,6463.549805,0.23
21/10/2019,6463.629883,6583.390137,6463.629883,6558.569824,1.47
28/10/2019,6559.02002,6640.47998,6497.700195,6636.709961,1.19
04/11/2019,6636.609863,6881.97998,6636.609863,6812.5,2.65
11/11/2019,6811.47998,6921.830078,6734.839844,6921.830078,1.60
18/11/2019,6922.339844,6965.240234,6718.810059,6824.669922,-1.40
25/11/2019,6827.040039,7062.040039,6827.040039,6998.060059,2.54
02/12/2019,6994.97998,7106.649902,6877.049805,7101.939941,1.48
09/12/2019,7098.77002,7329.180176,6990.759766,7189.029785,1.23
16/12/2019,7197.910156,7238.740234,7073.540039,7199.290039,0.14
23/12/2019,7199.240234,7273.259766,7174.72998,7259.870117,0.84
30/12/2019,7259.399902,7327.689941,7167.589844,7242.089844,-0.24
06/01/2020,7242.419922,7385.529785,7086.930176,7274.189941,0.44
13/01/2020,7274.279785,7296.319824,7139.569824,7194.5,-1.10
20/01/2020,7199.850098,7220.790039,7112.649902,7180.799805,-0.19
27/01/2020,7177.919922,7177.919922,6981.959961,6998.200195,-2.54
03/02/2020,7011.569824,7256.22998,7010.790039,7151.470215,2.19
10/02/2020,7152.25,7207.330078,7048.509766,7171.100098,0.27
17/02/2020,7170.5,7283.060059,7118.529785,7240.189941,0.96
24/02/2020,7240.189941,7240.189941,6327.029785,6397.370117,-11.64
02/03/2020,6394.189941,6608.459961,6187.589844,6266.529785,-2.05
09/03/2020,6264.72998,6265.109863,5081.450195,5148.430176,-17.84
16/03/2020,5147.149902,5147.149902,4273.040039,4603.870117,-10.58
23/03/2020,4597.930176,5196.709961,4249.919922,4916.399902,6.79
30/03/2020,4915.600098,5153.649902,4753.040039,4784.669922,-2.68
06/04/2020,4787.890137,5314.169922,4787.890137,5289.180176,10.54
