Date,Open,High,Low,Close,% Change AEX
21/03/2005,369.589996,372.450012,366.589996,371.619995,0.48
28/03/2005,370.089996,371.679993,368.149994,368.200012,-0.92
04/04/2005,368.649994,374.26001,365.220001,373.609985,1.47
11/04/2005,372.200012,373.369995,364.25,364.26001,-2.5
18/04/2005,356.929993,358.600006,352.040009,356.179993,-2.22
25/04/2005,355.329987,357.540009,345.549988,348.200012,-2.24
02/05/2005,348.700012,357.019989,347.799988,356.649994,2.43
09/05/2005,356.709991,357.369995,352.429993,355.51001,-0.32
16/05/2005,355.119995,365.209991,353.940002,363.880005,2.35
23/05/2005,365.230011,369.670013,363.769989,366.940002,0.84
30/05/2005,367.059998,373.390015,364.679993,371.519989,1.25
06/06/2005,371.23999,377.130005,368.059998,376.089996,1.23
13/06/2005,375.679993,382.309998,375.200012,380.269989,1.11
20/06/2005,380.220001,384.179993,377.290009,379.970001,-0.08
27/06/2005,378.160004,388.26001,375.769989,388.26001,2.18
04/07/2005,388.089996,391.440002,375.160004,388.600006,0.09
11/07/2005,389.929993,395.329987,388.100006,393.679993,1.31
18/07/2005,392.679993,399.019989,392.209991,394.299988,0.16
25/07/2005,395.980011,397.529999,393.209991,395.769989,0.37
01/08/2005,396.209991,397.98999,391.309998,391.309998,-1.13
08/08/2005,392.149994,401.769989,390.700012,396.059998,1.21
15/08/2005,395.369995,397.290009,390.359985,393.970001,-0.53
22/08/2005,394.880005,395.769989,384.880005,385.149994,-2.24
29/08/2005,382.570007,391.890015,382.160004,389.309998,1.08
05/09/2005,388.970001,396.109985,388.950012,394.910004,1.44
12/09/2005,396.630005,399.140015,393.059998,398.100006,0.81
19/09/2005,396.890015,401.850006,392.529999,394.329987,-0.95
26/09/2005,396.690002,404.089996,396.690002,402.98999,2.2
03/10/2005,405.410004,408.899994,397.589996,398.660004,-1.07
10/10/2005,399.890015,400.630005,389.769989,394.309998,-1.09
17/10/2005,395.929993,396.450012,384.859985,386.079987,-2.09
24/10/2005,386.660004,391.559998,383.309998,385.950012,-0.03
31/10/2005,390.519989,400.700012,390.25,399.529999,3.52
07/11/2005,399.140015,411.059998,398.5,410.820007,2.83
14/11/2005,410.089996,417.660004,409.48999,416.23999,1.32
21/11/2005,417.480011,420.109985,415.98999,418.299988,0.49
28/11/2005,419.679993,430.089996,416.170013,429.480011,2.67
05/12/2005,429.850006,436.380005,427.820007,431.130005,0.38
12/12/2005,432.859985,436.730011,430.230011,436.170013,1.17
19/12/2005,435.390015,440.290009,433.269989,439.160004,0.69
26/12/2005,439.720001,441.26001,436.450012,436.779999,-0.54
02/01/2006,437.549988,446.720001,437.549988,446.109985,2.14
09/01/2006,447.470001,448.609985,440.230011,441.369995,-1.06
16/01/2006,441.029999,442.970001,431.73999,432.200012,-2.08
23/01/2006,428.160004,449.730011,427.899994,449.670013,4.04
30/01/2006,449.429993,457.459991,447.769989,451.269989,0.36
06/02/2006,453.320007,460.390015,448.660004,456.26001,1.11
13/02/2006,456.649994,464.690002,455.450012,463.600006,1.61
20/02/2006,463.660004,467.149994,461.630005,464.570007,0.21
27/02/2006,465.290009,467.529999,452.570007,455.25,-2.01
06/03/2006,458.299988,458.679993,449.149994,458.589996,0.73
13/03/2006,460.76001,467.549988,460.350006,464.049988,1.19
20/03/2006,466.279999,473.019989,463.179993,472.070007,1.73
27/03/2006,472.109985,473.130005,466.369995,468.690002,-0.72
03/04/2006,471.450012,472.929993,464.640015,468.679993,0
10/04/2006,468.220001,470.670013,461.190002,462.76001,-1.26
17/04/2006,462.200012,478.220001,460.089996,478,3.29
24/04/2006,475.920013,478.440002,468.440002,469.399994,-1.8
01/05/2006,467.670013,473.75,463.339996,471.720001,0.49
08/05/2006,473.149994,474.26001,455.089996,455.089996,-3.53
15/05/2006,451.980011,453.48999,432.01001,438.980011,-3.54
22/05/2006,434.75,446.279999,426.179993,446.279999,1.66
29/05/2006,446.109985,446.570007,428.980011,438.899994,-1.65
05/06/2006,439.600006,439.600006,419.640015,426.470001,-2.83
12/06/2006,425.790009,429.640015,409.559998,420.519989,-1.4
19/06/2006,422.01001,432.350006,419.179993,429.140015,2.05
26/06/2006,430.299988,441.540009,420.190002,440.25,2.59
03/07/2006,440.790009,444.380005,438.01001,440.700012,0.1
10/07/2006,441.190002,443.299988,428.089996,428.329987,-2.81
17/07/2006,429.299988,441.25,422.709991,436.299988,1.86
24/07/2006,437.51001,456.220001,436.809998,456.220001,4.57
31/07/2006,455.75,457.640015,448.279999,455.799988,-0.09
07/08/2006,451.200012,454.309998,446.339996,451.76001,-0.89
14/08/2006,454.380005,465.420013,453.709991,463.920013,2.69
21/08/2006,463.589996,466.649994,459.459991,465.140015,0.26
28/08/2006,464.519989,473,463.570007,470.929993,1.24
04/09/2006,471.700012,474.399994,462.670013,464.470001,-1.37
11/09/2006,462.089996,476.429993,460.170013,474.850006,2.23
18/09/2006,475.619995,480.589996,468.76001,472.98999,-0.39
25/09/2006,474.519989,485.799988,471.779999,483.619995,2.25
02/10/2006,484.920013,488.309998,478.670013,486.209991,0.54
09/10/2006,484.290009,494.049988,484.079987,492.679993,1.33
16/10/2006,492.75,494.140015,486.779999,489.299988,-0.69
23/10/2006,490.559998,495.730011,487.600006,489.98999,0.14
30/10/2006,485.309998,490.75,482.399994,487.940002,-0.42
06/11/2006,489.869995,498.450012,489.519989,492.959991,1.03
13/11/2006,493.01001,497.630005,490.980011,492.619995,-0.07
20/11/2006,490.950012,494.410004,482.100006,484.910004,-1.57
27/11/2006,484.160004,485.98999,470.540009,473.320007,-2.39
04/12/2006,473.75,479.720001,471.25,476.529999,0.68
11/12/2006,478,497.399994,478,495.109985,3.9
18/12/2006,494.76001,496.910004,490.399994,490.769989,-0.88
25/12/2006,494.459991,499.170013,493.470001,495.339996,0.93
01/01/2007,497.910004,501.799988,494.040009,494.049988,-0.26
08/01/2007,495.369995,503.309998,490.929993,502.839996,1.78
15/01/2007,504.880005,508.640015,502.470001,507.119995,0.85
22/01/2007,508.399994,509,496.619995,499.799988,-1.44
29/01/2007,499.690002,508.390015,498.470001,506.779999,1.4
05/02/2007,506.880005,509.880005,503.809998,507.299988,0.1
12/02/2007,504.630005,509.179993,502.5,506.100006,-0.24
19/02/2007,507,512.469971,504.910004,510.609985,0.89
26/02/2007,511.029999,512.380005,477.070007,480.200012,-5.96
05/03/2007,471.160004,492.019989,469.850006,490.350006,2.11
12/03/2007,493.850006,494.399994,473.079987,482.140015,-1.67
19/03/2007,490.049988,515.330017,486.970001,513.840027,6.57
26/03/2007,514.72998,515.859985,503,510.5,-0.65
02/04/2007,510.5,519.309998,509.76001,519.289978,1.72
09/04/2007,519.26001,526.809998,516.049988,523.679993,0.85
16/04/2007,528.530029,539.080017,523.75,536.359985,2.42
23/04/2007,538.609985,538.869995,529.049988,530.48999,-1.09
30/04/2007,528.359985,540.77002,528.359985,539.640015,1.72
07/05/2007,540.049988,540.320007,521.099976,531.200012,-1.56
14/05/2007,533,538.289978,525.650024,536.690002,1.03
21/05/2007,538.400024,542.070007,531.650024,535.47998,-0.23
28/05/2007,536.299988,544.27002,531.309998,543.929993,1.58
04/06/2007,543.700012,547.820007,530.799988,534.690002,-1.7
11/06/2007,537.640015,552.369995,530.530029,551.909973,3.22
18/06/2007,552.059998,554.960022,547.219971,548.75,-0.57
25/06/2007,545.179993,548.700012,538.73999,548.210022,-0.1
02/07/2007,545.5,555.630005,545.5,555,1.24
09/07/2007,556.799988,563.97998,549.340027,560.929993,1.07
16/07/2007,563.02002,563.659973,554.98999,555.02002,-1.05
23/07/2007,554.710022,558.950012,525.780029,526.690002,-5.1
30/07/2007,527.109985,534.039978,519.039978,521.52002,-0.98
06/08/2007,515.719971,532.830017,497.790009,502.040009,-3.74
13/08/2007,508.209991,515.340027,479.48999,499,-0.61
20/08/2007,503.850006,521.150024,499.829987,518.099976,3.83
27/08/2007,519.789978,525.27002,503.140015,522.72998,0.89
03/09/2007,523.77002,531.75,516.48999,517.429993,-1.01
10/09/2007,517.47998,531.719971,512.419983,528.359985,2.11
17/09/2007,527.51001,546.559998,521.559998,544.650024,3.08
24/09/2007,543.880005,544.429993,533.460022,540.97998,-0.67
01/10/2007,538.409973,549.02002,537.51001,546.599976,1.04
08/10/2007,547.299988,559.429993,544.22998,559.140015,2.29
15/10/2007,558.01001,558.830017,547.679993,551.049988,-1.45
22/10/2007,541.440002,548.599976,538.51001,547.159973,-0.71
29/10/2007,551.150024,551.690002,534.299988,537.25,-1.81
05/11/2007,534.26001,536.48999,506.73999,510.649994,-4.95
12/11/2007,506.609985,515.669983,496.920013,500.079987,-2.07
19/11/2007,501.929993,504.630005,480.869995,492.470001,-1.52
26/11/2007,497.160004,509.869995,486.730011,507.579987,3.07
03/12/2007,506.859985,516.390015,495.48999,513.590027,1.18
10/12/2007,512,521.48999,506.329987,511.279999,-0.45
17/12/2007,505.660004,514.799988,499,513.710022,0.48
24/12/2007,515.289978,519.080017,514.070007,515.690002,0.39
31/12/2007,516.059998,518.27002,498.950012,500.600006,-2.93
07/01/2008,498.730011,502.720001,479.829987,481.829987,-3.75
14/01/2008,480.179993,487.179993,450.079987,450.079987,-6.59
21/01/2008,444.410004,453.690002,401.450012,438.690002,-2.53
28/01/2008,433.079987,454.059998,429.790009,451.609985,2.95
04/02/2008,456.850006,457.130005,428.940002,432.100006,-4.32
11/02/2008,428.220001,450.48999,425.350006,434.809998,0.63
18/02/2008,438.119995,457.549988,438.119995,451.630005,3.87
25/02/2008,457.089996,466.109985,443.850006,446.529999,-1.13
03/03/2008,439.070007,446.140015,430.019989,435.089996,-2.56
10/03/2008,432.380005,442.820007,425.940002,432.299988,-0.64
17/03/2008,419.200012,433.420013,414.299988,425.790009,-1.51
24/03/2008,437.839996,445.23999,433.109985,440.98999,3.57
31/03/2008,437.720001,460.899994,434.880005,460.809998,4.49
07/04/2008,464.149994,466.179993,450.549988,453.429993,-1.6
14/04/2008,448.209991,476.309998,447.600006,474.75,4.7
21/04/2008,474.579987,475.230011,461.01001,467.839996,-1.46
28/04/2008,468.420013,483.420013,468.320007,481.209991,2.86
05/05/2008,480.209991,487.380005,477.019989,480.399994,-0.17
12/05/2008,483.600006,494.929993,476.350006,490.779999,2.16
19/05/2008,491.709991,496.119995,478.390015,478.390015,-2.52
26/05/2008,479.26001,487.859985,473.019989,485.519989,1.49
02/06/2008,483.850006,487.320007,471.230011,471.230011,-2.94
09/06/2008,469.309998,472.470001,452.480011,459.959991,-2.39
16/06/2008,459.779999,464.320007,434.790009,437.329987,-4.92
23/06/2008,436.76001,441.100006,419.350006,425.920013,-2.61
30/06/2008,427.48999,428.790009,400.23999,403.359985,-5.3
07/07/2008,407.279999,412.200012,391.980011,391.980011,-2.82
14/07/2008,397.480011,399.649994,374.089996,395.940002,1.01
21/07/2008,395.390015,408.279999,390.73999,395.769989,-0.04
28/07/2008,394.929993,406.220001,387.040009,394.529999,-0.31
04/08/2008,393.440002,412.380005,391.75,408.519989,3.55
11/08/2008,409.600006,417.420013,405.920013,409.859985,0.33
18/08/2008,409,414.470001,396.799988,408.190002,-0.41
25/08/2008,406.179993,415.109985,397.089996,412.839996,1.14
01/09/2008,409.380005,416.279999,388.350006,389.220001,-5.72
08/09/2008,405.059998,405.269989,387.670013,399.570007,2.66
15/09/2008,386.700012,388.690002,349.76001,381.829987,-4.44
22/09/2008,383.179993,385.429993,354.579987,354.579987,-7.14
29/09/2008,354.220001,354.220001,310.670013,344.019989,-2.98
06/10/2008,328.119995,329.890015,254.360001,258.049988,-24.99
13/10/2008,272.959991,302.769989,242.369995,252.259995,-2.24
20/10/2008,258.26001,275.730011,232.429993,245.919998,-2.51
27/10/2008,235.339996,267.690002,231.5,267.690002,8.85
03/11/2008,269.570007,291.130005,257.649994,265.720001,-0.74
10/11/2008,273.029999,278.190002,243.649994,252.470001,-4.99
17/11/2008,252.320007,254.059998,220.119995,222.929993,-11.7
24/11/2008,226.720001,254.380005,226.429993,252.550003,13.29
01/12/2008,252.820007,252.820007,227.770004,229.440002,-9.15
08/12/2008,245.910004,257.529999,240.270004,247.75,7.98
15/12/2008,250.639999,253.110001,243.539993,249.539993,0.72
22/12/2008,248.020004,248.889999,240.600006,241.899994,-3.06
29/12/2008,243.309998,258.230011,239.369995,258.230011,6.75
05/01/2009,261.25,271.910004,256.709991,266.179993,3.08
12/01/2009,264.950012,266.799988,241.559998,248.550003,-6.62
19/01/2009,252.309998,255.300003,227.529999,234.139999,-5.8
26/01/2009,234.690002,258.369995,234,248.600006,6.18
02/02/2009,245.419998,262.559998,241.710007,261.350006,5.13
09/02/2009,259.399994,263.950012,244.960007,251.119995,-3.91
16/02/2009,249.220001,250.399994,228.479996,229.130005,-8.76
23/02/2009,232.880005,233.339996,214.960007,219.809998,-4.07
02/03/2009,214.449997,214.449997,198.220001,199.5,-9.24
09/03/2009,200.740005,216.279999,194.990005,211.740005,6.14
16/03/2009,215.960007,216.979996,206.929993,212.710007,0.46
23/03/2009,217.699997,226.770004,215.789993,221.729996,4.24
30/03/2009,216.179993,235.279999,211.110001,230.759995,4.07
06/04/2009,233.649994,235.960007,222.25,232.839996,0.9
13/04/2009,234.539993,244.979996,231.720001,243.809998,4.71
20/04/2009,242.289993,242.919998,228.190002,239.339996,-1.83
27/04/2009,235.160004,243.940002,231.229996,240.759995,0.59
04/05/2009,244.990005,263.75,244.619995,261.350006,8.55
11/05/2009,260.869995,260.869995,247.460007,252.919998,-3.23
18/05/2009,249.589996,267.149994,248.820007,260.140015,2.85
25/05/2009,261.109985,265.670013,255.059998,259.450012,-0.27
01/06/2009,265.23999,271.119995,262.23999,266.929993,2.88
08/06/2009,266.100006,269.829987,261.450012,265.480011,-0.54
15/06/2009,262.950012,263.140015,248.929993,257.160004,-3.13
22/06/2009,257.470001,257.839996,247.029999,254.429993,-1.06
29/06/2009,253.919998,261.440002,251.080002,253.699997,-0.29
06/07/2009,251.589996,252.710007,243.199997,243.199997,-4.14
13/07/2009,242.610001,267.690002,241.360001,266.399994,9.54
20/07/2009,268.73999,278.700012,267.529999,276.149994,3.66
27/07/2009,279.140015,285.23999,272.670013,283.170013,2.54
03/08/2009,283.630005,291.839996,283.190002,290.5,2.59
10/08/2009,289.570007,293.25,280.790009,288.019989,-0.85
17/08/2009,286.089996,295.709991,280.149994,294.48999,2.25
24/08/2009,297.100006,302.76001,294.670013,300.200012,1.94
31/08/2009,297.480011,298.929993,286.23999,293.160004,-2.35
07/09/2009,295.329987,309.200012,295.160004,308,5.06
14/09/2009,304.170013,315.480011,303.029999,313.630005,1.83
21/09/2009,313.540009,314.799988,305.630005,305.630005,-2.55
28/09/2009,304.940002,314.390015,296.5,299.299988,-2.07
05/10/2009,300.25,316.73999,298.309998,315.549988,5.43
12/10/2009,318.179993,328.51001,318.179993,322.309998,2.14
19/10/2009,323.75,328.470001,318.709991,320.140015,-0.67
26/10/2009,321.209991,321.899994,301.25,302.359985,-5.55
02/11/2009,302.109985,309.75,296.980011,307.140015,1.58
09/11/2009,310.5,320.059998,310.410004,317.369995,3.33
16/11/2009,320.73999,323.179993,309.399994,310.029999,-2.31
23/11/2009,312.730011,319.160004,300.540009,309.519989,-0.16
30/11/2009,311.049988,323.950012,305.179993,321.130005,3.75
07/12/2009,320.459991,322.339996,311.160004,320.140015,-0.31
14/12/2009,323.200012,329.059998,321.190002,324.630005,1.4
21/12/2009,326.290009,335.100006,325.440002,333.600006,2.76
28/12/2009,336.019989,338.220001,333.929993,335.329987,0.52
04/01/2010,336.959991,343.589996,336.959991,341.940002,1.97
11/01/2010,344.200012,345.559998,334.970001,337.98999,-1.16
18/01/2010,339.179993,342.399994,326.899994,329.480011,-2.52
25/01/2010,327.369995,332.070007,323.950012,327.899994,-0.48
01/02/2010,325.940002,335.679993,313.839996,315.040009,-3.92
08/02/2010,317.690002,320.23999,311.529999,315.73999,0.22
15/02/2010,317.700012,325.769989,315.040009,325.600006,3.12
22/02/2010,327,327.549988,313.350006,317.73999,-2.41
01/03/2010,320.75,338.679993,320.100006,338.679993,6.59
08/03/2010,340.209991,342.290009,336.309998,339.570007,0.26
15/03/2010,338.829987,343.76001,334.910004,338.649994,-0.27
22/03/2010,337.579987,346,334,343.809998,1.52
29/03/2010,344.029999,351.459991,342.160004,351.440002,2.22
05/04/2010,353.140015,356.25,349.51001,355.890015,1.27
12/04/2010,358.049988,358.200012,349.220001,349.75,-1.73
19/04/2010,348.880005,356.75,346.970001,353.380005,1.04
26/04/2010,356.929993,358.230011,341.950012,345.910004,-2.11
03/05/2010,345.410004,348.859985,307.709991,312.350006,-9.7
10/05/2010,323.910004,340.049988,322.359985,327.23999,4.77
17/05/2010,324.100006,333.029999,306.290009,313.410004,-4.23
24/05/2010,315.799988,324.029999,301.480011,320.640015,2.31
31/05/2010,320.059998,331.299988,314.470001,321.220001,0.18
07/06/2010,315.700012,327.309998,311.820007,325.559998,1.35
14/06/2010,328.859985,336.910004,328.570007,336.059998,3.23
21/06/2010,341.549988,343.320007,325.26001,325.98999,-3
28/06/2010,327.329987,331.040009,306.420013,308.200012,-5.46
05/07/2010,309.220001,325.940002,306.269989,324.420013,5.26
12/07/2010,325.700012,336.730011,322.700012,323.98999,-0.13
19/07/2010,322.329987,338.130005,317.309998,337.140015,4.06
26/07/2010,339.730011,340.589996,327.339996,330.640015,-1.93
02/08/2010,333.299988,341,329.76001,331.190002,0.17
09/08/2010,334.559998,336.559998,321.26001,323.920013,-2.2
16/08/2010,324.5,330.269989,317.459991,318.019989,-1.82
23/08/2010,318.329987,320.920013,308.470001,317.040009,-0.31
30/08/2010,318.640015,332.480011,311.049988,329.350006,3.88
06/09/2010,331.279999,335.23999,324.910004,334.959991,1.7
13/09/2010,338.73999,339.399994,333.769989,334.540009,-0.13
20/09/2010,336.269989,342.350006,329.380005,337.850006,0.99
27/09/2010,338.910004,340.98999,332.269989,333.779999,-1.2
04/10/2010,334.029999,339.170013,328.609985,336.529999,0.82
11/10/2010,337.290009,344.440002,332.369995,341.450012,1.46
18/10/2010,339.899994,343.309998,337.730011,341.070007,-0.11
25/10/2010,343.269989,344.230011,335.329987,337.230011,-1.13
01/11/2010,339.649994,348.429993,337.390015,346.899994,2.87
08/11/2010,346.959991,348.820007,339.329987,343.200012,-1.07
15/11/2010,341.670013,346.869995,338.589996,344.579987,0.4
22/11/2010,347.01001,347.399994,332.670013,336.26001,-2.41
29/11/2010,337.75,343.619995,325.140015,342.190002,1.76
06/12/2010,343.049988,350.859985,340.609985,350.209991,2.34
13/12/2010,351.149994,353.279999,349.320007,352.049988,0.53
20/12/2010,352.200012,357.089996,351.970001,355.920013,1.1
27/12/2010,355.76001,358.799988,353.100006,354.570007,-0.38
03/01/2011,357.910004,360.869995,352.559998,356.440002,0.53
10/01/2011,355.5,362.410004,353.630005,361.320007,1.37
17/01/2011,361.730011,364.410004,354.679993,361.049988,-0.07
24/01/2011,360.970001,365.079987,358.119995,361.160004,0.03
31/01/2011,360.01001,368.899994,357.269989,365.51001,1.2
07/02/2011,366.390015,371.299988,366.079987,369.649994,1.13
14/02/2011,371.660004,374.190002,369.01001,374.190002,1.23
21/02/2011,373.26001,374.019989,362.959991,366.769989,-1.98
28/02/2011,366.73999,372.200012,363.559998,367.950012,0.32
07/03/2011,366.25,370.230011,358.269989,359.070007,-2.41
14/03/2011,357.23999,359.320007,343.200012,350.410004,-2.41
21/03/2011,355.390015,365.399994,354.309998,364.649994,4.06
28/03/2011,364.309998,369.609985,362.899994,369.450012,1.32
04/04/2011,368.390015,371.100006,366.100006,366.940002,-0.68
11/04/2011,366.450012,367.809998,357.450012,359,-2.16
18/04/2011,359.059998,360.570007,350.790009,359.01001,0
25/04/2011,357.429993,361.51001,357.109985,359.940002,0.26
02/05/2011,362.26001,363.309998,353.109985,359.119995,-0.23
09/05/2011,358.119995,363.109985,354.339996,354.859985,-1.19
16/05/2011,352.440002,353.190002,346.459991,348.23999,-1.87
23/05/2011,344.619995,348.329987,340.329987,346.059998,-0.63
30/05/2011,345.769989,351.100006,337.350006,340.23999,-1.68
06/06/2011,339.019989,341.160004,333.079987,333.829987,-1.88
13/06/2011,334.040009,338.269989,329,333.109985,-0.22
20/06/2011,329.049988,336.160004,326.859985,328.73999,-1.31
27/06/2011,327.679993,343.369995,326.970001,342.820007,4.28
04/07/2011,342.76001,347.01001,340.440002,342.480011,-0.1
11/07/2011,340.279999,340.940002,327.720001,329.48999,-3.79
18/07/2011,327.410004,340.209991,323.059998,338.600006,2.76
25/07/2011,336.410004,339.01001,326.589996,329.220001,-2.77
01/08/2011,333.630005,333.730011,292.630005,296.350006,-9.98
08/08/2011,291.529999,298.23999,265.850006,291.899994,-1.5
15/08/2011,294.299988,295.940002,268.73999,274.149994,-6.08
22/08/2011,271.720001,284.589996,269.859985,276.600006,0.89
29/08/2011,280.899994,295.809998,278.309998,286.429993,3.55
05/09/2011,280,284.279999,270.350006,276.100006,-3.61
12/09/2011,269.429993,284.149994,263.950012,281.730011,2.04
19/09/2011,275.600006,279.839996,256.359985,264.720001,-6.04
26/09/2011,260.200012,285.070007,260.200012,280.179993,5.84
03/10/2011,273.51001,290.23999,266.130005,288.309998,2.9
10/10/2011,289.920013,305.059998,287.709991,302.410004,4.89
17/10/2011,305.220001,307.519989,294.480011,305.700012,1.09
24/10/2011,307.26001,318.179993,301.649994,313.01001,2.39
31/10/2011,310.359985,311.959991,292.51001,301.970001,-3.53
07/11/2011,299.769989,308.190002,289.059998,300.980011,-0.33
14/11/2011,302.320007,302.720001,287.429993,288.01001,-4.31
21/11/2011,286.670013,286.670013,268.73999,274.369995,-4.74
28/11/2011,276.709991,303.820007,276.709991,300.769989,9.62
05/12/2011,303.5,309.130005,297.309998,304.579987,1.27
12/12/2011,302.869995,303.079987,292.109985,294.029999,-3.46
19/12/2011,291.799988,308.200012,291.350006,307.790009,4.68
26/12/2011,308.070007,312.470001,305.359985,312.470001,1.52
02/01/2012,312.450012,318.200012,309.679993,311.109985,-0.44
09/01/2012,311.290009,317.130005,305.549988,309.279999,-0.59
16/01/2012,307.910004,321.220001,307.320007,320.309998,3.57
23/01/2012,320.690002,323.829987,317.600006,319.359985,-0.3
30/01/2012,316.76001,326.329987,314.369995,326.329987,2.18
06/02/2012,325.959991,327.970001,319.609985,320.089996,-1.91
13/02/2012,322.109985,330.100006,319.769989,327.929993,2.45
20/02/2012,328.910004,333.079987,324.119995,324.910004,-0.92
27/02/2012,323.73999,328.869995,321.209991,327.850006,0.9
05/03/2012,326.730011,327.820007,316.670013,326.029999,-0.56
12/03/2012,325.529999,337.200012,324.660004,336.170013,3.11
19/03/2012,336.149994,336.410004,323.859985,326.190002,-2.97
26/03/2012,327.700012,332.440002,320.179993,323.51001,-0.82
02/04/2012,324.209991,327.230011,310.880005,314.910004,-2.66
09/04/2012,311.890015,312.26001,304.040009,306.119995,-2.79
16/04/2012,305.100006,313.459991,304.369995,309.200012,1.01
23/04/2012,306.559998,312.420013,299.920013,310.75,0.5
30/04/2012,311.869995,312.299988,300.549988,300.950012,-3.15
07/05/2012,295.600006,306.01001,295.369995,305.279999,1.44
14/05/2012,302.220001,302.25,286.890015,288.769989,-5.41
21/05/2012,287.929993,296.769989,287.570007,292.76001,1.38
28/05/2012,294.920013,296.769989,281.029999,283.769989,-3.07
04/06/2012,281.25,295.399994,281,291.730011,2.81
11/06/2012,297.149994,297.730011,288.899994,297.579987,2.01
18/06/2012,301.200012,304.700012,295.959991,298.76001,0.4
25/06/2012,297.230011,307.809998,292.980011,307.309998,2.86
02/07/2012,307.410004,316.220001,306.470001,309.839996,0.82
09/07/2012,309.609985,315.190002,307.75,314.600006,1.54
16/07/2012,314.450012,322.730011,313.98999,319.75,1.64
23/07/2012,316.839996,323.470001,311.130005,323.309998,1.11
30/07/2012,324.959991,331.420013,321.769989,330.429993,2.2
06/08/2012,330.130005,334.929993,328.149994,333.5,0.93
13/08/2012,333.01001,336.609985,330.100006,335.769989,0.68
20/08/2012,335.480011,336.690002,327.209991,329.640015,-1.83
27/08/2012,329.329987,332.850006,326.859985,329.279999,-0.11
03/09/2012,328.570007,340.220001,327.209991,337.570007,2.52
10/09/2012,336.329987,340.070007,332.880005,338.279999,0.21
17/09/2012,336.690002,338.059998,332.519989,334.149994,-1.22
24/09/2012,332.279999,335.059998,323.179993,323.179993,-3.28
01/10/2012,322.190002,332.899994,321.829987,332.529999,2.89
08/10/2012,330.390015,330.700012,325.350006,327.950012,-1.38
15/10/2012,327.600006,335.839996,327.600006,334.170013,1.9
22/10/2012,334.089996,336.540009,325.339996,329.450012,-1.41
29/10/2012,328.540009,338.549988,326.940002,337.600006,2.47
05/11/2012,335.75,339.429993,328.619995,331.929993,-1.68
12/11/2012,332.049988,334.339996,319.75,319.839996,-3.64
19/11/2012,321.630005,331.5,320.829987,331.5,3.65
26/11/2012,329.619995,339.459991,329.619995,336.549988,1.52
03/12/2012,337.170013,343.630005,336.630005,342.609985,1.8
10/12/2012,341.369995,345.350006,340.480011,344.390015,0.52
17/12/2012,343.839996,346.859985,342.369995,344.119995,-0.08
24/12/2012,344.01001,346.070007,341.670013,342,-0.62
31/12/2012,340.309998,351.799988,339.5,351.730011,2.85
07/01/2013,351.75,352.329987,348.839996,350.130005,-0.45
14/01/2013,351.709991,352.609985,346.049988,350.890015,0.22
21/01/2013,351.839996,356.209991,351.339996,355.73999,1.38
28/01/2013,356.450012,358.920013,354,355.549988,-0.05
04/02/2013,356.029999,356.230011,343.660004,345.130005,-2.93
11/02/2013,345.970001,347.299988,343.339996,343.450012,-0.49
18/02/2013,343.220001,348.140015,335.529999,339.869995,-1.04
25/02/2013,341.01001,343.940002,332.98999,339.730011,-0.04
04/03/2013,337.910004,352.940002,337.51001,352.429993,3.74
11/03/2013,351.429993,356.160004,350.76001,353.579987,0.33
18/03/2013,348.570007,355.329987,348.570007,350.73999,-0.8
25/03/2013,354.040009,354.709991,344.809998,348.100006,-0.75
01/04/2013,347.779999,353.01001,337.940002,340.709991,-2.12
08/04/2013,341.529999,351.970001,340.049988,348.649994,2.33
15/04/2013,348.529999,349.5,339.23999,341.679993,-2
22/04/2013,342.630005,355.01001,338.690002,351.5,2.87
29/04/2013,351.899994,358.660004,350.339996,357.609985,1.74
06/05/2013,357.609985,362.359985,356.070007,361.170013,1
13/05/2013,361,368.720001,360.429993,368.079987,1.91
20/05/2013,369.049988,372.670013,362.570007,364.630005,-0.94
27/05/2013,365.679993,373.309998,362.559998,363.380005,-0.34
03/06/2013,361.269989,364.920013,347.23999,352.690002,-2.94
10/06/2013,352.450012,353.859985,341.970001,347.980011,-1.34
17/06/2013,349.640015,353.23999,337.640015,337.640015,-2.97
24/06/2013,337.220001,346.890015,330.980011,344.589996,2.06
01/07/2013,345.910004,357.549988,342.799988,352.529999,2.3
08/07/2013,355.309998,367.01001,354.869995,364.950012,3.52
15/07/2013,365.959991,369.929993,362.5,369.76001,1.32
22/07/2013,370.640015,373.130005,367.26001,368.309998,-0.39
29/07/2013,369.48999,374.119995,366.899994,371.339996,0.82
05/08/2013,371.910004,375.75,368.850006,375.399994,1.09
12/08/2013,376.230011,380.179993,372.51001,374.75,-0.17
19/08/2013,374.880005,375.529999,366.769989,374.670013,-0.02
26/08/2013,375.109985,375.109985,362.329987,362.929993,-3.13
02/09/2013,366.309998,372.799988,365.160004,371.040009,2.23
09/09/2013,371.48999,377.579987,369.019989,376.839996,1.56
16/09/2013,380.709991,385.899994,378.540009,382.070007,1.39
23/09/2013,381.450012,383.190002,374.049988,375.769989,-1.65
30/09/2013,372.910004,377.630005,372.440002,376.029999,0.07
07/10/2013,374.589996,376.559998,366.059998,376.109985,0.02
14/10/2013,375.149994,385.730011,374.309998,385.730011,2.56
21/10/2013,387.720001,391.410004,387.190002,389.190002,0.9
28/10/2013,389.950012,393.040009,387.980011,391.200012,0.52
04/11/2013,391.920013,398.309998,389.540009,394.070007,0.73
11/11/2013,395.130005,396.26001,388.429993,395.339996,0.32
18/11/2013,394.899994,398.040009,393.649994,395.799988,0.12
25/11/2013,397.660004,398.589996,394.109985,396.549988,0.19
02/12/2013,396.619995,397.859985,383.700012,387.01001,-2.41
09/12/2013,388.26001,389.679993,376.450012,376.859985,-2.62
16/12/2013,375.980011,391.920013,375.899994,391.559998,3.9
23/12/2013,392.880005,400.98999,392.809998,400.98999,2.41
30/12/2013,401.529999,404.429993,399.079987,401.970001,0.24
06/01/2014,401.709991,405.950012,399.230011,403.950012,0.49
13/01/2014,404.940002,408.929993,400.459991,408.26001,1.07
20/01/2014,407.179993,408.809998,393.540009,393.850006,-3.53
27/01/2014,392.769989,396.51001,381.720001,386.850006,-1.78
03/02/2014,385.859985,391.109985,379.51001,389.540009,0.7
10/02/2014,390.799988,399.640015,388.799988,398.950012,2.42
17/02/2014,400.01001,402.459991,395.779999,400.359985,0.35
24/02/2014,399.570007,401.76001,394.839996,398.540009,-0.45
03/03/2014,392.140015,400.929993,386.660004,396.279999,-0.57
10/03/2014,395.48999,399.059998,379.799988,382.649994,-3.44
17/03/2014,383.429993,393.549988,382.730011,391.359985,2.28
24/03/2014,391.820007,401.950012,387.23999,401.790009,2.67
31/03/2014,403.790009,408.420013,402.779999,407.459991,1.41
07/04/2014,404.200012,406.220001,394.160004,395.640015,-2.9
14/04/2014,393.929993,396.910004,391.290009,396.76001,0.28
21/04/2014,396.130005,399.410004,391.829987,392.850006,-0.99
28/04/2014,393.48999,401.350006,392.190002,399.230011,1.62
05/05/2014,396.869995,403.170013,392.720001,401.929993,0.68
12/05/2014,402.399994,405.399994,397.709991,399.559998,-0.59
19/05/2014,399.369995,405.589996,397.940002,405.140015,1.4
26/05/2014,406.100006,408.339996,404.609985,407.209991,0.51
02/06/2014,408.600006,413.48999,406.5,413.26001,1.49
09/06/2014,413.809998,415.910004,412.25,414.049988,0.19
16/06/2014,413.179993,419.570007,412.23999,417.899994,0.93
23/06/2014,418.299988,418.299988,408.600006,410.859985,-1.68
30/06/2014,411.350006,419.940002,411.149994,418.700012,1.91
07/07/2014,418.299988,418.470001,402.149994,403.609985,-3.6
14/07/2014,404.160004,408.779999,401.559998,404.399994,0.2
21/07/2014,404.480011,410.299988,401.899994,404.839996,0.11
28/07/2014,405.820007,410.399994,397.25,398.559998,-1.55
04/08/2014,400.480011,400.480011,388.140015,390.25,-2.09
11/08/2014,393.390015,400.529999,392.839996,395.350006,1.31
18/08/2014,398.529999,406.410004,398.529999,404.480011,2.31
25/08/2014,407.25,413.600006,406.350006,413.130005,2.14
01/09/2014,413.399994,422.769989,413.130005,421.109985,1.93
08/09/2014,421.290009,421.290009,416.170013,417.799988,-0.79
15/09/2014,416.709991,425.73999,415.709991,425.73999,1.9
22/09/2014,422.929993,423.519989,415.220001,418.48999,-1.7
29/09/2014,418.630005,421.950012,406.220001,411.190002,-1.74
06/10/2014,413.26001,414.399994,394.279999,395.679993,-3.77
13/10/2014,391.959991,396.51001,366.839996,387.059998,-2.18
20/10/2014,386.309998,397.390015,380.859985,396.119995,2.34
27/10/2014,400.209991,411.809998,392.690002,411.320007,3.84
03/11/2014,411.279999,415.73999,403.149994,411.429993,0.03
10/11/2014,410.769989,417.410004,408.869995,411.970001,0.13
17/11/2014,408.829987,424.730011,408.609985,423.459991,2.79
24/11/2014,423.609985,426.98999,421.660004,425.859985,0.57
01/12/2014,422.820007,432.220001,421.609985,431.059998,1.22
08/12/2014,429.649994,430.619995,405.630005,406.170013,-5.77
15/12/2014,405.209991,421.350006,389.309998,418.369995,3
22/12/2014,419.76001,427.440002,419.76001,425.570007,1.72
29/12/2014,427.390015,428.320007,420.350006,422.279999,-0.77
05/01/2015,420.059998,424.579987,406.299988,415.589996,-1.58
12/01/2015,417.049988,433.619995,411.459991,432.980011,4.18
19/01/2015,433.839996,457.100006,432.029999,454.559998,4.98
26/01/2015,452.619995,459.440002,447.829987,450.390015,-0.92
02/02/2015,450.600006,457.660004,446.440002,454.690002,0.95
09/02/2015,451.100006,466.059998,447.23999,464.899994,2.25
16/02/2015,465.140015,470.450012,457.869995,469.850006,1.06
23/02/2015,474.119995,483.929993,472.5,483.929993,3
02/03/2015,484.359985,492.359985,478.799988,489.839996,1.22
09/03/2015,487.399994,494.570007,482.130005,492.480011,0.54
16/03/2015,493.950012,500.660004,492.309998,499.119995,1.35
23/03/2015,499.559998,500.440002,480.959991,485.730011,-2.68
30/03/2015,489.529999,496.269989,485.829987,492.380005,1.37
06/04/2015,496.049988,507.190002,495.859985,507.170013,3
13/04/2015,507.5,510.369995,493.279999,495.029999,-2.39
20/04/2015,497.279999,508.730011,496.970001,504.01001,1.81
27/04/2015,504.450012,510.549988,484.799988,487.850006,-3.21
04/05/2015,488.23999,495.160004,469.820007,490.790009,0.6
11/05/2015,491.399994,495.440002,481.059998,490.959991,0.03
18/05/2015,491.130005,503.209991,484.23999,501.890015,2.23
25/05/2015,502.690002,504.799988,493.48999,493.559998,-1.66
01/06/2015,496.880005,498.829987,477.140015,479.380005,-2.87
08/06/2015,479.420013,489.320007,468.589996,477.76001,-0.34
15/06/2015,472.940002,479.76001,464.600006,475.429993,-0.49
22/06/2015,485.170013,497.290009,484.350006,494.470001,4
29/06/2015,474.5,486.329987,471.320007,474.140015,-4.11
06/07/2015,465.179993,482.75,454.859985,481.390015,1.53
13/07/2015,487.029999,503.609985,485.579987,500.429993,3.96
20/07/2015,502.570007,506.049988,489.26001,490.040009,-2.08
27/07/2015,488.220001,496.640015,480.809998,495.230011,1.06
03/08/2015,495.399994,504,495.399994,496.609985,0.28
10/08/2015,499.23999,500.119995,471.850006,473.890015,-4.58
17/08/2015,477.420013,480.850006,442.869995,442.869995,-6.55
24/08/2015,427.220001,446.059998,401.869995,445.959991,0.7
31/08/2015,442.390015,447.980011,429.679993,432.940002,-2.92
07/09/2015,437.170013,451.410004,429.679993,430.230011,-0.63
14/09/2015,430.790009,441.570007,422.890015,427.320007,-0.68
21/09/2015,426.679993,435.130005,406.640015,422.799988,-1.06
28/09/2015,421.220001,428.970001,405.01001,422.579987,-0.05
05/10/2015,430.48999,446.820007,428.980011,441.649994,4.51
12/10/2015,442.570007,448.339996,431.230011,447.859985,1.41
19/10/2015,447.380005,468.640015,444.839996,465.049988,3.84
26/10/2015,463.48999,466.149994,458.269989,462.119995,-0.63
02/11/2015,457.839996,473.029999,457.839996,469.829987,1.67
09/11/2015,470.899994,472.070007,449.609985,453.549988,-3.47
16/11/2015,448.359985,472.540009,448.359985,468.690002,3.34
23/11/2015,467.959991,474.869995,455.320007,472.170013,0.74
30/11/2015,470.920013,473.230011,443.700012,446.929993,-5.35
07/12/2015,450.380005,454.220001,426.600006,429.100006,-3.99
14/12/2015,430.920013,444.670013,419.790009,434.149994,1.18
21/12/2015,433.220001,445.179993,425.549988,444.119995,2.3
28/12/2015,445.049988,448.850006,439.329987,441.820007,-0.52
04/01/2016,436.970001,436.970001,410.820007,410.820007,-7.02
11/01/2016,410.709991,425.910004,399.880005,403.570007,-1.76
18/01/2016,402.309998,422.179993,392.440002,419.279999,3.89
25/01/2016,422.559998,431.279999,410.01001,431.279999,2.86
01/02/2016,433.850006,433.850006,411.320007,413.940002,-4.02
08/02/2016,415.829987,416.470001,378.529999,391.859985,-5.33
15/02/2016,400.869995,419,399.440002,411.959991,5.13
22/02/2016,416.529999,425.809998,405.600006,422.660004,2.6
29/02/2016,419.390015,440.73999,418.059998,437.98999,3.63
07/03/2016,437.019989,449.619995,429.880005,441.75,0.86
14/03/2016,444.519989,447.350006,435.730011,444.790009,0.69
21/03/2016,441.769989,446.980011,435.850006,437.48999,-1.64
28/03/2016,439.880005,448.820007,428.51001,434.480011,-0.69
04/04/2016,433.190002,439.950012,426.75,434.160004,-0.07
11/04/2016,433.73999,452.230011,430.820007,450.589996,3.78
18/04/2016,444.769989,458.019989,444.119995,451.540009,0.21
25/04/2016,450.76001,451.23999,439.269989,439.679993,-2.63
02/05/2016,441.029999,441.600006,425.779999,431.320007,-1.9
09/05/2016,434.190002,440.049988,426.950012,433.519989,0.51
16/05/2016,429.769989,438.329987,427.200012,434.359985,0.19
23/05/2016,434.170013,450.940002,430.470001,450.940002,3.82
30/05/2016,451.720001,453.070007,443.130005,445.309998,-1.25
06/06/2016,445.179993,452.179993,435.630005,435.769989,-2.14
13/06/2016,430.859985,432.299988,414.51001,421.769989,-3.21
20/06/2016,432.200012,453.299988,409.230011,424.200012,0.58
27/06/2016,419.209991,440.299988,410.209991,438.850006,3.45
04/07/2016,440.230011,440.429993,419.450012,433.769989,-1.16
11/07/2016,437.959991,451.079987,435.079987,447.51001,3.17
18/07/2016,447.690002,454.48999,444.320007,453.350006,1.3
25/07/2016,453.559998,456.779999,446.779999,449.829987,-0.78
01/08/2016,451.450012,451.670013,437.850006,448.119995,-0.38
08/08/2016,448.709991,456.290009,447.959991,454.089996,1.33
15/08/2016,454.880005,456.440002,446.350006,448.720001,-1.18
22/08/2016,448.040009,454.170013,446.119995,453.01001,0.96
29/08/2016,451.290009,464.470001,448.549988,463.600006,2.34
05/09/2016,465.209991,466.170013,451.540009,452.880005,-2.31
12/09/2016,445.829987,450.140015,437.619995,439.070007,-3.05
19/09/2016,442.640015,457.880005,442.309998,454.480011,3.51
26/09/2016,451.51001,456.75,442.709991,452.329987,-0.47
03/10/2016,452.549988,460.079987,449.950012,450.059998,-0.5
10/10/2016,450.709991,456.940002,442.720001,450.5,0.1
17/10/2016,448.850006,458.609985,446.899994,457.399994,1.53
24/10/2016,459.630005,463.029999,449.209991,455.380005,-0.44
31/10/2016,453.25,457.540009,438.190002,440.51001,-3.27
07/11/2016,445.98999,459.570007,436.279999,445.410004,1.11
14/11/2016,449.570007,453.779999,445.790009,450.679993,1.18
21/11/2016,452.670013,459.059998,448.420013,457.98999,1.62
28/11/2016,455.899994,458.910004,445.649994,449.600006,-1.83
05/12/2016,447.589996,470.450012,447.429993,469.769989,4.49
12/12/2016,470.839996,479.730011,469.070007,477.700012,1.69
19/12/2016,477.76001,484.209991,477.76001,482.859985,1.08
26/12/2016,483.119995,484.200012,480.540009,483.170013,0.06
02/01/2017,481.160004,489.910004,481.01001,487,0.79
09/01/2017,487.75,488.859985,482.410004,488.089996,0.22
16/01/2017,485.220001,487.959991,480.529999,485.980011,-0.43
23/01/2017,483.890015,489.079987,481.299988,485.869995,-0.02
30/01/2017,484.420013,487.26001,476.709991,485.920013,0.01
06/02/2017,486.579987,490.859985,480.230011,489.559998,0.75
13/02/2017,491.309998,499.079987,489.799988,499.079987,1.94
20/02/2017,496.670013,500.940002,491.190002,494.899994,-0.84
27/02/2017,496.600006,506.040009,491.869995,505.859985,2.21
06/03/2017,503.809998,514.039978,501,511.140015,1.04
13/03/2017,511.619995,516.900024,508.670013,516.23999,1
20/03/2017,514.76001,518.880005,506.390015,511.529999,-0.91
27/03/2017,506.649994,516.539978,506.230011,516.539978,0.98
03/04/2017,517.52002,518.700012,510.859985,518.700012,0.42
10/04/2017,519.51001,521.47998,514.710022,515.77002,-0.56
17/04/2017,515.549988,516.090027,509.399994,512.190002,-0.69
24/04/2017,522.210022,526.25,520.080017,521.130005,1.75
01/05/2017,522.400024,533.27002,521.789978,533.27002,2.33
08/05/2017,534.080017,537.840027,531.789978,534.710022,0.27
15/05/2017,535.349976,536.340027,519.47998,526.919983,-1.46
22/05/2017,528.48999,529.450012,525,528.030029,0.21
29/05/2017,526.98999,531.609985,523.460022,526.73999,-0.24
05/06/2017,526.429993,527.820007,520.590027,527.299988,0.11
12/06/2017,525.210022,528.059998,515.840027,520.669983,-1.26
19/06/2017,524.650024,528.539978,515.330017,519.5,-0.22
26/06/2017,521.76001,524.169983,506.910004,507.149994,-2.38
03/07/2017,509.540009,513.77002,506.269989,509.920013,0.55
10/07/2017,512.200012,521.26001,510.350006,521.070007,2.19
17/07/2017,522.799988,529.830017,517.330017,522.219971,0.22
24/07/2017,522.599976,530.659973,519.320007,525.530029,0.63
31/07/2017,525.590027,529.890015,521.840027,529.090027,0.68
07/08/2017,530.059998,533.179993,516.109985,516.969971,-2.29
14/08/2017,519.929993,526.809998,517.299988,519.640015,0.52
21/08/2017,518.070007,522.719971,515.460022,517.419983,-0.43
28/08/2017,515.130005,519.02002,505.920013,518.179993,0.15
04/09/2017,515.01001,520.039978,512.820007,518.820007,0.12
11/09/2017,521.599976,530.130005,521.599976,526.780029,1.53
18/09/2017,529.109985,530.75,526.849976,528.030029,0.24
25/09/2017,527.169983,537.059998,526.890015,537.059998,1.71
02/10/2017,538.570007,542.880005,537.789978,539.900024,0.53
09/10/2017,540.700012,547.150024,539.72998,546.210022,1.17
16/10/2017,547.429993,549.450012,541.659973,544.630005,-0.29
23/10/2017,545.299988,551.289978,540.369995,549.440002,0.88
30/10/2017,549.159973,557.349976,548.5,555.150024,1.04
06/11/2017,554.5,557.429993,547.22998,547.320007,-1.41
13/11/2017,548.349976,548.77002,534.619995,536.619995,-1.95
20/11/2017,535.630005,544.429993,535.52002,540.630005,0.75
27/11/2017,539.840027,546.599976,535.289978,535.570007,-0.94
04/12/2017,541.98999,548.900024,538.299988,547.219971,2.18
11/12/2017,548.809998,552.869995,545.650024,548.669983,0.26
18/12/2017,551.570007,555.119995,544.080017,548.47998,-0.03
25/12/2017,548.51001,549.859985,544.039978,544.580017,-0.71
01/01/2018,545.23999,558.159973,540.340027,558.159973,2.49
08/01/2018,559.820007,563.309998,557.830017,561.099976,0.53
15/01/2018,561.5,570.27002,559.859985,569.299988,1.46
22/01/2018,569.080017,572.809998,563.349976,566.789978,-0.44
29/01/2018,567.580017,567.580017,549.950012,550.080017,-2.95
05/02/2018,544.070007,545.159973,515.960022,518.330017,-5.77
12/02/2018,524.299988,533,518.049988,532.27002,2.69
19/02/2018,533.789978,534.580017,527.849976,534.090027,0.34
26/02/2018,536.880005,540.650024,517.27002,518.719971,-2.88
05/03/2018,517.789978,537.909973,517.789978,537.140015,3.55
12/03/2018,539.72998,539.75,529.890015,536.919983,-0.04
19/03/2018,536.289978,536.76001,517.880005,521.450012,-2.88
26/03/2018,522.679993,532.219971,516.580017,529.52002,1.55
02/04/2018,525.320007,541.140015,521.679993,539.289978,1.85
09/04/2018,540.390015,549.070007,537.530029,548.049988,1.62
16/04/2018,548.429993,553.830017,545.960022,550.380005,0.43
23/04/2018,550.169983,556.51001,548.789978,554.940002,0.83
30/04/2018,554.22998,557.690002,550.419983,555.700012,0.14
07/05/2018,555.22998,563.119995,554.98999,562.27002,1.18
14/05/2018,562.109985,570.219971,561.52002,567.030029,0.85
21/05/2018,568.22998,572.900024,559.960022,562.77002,-0.75
28/05/2018,564.840027,565.340027,550.380005,559.179993,-0.64
04/06/2018,562.210022,565.950012,555.77002,560.030029,0.15
11/06/2018,562.289978,569.159973,557.390015,561.710022,0.3
18/06/2018,560.27002,561.429993,551.159973,560.340027,-0.24
25/06/2018,556.72998,558.200012,543.869995,551.679993,-1.55
02/07/2018,545.460022,556.210022,544.090027,553.619995,0.35
09/07/2018,557,561.570007,552.440002,560.119995,1.17
16/07/2018,560.859985,573.01001,556.02002,572.200012,2.16
23/07/2018,570.609985,576.900024,568.559998,576.23999,0.71
30/07/2018,572.650024,575.679993,567.869995,572.289978,-0.69
06/08/2018,572.52002,575.450012,560.789978,562.97998,-1.63
13/08/2018,561.22998,565.01001,549.72998,552.950012,-1.78
20/08/2018,554.559998,561.630005,554.150024,560.289978,1.33
27/08/2018,562,565.580017,557.929993,558.419983,-0.33
03/09/2018,558.5,561.609985,533.909973,538.51001,-3.57
10/09/2018,537.669983,543.359985,536.23999,540.530029,0.38
17/09/2018,539.98999,550.97998,538.890015,549.789978,1.71
24/09/2018,548.590027,554.340027,546.52002,549.619995,-0.03
01/10/2018,550.080017,554.049988,538.960022,539.51001,-1.84
08/10/2018,538.090027,538.559998,516.099976,516.289978,-4.3
15/10/2018,516.280029,533.429993,512.669983,525.169983,1.72
22/10/2018,526.950012,527.48999,500.450012,507.519989,-3.36
29/10/2018,507.970001,528.450012,505.5,521.799988,2.81
05/11/2018,522.23999,531.609985,520.130005,529.549988,1.49
12/11/2018,533.450012,534.210022,519.969971,522.429993,-1.34
19/11/2018,524.23999,526.320007,506.899994,513.849976,-1.64
26/11/2018,518.059998,523.859985,516.090027,519.369995,1.07
03/12/2018,529.73999,530.030029,496.640015,503.980011,-2.96
10/12/2018,500.75,511.839996,493.570007,506.529999,0.51
17/12/2018,504.890015,504.890015,477.75,484.809998,-4.29
24/12/2018,480.25,486.269989,472.190002,484.170013,-0.13
31/12/2018,486.410004,493.390015,477.049988,492.01001,1.62
07/01/2019,494.230011,501.179993,488.980011,498.649994,1.35
14/01/2019,495.320007,510.630005,493.690002,509.700012,2.22
21/01/2019,508.839996,515.539978,502.869995,515.099976,1.06
28/01/2019,512.669983,523.23999,509.320007,523.23999,1.58
04/02/2019,523.590027,538.599976,523.109985,527.98999,0.91
11/02/2019,531.080017,541.27002,530.150024,539.619995,2.2
18/02/2019,539.619995,543.030029,535.830017,541.369995,0.32
25/02/2019,543.400024,544.880005,536.919983,538.590027,-0.51
04/03/2019,540.710022,542.830017,529.719971,530.549988,-1.49
11/03/2019,533.109985,552.530029,531.840027,552.179993,4.08
18/03/2019,551.859985,555.549988,543.099976,543.900024,-1.5
25/03/2019,540.549988,549.01001,538.700012,548.97998,0.93
01/04/2019,552.890015,563.369995,552.01001,562.580017,2.48
08/04/2019,562.01001,564.330017,558.880005,561.609985,-0.17
15/04/2019,562.390015,571.909973,561.280029,569.609985,1.42
22/04/2019,568.830017,570.929993,564.659973,567.179993,-0.43
29/04/2019,567.590027,571.599976,565.320007,568.719971,0.27
06/05/2019,560.909973,566.380005,548.409973,550.869995,-3.14
13/05/2019,551.210022,559.150024,543.580017,557.909973,1.28
20/05/2019,556.76001,558.690002,542.97998,547.210022,-1.92
27/05/2019,549.789978,551.409973,537.47998,540.48999,-1.23
03/06/2019,535.900024,552.52002,534.48999,550.23999,1.8
10/06/2019,552.450012,559.400024,550.23999,553.23999,0.55
17/06/2019,554.049988,566.669983,548.280029,562.390015,1.65
24/06/2019,562.02002,564.609985,554.380005,561.76001,-0.11
01/07/2019,569.219971,574.359985,567.390015,570.460022,1.55
08/07/2019,569.400024,571.609985,564.549988,567.409973,-0.53
15/07/2019,568.289978,575.969971,565.929993,571.840027,0.78
22/07/2019,572.900024,586.320007,572.109985,580.080017,1.44
29/07/2019,578.119995,582.539978,553.039978,554.320007,-4.44
05/08/2019,547.570007,548.880005,534.869995,542.219971,-2.18
12/08/2019,545.369995,549.559998,528.679993,541.940002,-0.05
19/08/2019,546.320007,551.090027,542.090027,542.090027,0.03
26/08/2019,539.580017,559.5,538.73999,558.349976,3
02/09/2019,559.25,570.390015,556.47998,569.840027,2.06
09/09/2019,570.590027,577.969971,566.179993,576.830017,1.23
16/09/2019,575.030029,580.52002,572.429993,577.440002,0.11
23/09/2019,575.960022,580.039978,567.330017,578.309998,0.15
30/09/2019,577.119995,584.289978,553.849976,564.590027,-2.37
07/10/2019,564.179993,577.419983,559.73999,577.419983,2.27
14/10/2019,575.840027,581.590027,571.630005,572.719971,-0.81
21/10/2019,573.419983,583.809998,572.880005,583.809998,1.94
28/10/2019,582.960022,585.25,575.559998,580.780029,-0.52
04/11/2019,583.049988,597.710022,582.599976,596.5,2.71
11/11/2019,595.460022,600.349976,594.76001,598.960022,0.41
18/11/2019,599.619995,602.369995,587.469971,592.710022,-1.04
25/11/2019,594.929993,600.679993,594.549988,597.289978,0.77
02/12/2019,598.169983,603.030029,581.02002,602.299988,0.84
09/12/2019,602.400024,607.580017,593.77002,602.859985,0.09
16/12/2019,605.890015,612.400024,604.140015,609.26001,1.06
23/12/2019,608.070007,612.48999,607.200012,611.01001,0.29
30/12/2019,609.77002,613.950012,603.599976,611.059998,0.01
06/01/2020,605.950012,615.73999,601.820007,610.429993,-0.1
13/01/2020,610.47998,616.460022,605.070007,615.570007,0.84
20/01/2020,615.070007,615.919983,605.409973,614.23999,-0.22
27/01/2020,605.909973,607.400024,589.440002,589.5,-4.03
03/02/2020,591.429993,619.210022,589.400024,616.460022,4.57
10/02/2020,615.030029,630.549988,614.059998,629.22998,2.07
17/02/2020,630.559998,632.119995,613.200012,617.330017,-1.89
24/02/2020,601.820007,602.98999,531.179993,539.380005,-12.63
02/03/2020,550.950012,562.26001,528.48999,531.289978,-1.5
09/03/2020,506.950012,513.22998,425.220001,432.850006,-18.53
16/03/2020,409.049988,449.079987,389.600006,431.980011,-0.2
23/03/2020,411.790009,482.98999,410.079987,464.929993,7.63
30/03/2020,465.75,486.040009,455.029999,471.459991,1.4
06/04/2020,486.26001,511.929993,482.690002,508.040009,7.76
