Date,Open,High,Low,Close,% Change NK
21/03/2005,11867.33984,11889.12988,11681.16016,11761.09961,-1.00
28/03/2005,11709.79004,11816.71973,11506.84961,11723.62988,-0.32
04/04/2005,11666.30957,11911.90039,11652.66016,11874.75,1.29
11/04/2005,11847.91992,11847.91992,11343.73047,11370.69043,-4.24
18/04/2005,11223.65039,11223.65039,10770.58008,11045.9502,-2.86
25/04/2005,11064.9502,11114.4502,10892.70996,11008.90039,-0.34
02/05/2005,10954.20996,11192.16992,10913.96973,11192.16992,1.66
09/05/2005,11199.09961,11211.36035,11017.79004,11049.11035,-1.28
16/05/2005,11045.29004,11110.4502,10788.58984,11037.29004,-0.11
23/05/2005,11073.00977,11199.23047,10978.84961,11192.33008,1.40
30/05/2005,11201.32031,11374.69043,11197.79004,11300.04981,0.96
06/06/2005,11232.65039,11331.37012,11148.36035,11304.23047,0.04
13/06/2005,11308.65039,11514.03027,11299.78027,11514.03027,1.86
20/06/2005,11539.17969,11576.75,11445.42969,11537.03027,0.20
27/06/2005,11445.63965,11663.66016,11378.99023,11630.12988,0.81
04/07/2005,11664.21973,11676.2002,11563.83984,11565.99023,-0.55
11/07/2005,11676.96973,11828.30957,11659.65039,11758.67969,1.67
18/07/2005,11761.61035,11867.23047,11650.37012,11695.04981,-0.54
25/07/2005,11721.7002,11913.5,11718.66016,11899.59961,1.75
01/08/2005,11907.41992,12009.55957,11724.61035,11766.48047,-1.12
08/08/2005,11670.70996,12324.42969,11614.70996,12261.67969,4.21
15/08/2005,12254.53027,12369.74023,12219.51953,12291.73047,0.25
22/08/2005,12330.7002,12612.16016,12330.7002,12439.48047,1.20
29/08/2005,12386.75977,12600,12274.80957,12600,1.29
05/09/2005,12616.29981,12730.20996,12498.40039,12692.04004,0.73
12/09/2005,12841.01953,12992.99023,12806.70996,12958.67969,2.10
19/09/2005,12991.62988,13235.41992,12991.62988,13159.36035,1.55
26/09/2005,13229.26953,13678.44043,13229.26953,13574.29981,3.15
03/10/2005,13566.2002,13783.59961,13221.33008,13227.74023,-2.55
10/10/2005,13280.33008,13704.08984,13241.83984,13420.54004,1.46
17/10/2005,13486.17969,13510.62988,12996.29004,13199.9502,-1.64
24/10/2005,13232.41016,13501.24023,13083.04004,13346.54004,1.11
31/10/2005,13459.99023,14099.49023,13456.07031,14075.95996,5.47
07/11/2005,14084.11035,14206.13965,13951.40039,14155.05957,0.56
14/11/2005,14218.71973,14633.34961,14015.62012,14623.12012,3.31
21/11/2005,14719.28027,14866.99023,14590.55957,14784.29004,1.10
28/11/2005,14847.58008,15421.59961,14821.75,15421.59961,4.31
05/12/2005,15413.51953,15572.71973,15117.15039,15404.04981,-0.11
12/12/2005,15549.65039,15885.51953,15095.55957,15173.07031,-1.50
19/12/2005,15252.15039,16010.16992,15196,15941.37012,5.06
26/12/2005,16027.66016,16445.56055,15911.23047,16111.42969,1.07
02/01/2006,16294.65039,16479.55078,16250.75977,16428.21094,1.97
09/01/2006,16487.05078,16490.26953,16005.24023,16454.94922,0.16
16/01/2006,16360.04004,16387.63086,15059.51953,15696.69043,-4.61
23/01/2006,15497.61035,16460.67969,15312.70996,16460.67969,4.87
30/01/2006,16615.91016,16754.59961,16480.08984,16659.64063,1.21
06/02/2006,16736.23047,16777.36914,16090.92969,16257.83008,-2.41
13/02/2006,16191.92969,16312.74023,15691.86035,15713.4502,-3.35
20/02/2006,15620.58008,16118.11035,15389.58008,16101.91016,2.47
27/02/2006,16156.15039,16290.15039,15658.63965,15663.33984,-2.72
06/03/2006,15668.62988,16264.88965,15553.13965,16115.62988,2.89
13/03/2006,16264.58984,16410.28906,16032.54981,16339.73047,1.39
20/03/2006,16299.34961,16667.13086,16299.34961,16560.86914,1.35
27/03/2006,16599.91992,17125.64063,16463.94922,17059.66016,3.01
03/04/2006,17127.60938,17563.36914,17105.5,17563.36914,2.95
10/04/2006,17455.0293,17489.60938,17068.96094,17233.82031,-1.88
17/04/2006,17233.73047,17479.73047,16945.30078,17403.96094,0.99
24/04/2006,17245.61914,17245.61914,16750.5,16906.23047,-2.86
01/05/2006,16929.83008,17188.53906,16868.68945,17153.76953,1.46
08/05/2006,17334.18945,17375.25,16422.49023,16601.7793,-3.22
15/05/2006,16395.88086,16596.48047,15914.38965,16155.4502,-2.69
22/05/2006,16254.55957,16268.50977,15508.50977,15970.75977,-1.14
29/05/2006,16111.54004,16111.54004,15266.96973,15789.30957,-1.14
05/06/2006,15719.30957,15784.9502,14389.30957,14750.83984,-6.58
12/06/2006,14685.45996,14976.66992,14045.53027,14879.33984,0.87
19/06/2006,14815.86035,15138.46973,14482.95996,15124.04004,1.64
26/06/2006,15080.23047,15521.21973,14824.79981,15505.17969,2.52
03/07/2006,15573.34961,15710.38965,15276.15039,15307.61035,-1.27
10/07/2006,15149.91016,15555.42969,14815.90039,14845.24023,-3.02
17/07/2006,14714.17969,14962.12988,14437.24023,14821.25977,-0.16
24/07/2006,14700.58008,15351.79004,14560.66992,15342.87012,3.52
31/07/2006,15462.38965,15580.91016,15287.80957,15499.17969,1.02
07/08/2006,15494.46973,15690.86035,15154.05957,15565.01953,0.42
14/08/2006,15550.95996,16204.59961,15549.66992,16105.98047,3.48
21/08/2006,16104.5,16244.83984,15874.62988,15938.66016,-1.04
28/08/2006,15953.08008,16207.41016,15745.00977,16134.25,1.23
04/09/2006,16280.17969,16414.93945,15831.75,16080.45996,-0.33
11/09/2006,16053.12988,16053.12988,15675.37012,15866.92969,-1.33
18/09/2006,15948.46973,16096.17969,15580.19043,15634.66992,-1.46
25/09/2006,15550.55957,16127.58008,15513.87012,16127.58008,3.15
02/10/2006,16169,16481.31055,16028.32031,16436.06055,1.91
09/10/2006,16325.48047,16620.15039,16325.48047,16536.53906,0.61
16/10/2006,16663.2207,16732.43945,16466.74023,16651.63086,0.70
23/10/2006,16641.32031,16901.5293,16598.5293,16669.07031,0.10
30/10/2006,16544.5,16549.71094,16209.13965,16350.01953,-1.91
06/11/2006,16278.78027,16512.50977,16094.49023,16112.42969,-1.45
13/11/2006,16016.41992,16373.48047,15913.86035,16091.73047,-0.13
20/11/2006,16004.33984,16036.17969,15639.19043,15734.59961,-2.22
27/11/2006,15615.55957,16376.29981,15615.55957,16321.78027,3.73
04/12/2006,16263.98047,16550.73047,16185.91992,16417.82031,0.59
11/12/2006,16487.30078,16959.91016,16470.40039,16914.31055,3.02
18/12/2006,16962.65039,17109.16992,16754.21094,17104.96094,1.13
25/12/2006,17104.80078,17301.68945,17056.58984,17225.83008,0.71
01/01/2007,17322.5,17379.46094,17011.09961,17091.58984,-0.78
08/01/2007,17018.89063,17261.0293,16758.46094,17057.00977,-0.20
15/01/2007,17160.25,17408.61914,17002.66992,17310.43945,1.49
22/01/2007,17429.90039,17617.64063,17300.83984,17421.92969,0.64
29/01/2007,17393.18945,17633.60938,17275.83984,17547.10938,0.72
05/02/2007,17531.41016,17545.71094,17199.66016,17504.33008,-0.24
12/02/2007,17481.76953,17911.58008,17440.42969,17875.65039,2.12
19/02/2007,17835.13086,18239.13086,17810.05078,18188.41992,1.75
26/02/2007,18219.75,18300.39063,17160.42969,17217.92969,-5.34
05/03/2007,16992.43945,17246.21094,16532.91016,17164.03906,-0.31
12/03/2007,17312.14063,17325.44922,16628.84961,16744.15039,-2.45
19/03/2007,16713.99023,17534.76953,16713.99023,17480.60938,4.40
26/03/2007,17517.91992,17558.03906,17036.2207,17287.65039,-1.10
02/04/2007,17346.25,17576.50977,16999.05078,17484.7793,1.14
09/04/2007,17606.0293,17747.82031,17327.36914,17363.94922,-0.69
16/04/2007,17507.17969,17782.08008,17219.73047,17452.61914,0.51
23/04/2007,17589.60938,17656.55078,17221.55078,17400.41016,-0.30
30/04/2007,17396.30078,17441.09961,17203.0293,17394.91992,-0.03
07/05/2007,17564.16992,17827.48047,17455.2793,17553.7207,0.91
14/05/2007,17682.74023,17786.65039,17320.81055,17399.58008,-0.88
21/05/2007,17455.55078,17802.71094,17370.17969,17481.21094,0.47
28/05/2007,17544.98047,18017.73047,17484.30078,17958.88086,2.73
04/06/2007,18067.90039,18073.05078,17696.50977,17779.08984,-1.00
11/06/2007,17899.01953,18007.99023,17591.92969,17971.49023,1.08
18/06/2007,18127.41016,18297,18092.35938,18188.63086,1.21
25/06/2007,18107.67969,18203.56055,17848.05078,18138.35938,-0.28
02/07/2007,18139.03906,18295.26953,18062.49023,18140.93945,0.01
09/07/2007,18226.07031,18282.15039,17919.16992,18238.94922,0.54
16/07/2007,18269.35938,18269.35938,17964.2793,18157.92969,-0.44
23/07/2007,17995.71094,18018.93945,17196.16016,17283.81055,-4.81
30/07/2007,17138.5293,17318.00977,16652.80078,16979.85938,-1.76
06/08/2007,16781.14063,17274.33008,16651.71094,16764.08984,-1.27
13/08/2007,16791.80078,16948.40039,15262.09961,15273.67969,-8.89
20/08/2007,15477.25977,16333.36035,15477.25977,16248.96973,6.39
27/08/2007,16429.00977,16569.08984,15830.28027,16569.08984,1.97
03/09/2007,16511.07031,16575.9707,15840.04981,16122.16016,-2.70
10/09/2007,15906.51953,16142.08008,15610.65039,16127.41992,0.03
17/09/2007,16037.49023,16491.44922,15780.90039,16312.61035,1.15
24/09/2007,16317.19043,16929.25977,16240.25977,16785.68945,2.90
01/10/2007,16773.09961,17205.41992,16685.80078,17065.03906,1.66
08/10/2007,17166.16992,17488.9707,17133.51953,17331.16992,1.56
15/10/2007,17399.66992,17430.08984,16711.57031,16814.36914,-2.98
22/10/2007,16563.57031,16578.58984,16199.01953,16505.63086,-1.84
29/10/2007,16613.30078,16887.03906,16484.53906,16517.48047,0.07
05/11/2007,16458.14063,16458.14063,15566.12012,15583.41992,-5.65
12/11/2007,15377.37012,15587.30957,14988.76953,15154.61035,-2.75
19/11/2007,15177.16992,15302.75977,14669.84961,14888.76953,-1.75
26/11/2007,14921.57031,15751.2002,14801.87012,15680.66992,5.32
03/12/2007,15747.46973,16107.65039,15365.38965,15956.37012,1.76
10/12/2007,16007.33008,16075.61035,15433.76953,15514.50977,-2.77
17/12/2007,15433.29981,15508.5,14998.00977,15257,-1.66
24/12/2007,15441.33008,15653.54004,15240.95996,15307.78027,0.33
31/12/2007,15155.73047,15156.66016,14542.58008,14691.41016,-4.03
07/01/2008,14549.37988,14667.84961,14096.54004,14110.79004,-3.95
14/01/2008,14134.91016,14224,13365.32031,13861.29004,-1.77
21/01/2008,13701.42969,13704.65039,12572.67969,13629.16016,-1.67
28/01/2008,13482.83984,13648.38965,13087.91016,13497.16016,-0.97
04/02/2008,13642.59961,13889.24023,12972.54981,13017.24023,-3.56
11/02/2008,12998.87012,13666.67969,12923.41992,13622.55957,4.65
18/02/2008,13627.30957,13853.20996,13310.37012,13500.45996,-0.90
25/02/2008,13612.30957,14105.46973,13533.25,13603.01953,0.76
03/03/2008,13412.87012,13413.62988,12744.51953,12782.79981,-6.03
10/03/2008,12716.83984,13071.21973,12167.08984,12241.59961,-4.23
17/03/2008,12089.03027,12496.41016,11691,12482.57031,1.97
24/03/2008,12473.05957,12874.4502,12438.2002,12820.46973,2.71
31/03/2008,12709.28027,13389.90039,12430.62988,13293.21973,3.69
07/04/2008,13240.55957,13485.90039,12898.49023,13323.73047,0.23
14/04/2008,13132.66992,13495.94043,12858.62988,13476.4502,1.15
21/04/2008,13639.84961,13886.37012,13449.04004,13863.46973,2.87
28/04/2008,13907.96973,14072.91992,13727.07031,14049.25977,1.34
05/05/2008,14147.57031,14208.66992,13639.99023,13655.33984,-2.80
12/05/2008,13565.91016,14392.53027,13540.67969,14219.48047,4.13
19/05/2008,14294.51953,14343.19043,13658.01953,14012.2002,-1.46
26/05/2008,13875.98047,14366.62988,13665.57031,14338.54004,2.33
02/06/2008,14342.95996,14601.26953,14127.75,14489.44043,1.05
09/06/2008,14275.33984,14308.88965,13810.37988,13973.73047,-3.56
16/06/2008,14118.23047,14469.99023,13903.20996,13942.08008,-0.23
23/06/2008,13769.44043,13950.55957,13453.34961,13544.36035,-2.85
30/06/2008,13584.50977,13598.48047,13118.88965,13237.88965,-2.26
07/07/2008,13212.79981,13409.29981,12918.21973,13039.69043,-1.50
14/07/2008,13022.29004,13185.90039,12671.33984,12803.7002,-1.81
21/07/2008,12944.55957,13603.30957,12921.01953,13334.75977,4.15
28/07/2008,13407.36035,13468.94043,13018.21973,13094.58984,-1.80
04/08/2008,13083.28027,13295.50977,12893.33984,13168.41016,0.56
11/08/2008,13259.45996,13468.80957,12926.98047,13019.41016,-1.13
18/08/2008,12971.49023,13270.37012,12631.94043,12666.04004,-2.71
25/08/2008,12797.54004,13079.37012,12656.08984,13072.87012,3.21
01/09/2008,12936.80957,12940.54981,12163.33008,12212.23047,-6.58
08/09/2008,12359.92969,12671.75977,12059.08984,12214.75977,0.02
15/09/2008,12028.4502,12028.4502,11301.45996,11920.86035,-2.41
22/09/2008,12037.88965,12263.9502,11788.73047,11893.16016,-0.23
29/09/2008,11883.25,12062.66992,10938.13965,10938.13965,-8.03
06/10/2008,10817.26953,10839.5,8115.410156,8276.429688,-24.33
13/10/2008,8407.94043,9601.299805,8407.94043,8693.820313,5.04
20/10/2008,8775.240234,9358.509766,7647.069824,7649.080078,-12.02
27/10/2008,7568.359863,9030.849609,6994.899902,8576.980469,12.13
03/11/2008,8702.769531,9521.240234,8266.089844,8583,0.07
10/11/2008,8711.990234,9106.290039,8148.299805,8462.389648,-1.41
17/11/2008,8366.879883,8767.980469,7406.180176,7910.790039,-6.52
24/11/2008,8026.060059,8518.129883,8025.689941,8512.269531,7.60
01/12/2008,8464.360352,8464.360352,7849.839844,7917.509766,-6.99
08/12/2008,7970.689941,8720.549805,7959.009766,8235.870117,4.02
15/12/2008,8349.849609,8743.219727,8349.849609,8588.519531,4.28
22/12/2008,8602.5,8751.179688,8476.69043,8739.519531,1.76
29/12/2008,8726.30957,8859.55957,8638.599609,8859.55957,1.37
05/01/2009,8991.209961,9325.349609,8773.200195,8836.799805,-0.26
12/01/2009,8732.629883,8732.929688,7997.72998,8230.150391,-6.87
19/01/2009,8318.259766,8351.679688,7745.25,7745.25,-5.89
26/01/2009,7714.259766,8305.379883,7671.040039,7994.049805,3.21
02/02/2009,7908.509766,8169.040039,7795.27002,8076.620117,1.03
09/02/2009,8178.069824,8257.709961,7685.680176,7779.399902,-3.68
16/02/2009,7732.680176,7804.240234,7382.330078,7416.379883,-4.67
23/02/2009,7314.299805,7599.810059,7155.160156,7568.419922,2.05
02/03/2009,7454.279785,7532.870117,7088.470215,7173.100098,-5.22
09/03/2009,7191.129883,7571.450195,7021.279785,7569.279785,5.52
16/03/2009,7630.200195,8054.350098,7630.200195,7945.959961,4.98
23/03/2009,7943.140137,8843.179688,7922.549805,8626.969727,8.57
30/03/2009,8621.849609,8884.629883,8084.620117,8749.839844,1.42
06/04/2009,8856.839844,9068.799805,8556.75,8964.110352,2.45
13/04/2009,8930.349609,9030,8681.030273,8907.580078,-0.63
20/04/2009,8899.589844,8933.799805,8612.759766,8707.990234,-2.24
27/04/2009,8783.339844,9017.320313,8493.769531,8977.370117,3.09
04/05/2009,9102.349609,9464.429688,9100.110352,9432.830078,5.07
11/05/2009,9460.719727,9503.910156,9052.410156,9265.019531,-1.78
18/05/2009,9167.049805,9399.400391,8997.740234,9225.80957,-0.42
25/05/2009,9245.950195,9522.5,9231.929688,9522.5,3.22
01/06/2009,9517.490234,9793.469727,9491.259766,9768.009766,2.58
08/06/2009,9829.280273,10170.82031,9755.80957,10135.82031,3.77
15/06/2009,10126.54981,10126.54981,9649.830078,9786.259766,-3.45
22/06/2009,9788.070313,9893,9511.450195,9877.389648,0.93
29/06/2009,9866.280273,10086.17969,9691.160156,9816.070313,-0.62
06/07/2009,9738.490234,9771.759766,9265.240234,9287.280273,-5.39
13/07/2009,9242.129883,9489.669922,9050.330078,9395.320313,1.16
20/07/2009,9512.519531,9950.040039,9508.919922,9944.549805,5.85
27/07/2009,10020.87012,10359.07031,10015.11035,10356.83008,4.15
03/08/2009,10355.23047,10479.19043,10249.04004,10412.08984,0.53
10/08/2009,10530.62012,10630.37988,10434.08984,10597.33008,1.78
17/08/2009,10521.01953,10521.01953,10142.21973,10238.2002,-3.39
24/08/2009,10389.57031,10668.74023,10388.78027,10534.13965,2.89
31/08/2009,10608.16016,10767,10143.25977,10187.11035,-3.29
07/09/2009,10288.55957,10522.23047,10249.11035,10444.33008,2.52
14/09/2009,10388.32031,10443.79981,10170.74023,10370.54004,-0.71
21/09/2009,10405.53027,10566.98047,10228.59961,10265.98047,-1.01
28/09/2009,10136.24023,10151.59961,9714.179688,9731.870117,-5.20
05/10/2009,9733.070313,10016.38965,9628.669922,10016.38965,2.92
12/10/2009,10066.84961,10290.30957,10016.24023,10257.55957,2.41
19/10/2009,10179.45996,10364.16992,10125.33008,10282.99023,0.25
26/10/2009,10271.83984,10397.69043,9850.120117,10034.74023,-2.41
02/11/2009,9903.769531,9904.610352,9691.69043,9789.349609,-2.45
09/11/2009,9777.639648,9979.459961,9719.379883,9770.30957,-0.19
16/11/2009,9784.139648,9847.639648,9423.660156,9497.679688,-2.79
23/11/2009,9511,9511,9076.410156,9081.519531,-4.38
30/11/2009,9189.169922,10022.58984,9162.179688,10022.58984,10.36
07/12/2009,10131.90039,10204.58008,9834.219727,10107.87012,0.85
14/12/2009,10126.61035,10260.12012,10009.59961,10142.04981,0.34
21/12/2009,10196.70996,10558.41016,10183.46973,10494.70996,3.48
28/12/2009,10521.80957,10707.50977,10513.54981,10546.44043,0.49
04/01/2010,10609.33984,10816.4502,10608.13965,10798.32031,2.39
11/01/2010,10770.34961,10982.09961,10729.86035,10982.09961,1.70
18/01/2010,10887.61035,10895.09961,10528.33008,10590.54981,-3.57
25/01/2010,10478.30957,10566.49023,10198.04004,10198.04004,-3.71
01/02/2010,10212.36035,10438.41016,10036.33008,10057.08984,-1.38
08/02/2010,10007.46973,10099.45996,9867.389648,10092.19043,0.35
15/02/2010,10097.82031,10354.41992,10012.53027,10123.58008,0.31
22/02/2010,10302.07031,10449.75,10085.12988,10126.03027,0.02
01/03/2010,10128.73047,10376.41016,10116.86035,10368.95996,2.40
08/03/2010,10538.12012,10777.49023,10514.28027,10751.25977,3.69
15/03/2010,10802.11035,10864.29981,10708.96973,10824.71973,0.68
22/03/2010,10793.04981,11001.58984,10766.65039,10996.37012,1.59
29/03/2010,10909.98047,11313.98047,10901.2002,11286.08984,2.63
05/04/2010,11380.62988,11408.16992,11148.79981,11204.33984,-0.72
12/04/2010,11300.79004,11351.54981,11084.71973,11102.17969,-0.91
19/04/2010,10929.63965,11093.29981,10865.91992,10914.45996,-1.69
26/04/2010,11039.58984,11213.4502,10882.40039,11057.40039,1.31
03/05/2010,10847.90039,10847.90039,10257.32031,10364.58984,-6.27
10/05/2010,10399.04981,10643.28027,10345.19043,10462.50977,0.94
17/05/2010,10329.37012,10336.53027,9696.629883,9784.540039,-6.48
24/05/2010,9754.990234,9824.849609,9395.290039,9762.980469,-0.22
31/05/2010,9735.469727,9962.419922,9560.160156,9901.19043,1.42
07/06/2010,9705.360352,9764.730469,9378.230469,9705.25,-1.98
14/06/2010,9824.929688,10109.86035,9819.950195,9995.019531,2.99
21/06/2010,10109.26953,10251.90039,9697.870117,9737.480469,-2.58
28/06/2010,9758.910156,9762.230469,9147.679688,9203.709961,-5.48
05/07/2010,9230,9610.589844,9091.700195,9585.320313,4.15
12/07/2010,9540.469727,9807.360352,9392.209961,9408.360352,-1.85
19/07/2010,9267.240234,9474.110352,9176.120117,9430.959961,0.24
26/07/2010,9520.730469,9760.30957,9487.650391,9537.299805,1.13
02/08/2010,9574.639648,9750.879883,9474.669922,9642.120117,1.10
09/08/2010,9535.509766,9667.040039,9065.94043,9253.459961,-4.03
16/08/2010,9145.219727,9362.679688,9084.240234,9179.379883,-0.80
23/08/2010,9147.240234,9171.419922,8807.410156,8991.05957,-2.05
30/08/2010,9141.450195,9280.700195,8796.450195,9114.129883,1.37
06/09/2010,9199.990234,9311.019531,8997.629883,9239.169922,1.37
13/09/2010,9325.639648,9643.280273,9199.080078,9626.089844,4.19
20/09/2010,9700.879883,9704.25,9415.959961,9471.669922,-1.60
27/09/2010,9557.370117,9613.469727,9358.620117,9404.230469,-0.71
04/10/2010,9410.919922,9716.919922,9332.19043,9588.879883,1.96
11/10/2010,9648.589844,9650.200195,9387.730469,9500.25,-0.92
18/10/2010,9517.679688,9575.139648,9316.969727,9426.709961,-0.77
25/10/2010,9424.44043,9460.700195,9179.150391,9202.450195,-2.38
01/11/2010,9166.849609,9680.679688,9123.620117,9625.990234,4.60
08/11/2010,9699.790039,9885.370117,9659.860352,9724.80957,1.03
15/11/2010,9782.110352,10130.23047,9693.209961,10022.38965,3.06
22/11/2010,10133.48047,10157.96973,9904.919922,10039.55957,0.17
29/11/2010,10075.66016,10254,9918.549805,10178.32031,1.38
06/12/2010,10175.23047,10373.7002,10094.41016,10211.9502,0.33
13/12/2010,10212.51953,10347.38965,10199.73047,10303.83008,0.90
20/12/2010,10296.54981,10394.21973,10182.74023,10279.19043,-0.24
27/12/2010,10292.83984,10376.91016,10209.92969,10228.91992,-0.49
03/01/2011,10352.19043,10550.70996,10321.28027,10541.04004,3.05
10/01/2011,10484.62012,10620.57031,10476.29004,10499.04004,-0.40
17/01/2011,10562.08984,10580.67969,10257.99023,10274.51953,-2.14
24/01/2011,10318.59961,10496.40039,10278.80957,10360.33984,0.84
31/01/2011,10219.98047,10580.36035,10182.57031,10543.51953,1.77
07/02/2011,10641.29981,10701.91992,10570.62012,10605.65039,0.59
14/02/2011,10689.65039,10891.59961,10674.44043,10842.79981,2.24
21/02/2011,10820.78027,10859.38965,10428.37988,10526.75977,-2.91
28/02/2011,10504.54004,10768.42969,10448.83008,10693.66016,1.59
07/03/2011,10626.96973,10662.07031,10254.42969,10254.42969,-4.11
14/03/2011,10044.16992,10049.91992,8227.629883,9206.75,-10.22
21/03/2011,9403.049805,9625.030273,9387.950195,9536.129883,3.58
28/03/2011,9541.759766,9822.05957,9317.379883,9708.389648,1.81
04/04/2011,9773.910156,9808.599609,9536.679688,9768.080078,0.61
11/04/2011,9731.320313,9775.599609,9513.269531,9591.519531,-1.81
18/04/2011,9593.410156,9732.629883,9405.19043,9682.209961,0.95
25/04/2011,9705.900391,9849.740234,9536.509766,9849.740234,1.73
02/05/2011,9964.389648,10017.46973,9782.660156,9859.200195,0.10
09/05/2011,9881.669922,9929.040039,9552.929688,9648.769531,-2.13
16/05/2011,9571.129883,9731.120117,9502.389648,9607.080078,-0.43
23/05/2011,9547.860352,9588.700195,9406.040039,9521.94043,-0.89
30/05/2011,9489.780273,9720.730469,9448,9492.209961,-0.31
06/06/2011,9467.370117,9613.75,9358.30957,9514.44043,0.23
13/06/2011,9405.160156,9599.900391,9318.620117,9351.400391,-1.71
20/06/2011,9383.240234,9695.089844,9346.759766,9678.709961,3.50
27/06/2011,9633.919922,9900.570313,9570.580078,9868.070313,1.96
04/07/2011,9980.160156,10207.91016,9940.469727,10137.73047,2.73
11/07/2011,10069.00977,10109.29981,9884,9974.469727,-1.61
18/07/2011,9921.5,10149.17969,9889.719727,10132.11035,1.58
25/07/2011,10080.82031,10130.25,9824.339844,9833.030273,-2.95
01/08/2011,9907.040039,10040.12988,9264.089844,9299.879883,-5.42
08/08/2011,9169.669922,9215.089844,8656.790039,8963.719727,-3.61
15/08/2011,9082.530273,9150.30957,8707.469727,8719.240234,-2.73
22/08/2011,8686.910156,8849.94043,8619.209961,8797.780273,0.90
29/08/2011,8802.25,9098.150391,8751.290039,8950.740234,1.74
05/09/2011,8828.459961,8876.490234,8588.339844,8737.660156,-2.38
12/09/2011,8578.709961,8864.160156,8499.339844,8864.160156,1.45
19/09/2011,8763.610352,8771.719727,8545.459961,8560.259766,-3.43
26/09/2011,8547.620117,8756,8359.700195,8700.290039,1.64
03/10/2011,8567.980469,8663.570313,8343.009766,8605.620117,-1.09
10/10/2011,8733.540039,8854.160156,8689.379883,8747.959961,1.65
17/10/2011,8881.44043,8911.700195,8652.259766,8678.889648,-0.79
24/10/2011,8764.919922,9086.429688,8642.55957,9050.469727,4.28
31/10/2011,9011.179688,9152.389648,8640.419922,8801.400391,-2.75
07/11/2011,8771.820313,8779.549805,8485.769531,8514.469727,-3.26
14/11/2011,8631.280273,8655.30957,8359.599609,8374.910156,-1.64
21/11/2011,8349.049805,8375.599609,8135.790039,8160.009766,-2.57
28/11/2011,8269.910156,8653.879883,8259.709961,8643.75,5.93
05/12/2011,8697.780273,8729.80957,8503.030273,8536.459961,-1.24
12/12/2011,8652.980469,8682.469727,8374.25,8401.719727,-1.58
19/12/2011,8363.389648,8471.110352,8272.259766,8395.160156,-0.08
26/12/2011,8504.459961,8516.530273,8330.870117,8455.349609,0.72
02/01/2012,8549.540039,8581.450195,8349.330078,8390.349609,-0.77
09/01/2012,8422.990234,8509.759766,8360.330078,8500.019531,1.31
16/01/2012,8409.790039,8791.389648,8352.230469,8766.360352,3.13
23/01/2012,8753.910156,8911.620117,8744.540039,8841.219727,0.85
30/01/2012,8803.790039,8893.219727,8774.230469,8831.929688,-0.11
06/02/2012,8939.990234,9018.490234,8887.19043,8947.169922,1.30
13/02/2012,8954.030273,9435.030273,8948.540039,9384.169922,4.88
20/02/2012,9534.030273,9647.379883,9440.410156,9647.379883,2.80
27/02/2012,9726.200195,9866.410156,9528.769531,9777.030273,1.34
05/03/2012,9756.980469,10007.62012,9509.099609,9929.740234,1.56
12/03/2012,10015.91992,10158.74023,9888.299805,10129.83008,2.02
19/03/2012,10150.84961,10172.63965,9999.370117,10011.46973,-1.17
26/03/2012,10040.09961,10255.15039,10016.04981,10083.55957,0.72
02/04/2012,10161.71973,10190.34961,9659.160156,9688.450195,-3.92
09/04/2012,9565.30957,9690.290039,9388.139648,9637.990234,-0.52
16/04/2012,9522.700195,9682.879883,9455.320313,9561.360352,-0.80
23/04/2012,9599.200195,9691.700195,9423.299805,9520.889648,-0.42
30/04/2012,9471.660156,9472.25,9332.790039,9380.25,-1.48
07/05/2012,9198.169922,9207.55957,8944.629883,8953.30957,-4.55
14/05/2012,8986.219727,9031.089844,8588.160156,8611.30957,-3.82
21/05/2012,8617.919922,8740.480469,8496.610352,8580.389648,-0.36
28/05/2012,8604.990234,8657.080078,8422.5,8440.25,-1.63
04/06/2012,8278.650391,8647.790039,8238.959961,8459.259766,0.23
11/06/2012,8612.139648,8665.799805,8452.5,8569.320313,1.30
18/06/2012,8723.549805,8859.040039,8630.660156,8798.349609,2.67
25/06/2012,8837.830078,9044.040039,8619.360352,9006.780273,2.37
02/07/2012,9103.790039,9136.019531,8977.349609,9020.75,0.16
09/07/2012,8922.990234,8966.990234,8695.44043,8724.120117,-3.29
16/07/2012,8740.980469,8835.799805,8662.719727,8669.870117,-0.62
23/07/2012,8582.280273,8606.230469,8328.019531,8566.639648,-1.19
30/07/2012,8658.830078,8732.839844,8513.200195,8555.110352,-0.13
06/08/2012,8683.200195,9004.80957,8676.25,8891.44043,3.93
13/08/2012,8871.679688,9181.570313,8866.05957,9162.5,3.05
20/08/2012,9202.360352,9222.870117,9045.790039,9070.759766,-1.00
27/08/2012,9140.410156,9150.480469,8839.910156,8839.910156,-2.54
03/09/2012,8836.610352,8893.389648,8646.030273,8871.650391,0.36
10/09/2012,8853.19043,9193.269531,8769.469727,9159.389648,3.24
17/09/2012,9155.490234,9288.530273,9079.19043,9110,-0.54
24/09/2012,9071.320313,9112.540039,8838.849609,8870.160156,-2.63
01/10/2012,8815.070313,8880.230469,8729.55957,8863.299805,-0.08
08/10/2012,8822.389648,8840.69043,8514.629883,8534.120117,-3.71
15/10/2012,8517.769531,9016.900391,8488.139648,9002.679688,5.49
22/10/2012,8874.519531,9075.589844,8867.790039,8933.05957,-0.77
29/10/2012,8958.790039,9072.389648,8841.980469,9051.219727,1.32
05/11/2012,9000.80957,9040.179688,8729.450195,8757.599609,-3.24
12/11/2012,8701.280273,9032.349609,8619.450195,9024.160156,3.04
19/11/2012,9141.269531,9366.799805,9129.429688,9366.799805,3.80
26/11/2012,9466.05957,9492.910156,9308.349609,9446.009766,0.85
03/12/2012,9484.200195,9572.75,9376.969727,9527.389648,0.86
10/12/2012,9584.459961,9775.75,9487.950195,9737.55957,2.21
17/12/2012,9895.679688,10175.05957,9826.299805,9940.05957,2.08
24/12/2012,10092.34961,10433.62988,10030.44043,10395.17969,4.58
31/12/2012,10604.5,10734.23047,10602.24023,10688.11035,2.82
07/01/2013,10743.69043,10830.42969,10398.61035,10801.57031,1.06
14/01/2013,10914.65039,10952.30957,10432.96973,10913.29981,1.03
21/01/2013,10941.4502,10941.4502,10441.11035,10926.65039,0.12
28/01/2013,11002.86035,11237.83984,10751.00977,11191.33984,2.42
04/02/2013,11254.16016,11498.41992,11046.91992,11153.16016,-0.34
11/02/2013,11346.71973,11460.63965,11065.05957,11173.83008,0.19
18/02/2013,11318.21973,11510.51953,11175.66992,11385.94043,1.90
25/02/2013,11564.54981,11662.51953,11253.96973,11606.37988,1.94
04/03/2013,11695.4502,12283.62012,11613.58984,12283.62012,5.84
11/03/2013,12363.08984,12560.9502,12234.48047,12560.9502,2.26
18/03/2013,12365.44043,12650.25977,12220.62988,12338.53027,-1.77
25/03/2013,12507.61035,12594.36035,12286.37012,12397.91016,0.48
01/04/2013,12371.33984,13225.62012,11805.78027,12833.63965,3.51
08/04/2013,13082.61035,13568.25,13080.29004,13485.13965,5.08
15/04/2013,13345.86035,13408.29004,13004.45996,13316.48047,-1.25
22/04/2013,13537.16992,13983.87012,13505.53027,13884.12988,4.26
29/04/2013,13854.82031,13897.05957,13637.95996,13694.04004,-1.37
06/05/2013,13960.04004,14636.80957,13951.80957,14607.54004,6.67
13/05/2013,14759.5,15157.32031,14727.7002,15138.12012,3.63
20/05/2013,15260.61035,15942.59961,13981.51953,14612.4502,-3.47
27/05/2013,14373.82031,14512.28027,13555.66016,13774.54004,-5.73
03/06/2013,13551.36035,13711.41992,12548.2002,12877.53027,-6.51
10/06/2013,13141.84961,13584.30957,12415.84961,12686.51953,-1.48
17/06/2013,12584.37012,13330.34961,12549.82031,13230.12988,4.28
24/06/2013,13417.54004,13724.44043,12758.21973,13677.32031,3.38
01/07/2013,13746.71973,14309.96973,13562.7002,14309.96973,4.63
08/07/2013,14491.07031,14574.16992,14109.33984,14506.25,1.37
15/07/2013,14594.87988,14953.29004,14413.28027,14589.91016,0.58
22/07/2013,14770.01953,14820.17969,14114.51953,14129.98047,-3.15
29/07/2013,13899.26953,14466.16016,13613.78027,14466.16016,2.38
05/08/2013,14318.20996,14401.05957,13527.80957,13615.19043,-5.88
12/08/2013,13469.7002,14050.16016,13430.63965,13650.11035,0.26
19/08/2013,13669.74023,13774.66016,13238.73047,13660.54981,0.08
26/08/2013,13719.55957,13741.49023,13188.13965,13388.86035,-1.99
02/09/2013,13438.07031,14156.5,13407.53027,13860.80957,3.52
09/09/2013,14141.66992,14561.45996,14117.67969,14404.66992,3.92
16/09/2013,14456.99023,14816.65039,14311.66992,14742.41992,2.34
23/09/2013,14742.41992,14817.5,14410.51953,14760.07031,0.12
30/09/2013,14530.62012,14642.96973,13944.26953,14024.30957,-4.98
07/10/2013,14057.79004,14447.87012,13748.94043,14404.74023,2.71
14/10/2013,14404.74023,14664.21973,14404.74023,14561.54004,1.09
21/10/2013,14624.03027,14799.28027,14088.19043,14088.19043,-3.25
28/10/2013,14261.65039,14526.87988,14126.41016,14201.57031,0.80
04/11/2013,14319.75,14407.69043,14026.16992,14086.79981,-0.81
11/11/2013,14271.48047,15203.11035,14208.12988,15165.91992,7.66
18/11/2013,15253.24023,15579.38965,15020.33008,15381.71973,1.42
25/11/2013,15504.78027,15729.08984,15414.51953,15661.87012,1.82
02/12/2013,15659.74023,15794.15039,15112.54004,15299.86035,-2.31
09/12/2013,15556.59961,15650.20996,15251.4502,15403.11035,0.67
16/12/2013,15408.34961,15891.82031,15146.12988,15870.41992,3.03
23/12/2013,15870.41992,16232.69043,15849,16178.94043,1.94
30/12/2013,16269.21973,16320.21973,16182.70996,16291.30957,0.69
06/01/2014,16147.54004,16164.00977,15754.7002,15912.05957,-2.33
13/01/2014,15912.05957,15941.08008,15383.69043,15734.45996,-1.12
20/01/2014,15724.13965,15958.58008,15288.32031,15391.55957,-2.18
27/01/2014,15091.4502,15383.91016,14764.57031,14914.53027,-3.10
03/02/2014,14788.55957,14846.92969,13995.86035,14462.41016,-3.03
10/02/2014,14647.83008,14874.79004,14243.16992,14313.03027,-1.03
17/02/2014,14343.73047,14900.24023,14214.59961,14865.66992,3.86
24/02/2014,14803.63965,15094.54004,14658.13965,14841.07031,-0.17
03/03/2014,14666.92969,15312.59961,14443.09961,15274.07031,2.92
10/03/2014,15197.53027,15266.12012,14280.75,14327.66016,-6.20
17/03/2014,14254.32031,14663.54004,14203.20996,14224.23047,-0.72
24/03/2014,14297.58008,14713.4502,14227.80957,14696.03027,3.32
31/03/2014,14839.54004,15164.38965,14718.00977,15063.76953,2.50
07/04/2014,14880.82031,14895.58008,13885.11035,13960.04981,-7.33
14/04/2014,13887.23047,14536.66992,13885.21973,14516.26953,3.98
21/04/2014,14549.4502,14649.5,14327.59961,14429.25977,-0.60
28/04/2014,14289.82031,14493.03027,14224.46973,14457.50977,0.20
05/05/2014,14457.50977,14457.50977,14033.4502,14199.58984,-1.78
12/05/2014,14173.49023,14464.00977,14016.49023,14096.58984,-0.73
19/05/2014,14130.08984,14528.04004,13964.42969,14462.16992,2.59
26/05/2014,14592.59961,14744.16016,14531.32031,14632.37988,1.18
02/06/2014,14777.50977,15144.33984,14777.50977,15077.24023,3.04
09/06/2014,15204.30957,15206.57031,14830.99023,15097.83984,0.14
16/06/2014,15049.61035,15422.05957,14867.15039,15349.41992,1.67
23/06/2014,15419.46973,15442.66992,15027.30957,15095,-1.66
30/06/2014,15159.4502,15490.37012,15052.33984,15437.12988,2.27
07/07/2014,15433.49023,15477.76953,15101.49023,15164.04004,-1.77
14/07/2014,15199.17969,15465.74023,15110.4502,15215.70996,0.34
21/07/2014,15215.70996,15457.87012,15215.70996,15457.87012,1.59
28/07/2014,15426.98047,15759.66016,15426.98047,15523.11035,0.42
04/08/2014,15474.65039,15535.62012,14753.83984,14778.37012,-4.80
11/08/2014,15022.63965,15338.84961,14973.70996,15318.33984,3.65
18/08/2014,15318.5,15628.78027,15303.38965,15539.19043,1.44
25/08/2014,15609.42969,15628.61035,15356,15424.58984,-0.74
01/09/2014,15454.58984,15829.37988,15440.99023,15668.67969,1.58
08/09/2014,15718.12988,15984.90039,15656.40039,15948.29004,1.78
15/09/2014,15948.29004,16364.08008,15871.12012,16321.16992,2.34
22/09/2014,16281.36035,16374.13965,16087.9502,16229.86035,-0.56
29/09/2014,16339.03027,16344.32031,15559.07031,15708.65039,-3.21
06/10/2014,15882.28027,15970.65039,15221.83008,15300.54981,-2.60
13/10/2014,15300.54981,15300.54981,14529.03027,14532.50977,-5.02
20/10/2014,14822.83984,15377.04981,14761.83984,15291.63965,5.22
27/10/2014,15404.28027,16533.91016,15263.36035,16413.75977,7.34
03/11/2014,16732.84961,17127.66016,16720.99023,16880.38086,2.84
10/11/2014,16758.26953,17520.53906,16713.36914,17490.83008,3.62
17/11/2014,17381.38086,17472.57031,16907.42969,17357.50977,-0.76
24/11/2014,17357.50977,17490.39063,17212.48047,17459.84961,0.59
01/12/2014,17475.09961,17922.28906,17474.26953,17920.44922,2.64
08/12/2014,18004.66016,18030.83008,17043.63086,17371.58008,-3.06
15/12/2014,17111.49023,17621.40039,16672.93945,17621.40039,1.44
22/12/2014,17685.5293,17875.41016,17572.61914,17818.96094,1.12
29/12/2014,17914.55078,17914.55078,17450.76953,17450.76953,-2.07
05/01/2015,17325.67969,17540.91992,16808.25977,17197.73047,-1.45
12/01/2015,16970.88086,17141.98047,16592.57031,16864.16016,-1.94
19/01/2015,17000.7793,17532.06055,16911.58008,17511.75,3.84
26/01/2015,17285.71094,17850.58984,17285.71094,17674.39063,0.93
02/02/2015,17536.60938,17743.10938,17271.86914,17648.5,-0.15
09/02/2015,17790.31055,18005.44922,17550.0293,17913.35938,1.50
16/02/2015,18024.00977,18360.91992,17901.25977,18332.30078,2.34
23/02/2015,18499.58008,18865.39063,18402.01953,18797.93945,2.54
02/03/2015,18869.40039,18979.64063,18586.83984,18971,0.92
09/03/2015,18872.96094,19335.80078,18577.06055,19254.25,1.49
16/03/2015,19245.38086,19565.43945,19226.71094,19560.2207,1.59
23/03/2015,19607.98047,19778.59961,19099.86914,19285.63086,-1.40
30/03/2015,19295.21094,19607.25,18927.94922,19435.08008,0.77
06/04/2015,19295.0293,20006,19241.28906,19907.63086,2.43
13/04/2015,19967.38086,19975.66016,19638.36914,19652.88086,-1.28
20/04/2015,19501,20252.11914,19474.23047,20020.03906,1.87
27/04/2015,20063.80078,20133.7793,19399.16016,19531.63086,-2.44
04/05/2015,19510.84961,19549.39063,19257.84961,19379.18945,-0.78
11/05/2015,19637.58008,19791.88086,19467.65039,19732.91992,1.83
18/05/2015,19766.16016,20320.90039,19741.2207,20264.41016,2.69
25/05/2015,20331.91992,20655.33008,20318.53906,20563.15039,1.47
01/06/2015,20444.53906,20619.60938,20363.17969,20460.90039,-0.50
08/06/2015,20537.84961,20544.93945,20016.32031,20407.08008,-0.26
15/06/2015,20205.09961,20401.48047,19990.55078,20174.24023,-1.14
22/06/2015,20174.14063,20952.71094,20174.14063,20706.15039,2.64
29/06/2015,20305.9707,20601.73047,20093.16016,20539.78906,-0.80
06/07/2015,20200.15039,20428,19115.19922,19779.83008,-3.70
13/07/2015,19929.91992,20658.94922,19911.39063,20650.91992,4.40
20/07/2015,20763.31055,20850,20527.7793,20544.5293,-0.52
27/07/2015,20374.05078,20585.24023,20070.61914,20585.24023,0.20
03/08/2015,20540.21094,20817.48047,20396.5,20724.56055,0.68
10/08/2015,20618.31055,20946.92969,20303.01953,20519.44922,-0.99
17/08/2015,20600.16016,20668.86914,19435.83008,19435.83008,-5.28
24/08/2015,19075.05078,19192.82031,17714.30078,19136.32031,-1.54
31/08/2015,19006.98047,19019.60938,17608.16992,17792.16016,-7.02
07/09/2015,17674.82031,18770.50977,17415.60938,18264.2207,2.65
14/09/2015,18341.00977,18468.19922,17925.08984,18070.21094,-1.06
21/09/2015,17803.41016,17880.50977,17483.68945,17880.50977,-1.05
28/09/2015,17811.11914,17886.49023,16901.49023,17725.13086,-0.87
05/10/2015,17921,18438.66992,17869.74023,18438.66992,4.03
12/10/2015,18335.15039,18397.51953,17758.11914,18291.80078,-0.80
19/10/2015,18282.7793,18915.64063,18078.42969,18825.30078,2.92
26/10/2015,19036.13086,19202.33984,18760.78906,19083.09961,1.37
02/11/2015,18827.10938,19294.15039,18641.2207,19265.59961,0.96
09/11/2015,19411.50977,19725.83008,19388.91016,19596.91016,1.72
16/11/2015,19263.96094,19959.06055,19252.03906,19879.81055,1.44
23/11/2015,19875.99023,19994.05078,19786.5293,19883.93945,0.02
30/11/2015,19857.38086,20012.40039,19444.53906,19504.48047,-1.91
07/12/2015,19710.39063,19811.50977,19020.75,19230.48047,-1.40
14/12/2015,18887.08984,19869.08008,18562.50977,18986.80078,-1.27
21/12/2015,18845.5,19071.41016,18651.13086,18769.06055,-1.15
28/12/2015,18838.91016,19113.17969,18764.53906,19033.71094,1.41
04/01/2016,18818.58008,18951.11914,17509.64063,17697.96094,-7.02
11/01/2016,17470.92969,17717.75,16944.41016,17147.10938,-3.11
18/01/2016,16826.92969,17088.31055,16017.25977,16958.5293,-1.10
25/01/2016,17145.81055,17638.92969,16652.25977,17518.30078,3.30
01/02/2016,17699.59961,17905.36914,16627.80078,16819.58984,-3.99
08/02/2016,16620.91016,17099.00977,14865.76953,14952.61035,-11.10
15/02/2016,15248.37988,16341.55957,15243.87988,15967.16992,6.79
22/02/2016,15851.38965,16472.5,15753.76953,16188.41016,1.39
29/02/2016,16313.30957,17042.91992,15857.37012,17014.7793,5.10
07/03/2016,17024.64063,17026.25,16494.80078,16938.86914,-0.45
14/03/2016,17155.51953,17291.34961,16613.68945,16724.81055,-1.26
21/03/2016,16937.31055,17142.08008,16843.99023,17002.75,1.66
28/03/2016,17129.26953,17167.88086,16113.00977,16164.16016,-4.93
04/04/2016,16087.75977,16238.50977,15471.79981,15821.51953,-2.12
11/04/2016,15761.57031,16928.66992,15525.49023,16848.0293,6.49
18/04/2016,16521.25,17572.49023,16254.2002,17572.49023,4.30
25/04/2016,17613.56055,17613.56055,16652.74023,16666.05078,-5.16
02/05/2016,16357.09961,16357.09961,15975.46973,16106.71973,-3.36
09/05/2016,16226.57031,16814.64063,16159.30957,16412.21094,1.90
16/05/2016,16391.91992,16841.03906,16391.91992,16736.34961,1.97
23/05/2016,16671.2793,16957.56055,16417.83984,16834.83984,0.59
30/05/2016,16973.7207,17251.35938,16525.4707,16642.23047,-1.14
06/06/2016,16373.32031,16830.91992,16322.63965,16601.35938,-0.25
13/06/2016,16319.11035,16335.37988,15395.98047,15599.66016,-6.03
20/06/2016,15839.05957,16389.16992,14864.00977,14952.01953,-4.15
27/06/2016,15153.08008,15781.69043,14987.79004,15682.48047,4.89
04/07/2016,15554.04004,15805.30957,15106.51953,15106.98047,-3.67
11/07/2016,15375.94043,16607.32031,15375.94043,16497.84961,9.21
18/07/2016,16612.08984,16938.96094,16514.66016,16627.25,0.78
25/07/2016,16655.81055,16821.42969,16174.34961,16569.26953,-0.35
01/08/2016,16415.31055,16677.49023,15921.04004,16254.4502,-1.90
08/08/2016,16462.28906,16943.66992,16455.57031,16919.91992,4.09
15/08/2016,16866.89063,16932.10938,16452.61914,16545.82031,-2.21
22/08/2016,16599.25977,16663.64063,16320.42969,16360.70996,-1.12
29/08/2016,16631.06055,16946.49023,16616.65039,16925.67969,3.45
05/09/2016,17131.51953,17156.35938,16836.65039,16965.75977,0.24
12/09/2016,16748.35938,16802,16359.78027,16519.28906,-2.63
19/09/2016,16403.2207,16823.63086,16399.65039,16754.01953,1.42
26/09/2016,16707.44922,16756.42969,16285.41016,16449.83984,-1.82
03/10/2016,16566.0293,16971.2793,16554.83008,16860.08984,2.49
10/10/2016,16936.31055,17074.46094,16727.7793,16856.36914,-0.02
17/10/2016,16871.83984,17288.89063,16821.49023,17184.58984,1.95
24/10/2016,17216.56055,17461.0293,17162.21094,17446.41016,1.52
31/10/2016,17360.89063,17473.11914,16801.98047,16905.35938,-3.10
07/11/2016,17126.0293,17621.73047,16111.80957,17374.78906,2.78
14/11/2016,17467.49023,18043.7207,17455.7793,17967.41016,3.41
21/11/2016,18038.08984,18482.93945,18007.78906,18381.2207,2.30
28/11/2016,18302.58008,18746.2793,18222.82031,18426.08008,0.24
05/12/2016,18349.91992,19042.48047,18227.39063,18996.36914,3.10
12/12/2016,19183.82031,19439.9707,19054,19401.15039,2.13
19/12/2016,19345.83984,19592.90039,19307.14063,19427.66992,0.14
26/12/2016,19394.41016,19478.58008,18991.58984,19114.36914,-1.61
02/01/2017,19298.67969,19615.40039,19277.92969,19454.33008,1.78
09/01/2017,19414.83008,19484.90039,19069.01953,19287.2793,-0.86
16/01/2017,19219.13086,19255.41016,18650.33008,19137.91016,-0.77
23/01/2017,18938.44922,19486.67969,18783.16016,19467.40039,1.72
30/01/2017,19371.2793,19390.9707,18830.89063,18918.19922,-2.82
06/02/2017,19069.7207,19395.99023,18805.32031,19378.92969,2.44
13/02/2017,19513.7793,19519.43945,19173.5293,19234.61914,-0.74
20/02/2017,19161.33008,19419.2207,19115.10938,19283.53906,0.25
27/02/2017,19130.50977,19668.00977,18995.55078,19469.16992,0.96
06/03/2017,19409.17969,19623.7207,19198.7793,19604.60938,0.70
13/03/2017,19545.74023,19656.48047,19454.16992,19521.58984,-0.42
20/03/2017,19510.89063,19547.50977,18973.75,19262.5293,-1.33
27/03/2017,18985.58984,19251.30078,18909.25977,18909.25977,-1.83
03/04/2017,18988,19068.61914,18517.42969,18664.63086,-1.29
10/04/2017,18800.2207,18850.80078,18285.73047,18335.63086,-1.76
17/04/2017,18239.83984,18648.2793,18224.67969,18620.75,1.56
24/04/2017,18890.38086,19289.42969,18840.13086,19196.74023,3.09
01/05/2017,19154.0293,19464.30078,19144.61914,19445.69922,1.30
08/05/2017,19709.00977,19989.93945,19705.13086,19883.90039,2.25
15/05/2017,19753.46094,19998.49023,19449.73047,19590.75977,-1.47
22/05/2017,19670.48047,19850.92969,19585.53906,19686.83984,0.49
29/05/2017,19697.17969,20239.81055,19570.13086,20177.2793,2.49
05/06/2017,20135.41992,20224.53906,19896.34961,20013.25977,-0.81
12/06/2017,19920.76953,20015.16016,19755.33984,19943.25977,-0.35
19/06/2017,19974.30078,20318.10938,19949.88086,20132.66992,0.95
26/06/2017,20132.81055,20266.58984,19946.50977,20033.42969,-0.49
03/07/2017,20056.32031,20197.16016,19856.65039,19929.08984,-0.52
10/07/2017,20070.43945,20200.88086,20023.0293,20118.85938,0.95
17/07/2017,20074.41016,20157.10938,19943.14063,20099.75,-0.09
24/07/2017,19973.66992,20176.39063,19901.88086,19959.83984,-0.70
31/07/2017,19933.44922,20113.73047,19891.90039,19952.33008,-0.04
07/08/2017,20059.28906,20085.90039,19660.2207,19729.74023,-1.12
14/08/2017,19545.58008,19824.11914,19433.08984,19470.41016,-1.31
21/08/2017,19509.5293,19561.32031,19351.91992,19452.60938,-0.09
28/08/2017,19502.23047,19735.96094,19280.01953,19691.4707,1.23
04/09/2017,19615.96094,19628.40039,19239.51953,19274.82031,-2.12
11/09/2017,19441.39063,19933.40039,19437.14063,19909.5,3.29
18/09/2017,20128.17969,20481.26953,20122,20296.44922,1.94
25/09/2017,20439.42969,20454.28906,20213.66016,20356.2793,0.29
02/10/2017,20400.50977,20721.15039,20363.2793,20690.71094,1.64
09/10/2017,20680.53906,21211.28906,20663.08008,21155.17969,2.24
16/10/2017,21221.26953,21503.84961,21187.92969,21457.64063,1.43
23/10/2017,21709.30078,22016.5,21614.50977,22008.44922,2.57
30/10/2017,22047.94922,22540.25,21840.07031,22539.11914,2.41
06/11/2017,22612.96094,23382.15039,22435.33984,22681.41992,0.63
13/11/2017,22607.56055,22757.40039,21972.33984,22396.80078,-1.25
20/11/2017,22279.98047,22677.33984,22215.07031,22550.84961,0.69
27/11/2017,22657.08008,22994.31055,22363.93945,22819.0293,1.19
04/12/2017,22843.5293,22864.33008,22119.21094,22811.08008,-0.03
11/12/2017,22894.30078,22994.33008,22478.32031,22553.2207,-1.13
18/12/2017,22770.43945,22990.41992,22728.06055,22902.75977,1.55
25/12/2017,22909.41016,22954.44922,22736.42969,22764.93945,-0.60
01/01/2018,23073.73047,23730.4707,23065.19922,23714.5293,4.17
08/01/2018,23948.9707,23952.60938,23588.07031,23653.82031,-0.26
15/01/2018,23827.98047,24084.41992,23685.01953,23808.06055,0.65
22/01/2018,23797.83984,24129.33984,23592.2793,23631.88086,-0.74
29/01/2018,23707.14063,23787.23047,23092.84961,23274.5293,-1.51
05/02/2018,22921.16016,22967.68945,21078.71094,21382.61914,-8.13
12/02/2018,21633.33984,21866.36914,20950.15039,21720.25,1.58
19/02/2018,21903.66016,22152.84961,21626.84961,21892.7793,0.79
26/02/2018,22134.64063,22502.05078,21088.96094,21181.64063,-3.25
05/03/2018,21047.81055,21884.44922,20937.25977,21469.19922,1.36
12/03/2018,21826.09961,21971.16016,21555.49023,21676.50977,0.97
19/03/2018,21537.90039,21659.03906,20559.60938,20617.85938,-4.88
26/03/2018,20423.36914,21512.80078,20347.49023,21454.30078,4.06
02/04/2018,21441.57031,21742.83984,21056.01953,21567.51953,0.53
09/04/2018,21534.33008,21933.99023,21517.76953,21778.74023,0.98
16/04/2018,21843.55078,22360.65039,21772.41992,22162.24023,1.76
23/04/2018,22157.88086,22495.56055,22065.51953,22467.86914,1.38
30/04/2018,22453.41992,22568.18945,22411.42969,22472.7793,0.02
07/05/2018,22513.2207,22769.16016,22350.91016,22758.48047,1.27
14/05/2018,22705.30078,22954.18945,22683.64063,22930.35938,0.76
21/05/2018,22937.58008,23050.39063,22318.15039,22450.78906,-2.09
28/05/2018,22488.94922,22547.66992,21931.65039,22171.34961,-1.24
04/06/2018,22365.08984,22879,22355.83008,22694.5,2.36
11/06/2018,22686.94922,23011.57031,22667.30078,22851.75,0.69
18/06/2018,22806.57031,22806.89063,22167.16016,22516.83008,-1.47
25/06/2018,22543.56055,22556.55078,22038.40039,22304.50977,-0.94
02/07/2018,22233.80078,22312.25,21462.94922,21788.14063,-2.32
09/07/2018,21838.5293,22692.85938,21744.25,22597.34961,3.71
16/07/2018,22397.61914,22949.32031,22316.51953,22697.88086,0.44
23/07/2018,22480.33008,22717.15039,22341.86914,22712.75,0.07
30/07/2018,22613.30078,22775.4707,22352.21094,22525.17969,-0.83
06/08/2018,22536.05078,22800.60938,22272.68945,22298.08008,-1.01
13/08/2018,22117.57031,22380.2793,21851.32031,22270.38086,-0.12
20/08/2018,22267.07031,22602.24023,22053.14063,22601.76953,1.49
27/08/2018,22693.68945,23032.16992,22678.0293,22865.15039,1.17
03/09/2018,22819.16992,22820.48047,22172.90039,22307.06055,-2.44
10/09/2018,22253.65039,23105.2793,22249.60938,23094.66992,3.53
17/09/2018,23042.18945,23971.41016,23039.25977,23869.92969,3.36
24/09/2018,23881.84961,24286.09961,23778.03906,24120.03906,1.05
01/10/2018,24173.36914,24448.07031,23730.18945,23783.7207,-1.39
08/10/2018,23550.4707,23589.38086,22323.42969,22694.66016,-4.58
15/10/2018,22501.33008,22959.41016,22212.57031,22532.08008,-0.72
22/10/2018,22374.21094,22672.25,20971.92969,21184.59961,-5.98
29/10/2018,21323.60938,22308.41992,21035.88086,22243.66016,5.00
05/11/2018,22002.4707,22583.42969,21865.98047,22250.25,0.03
12/11/2018,22121.69922,22324.00977,21484.65039,21680.33984,-2.56
19/11/2018,21679.0293,21852.91992,21243.38086,21646.55078,-0.16
26/11/2018,21647.68945,22437.94922,21622.59961,22351.06055,3.25
03/12/2018,22629.39063,22698.78906,21307.7207,21678.67969,-3.01
10/12/2018,21319.4707,21871.33984,21062.31055,21374.83008,-1.40
17/12/2018,21391.73047,21563.26953,20006.66992,20166.18945,-5.65
24/12/2018,19785.42969,20211.57031,18948.58008,20014.76953,-0.75
31/12/2018,19655.13086,19692.58008,19241.36914,19561.96094,-2.26
07/01/2019,19944.60938,20494.34961,19920.80078,20359.69922,4.08
14/01/2019,20264.82031,20682.11914,20204.42969,20666.07031,1.50
21/01/2019,20848.38086,20892.67969,20438.2207,20773.56055,0.52
28/01/2019,20746.28906,20929.63086,20406.2207,20788.39063,0.07
04/02/2019,20831.90039,20981.23047,20315.31055,20333.16992,-2.19
11/02/2019,20442.55078,21235.61914,20428.57031,20900.63086,2.79
18/02/2019,21217.32031,21553.34961,21189.9707,21425.50977,2.51
25/02/2019,21567.66016,21641.58008,21364.08984,21602.68945,0.83
04/03/2019,21812.81055,21860.39063,20993.07031,21025.56055,-2.67
11/03/2019,21062.75,21568.48047,20938,21450.84961,2.02
18/03/2019,21576.35938,21713.25977,21425.78906,21627.33984,0.82
25/03/2019,21267.41016,21460.99023,20911.57031,21205.81055,-1.95
01/04/2019,21500.89063,21839.17969,21471.11914,21807.5,2.84
08/04/2019,21900.55078,21900.55078,21571.66992,21870.56055,0.29
15/04/2019,22122.9707,22345.18945,22058.39063,22200.56055,1.51
22/04/2019,22188.61914,22362.91992,22073.09961,22258.73047,0.26
29/04/2019,null,null,null,22200,-0.26
06/05/2019,22184.40039,22190.49023,21175.33008,21344.91992,-3.85
13/05/2019,21180.74023,21398.84961,20751.44922,21250.08984,-0.44
20/05/2019,21305.9707,21430.06055,20922,21117.2207,-0.63
27/05/2019,21148.46094,21297.69922,20581.58008,20601.18945,-2.44
03/06/2019,20327.86914,20907.76953,20289.64063,20884.71094,1.38
10/06/2019,21095.40039,21259.69922,20932.13086,21116.89063,1.11
17/06/2019,21094.96094,21497.82031,20924.18945,21258.64063,0.67
24/06/2019,21223.56055,21338.16992,21035.83984,21275.91992,0.08
01/07/2019,21566.26953,21784.2207,21559.16992,21746.38086,2.21
08/07/2019,21665.78906,21720.14063,21488.2207,21685.90039,-0.28
15/07/2019,21644.38086,21655.51953,20993.43945,21466.99023,-1.01
22/07/2019,21394.75,21823.07031,21317.84961,21658.15039,0.89
29/07/2019,21627.55078,21792.98047,20960.08984,21087.16016,-2.64
05/08/2019,20909.98047,20941.83008,20110.75977,20684.82031,-1.91
12/08/2019,20432.67969,20697.41992,20184.84961,20418.81055,-1.29
19/08/2019,20590.4707,20731.18945,20482.61914,20710.91016,1.43
26/08/2019,20325.43945,20748.34961,20173.75977,20704.36914,-0.03
02/09/2019,20625.75,21241.28906,20554.16016,21199.57031,2.39
09/09/2019,21214.56055,22019.66016,21182.25977,21988.28906,3.72
16/09/2019,21907.83008,22255.56055,21820.93945,22079.08984,0.41
23/09/2019,22095.34961,22184.91016,21733.68945,21878.90039,-0.91
30/09/2019,21793.83008,21938.76953,21276.00977,21410.19922,-2.14
07/10/2019,21445.73047,21820.76953,21308.88086,21798.86914,1.82
14/10/2019,22063.71094,22649.84961,22049.71094,22492.67969,3.18
21/10/2019,22541.2207,22819.91992,22457.89063,22799.81055,1.37
28/10/2019,22854.43945,23008.42969,22705.59961,22850.76953,0.22
04/11/2019,23118.78906,23591.08984,23090.93945,23391.86914,2.37
11/11/2019,23422.13086,23545.69922,23062.16016,23303.32031,-0.38
18/11/2019,23304.25,23420.61914,22726.71094,23112.88086,-0.82
25/11/2019,23292.84961,23608.06055,23255.39063,23293.91016,0.78
02/12/2019,23388.63086,23562.05078,23044.7793,23354.40039,0.26
09/12/2019,23544.31055,24050.03906,23333.63086,24023.09961,2.86
16/12/2019,23955.19922,24091.11914,23746.63086,23816.63086,-0.86
23/12/2019,23921.28906,23967.17969,23775.40039,23837.7207,0.09
30/12/2019,23770.92969,23782.49023,23656.61914,23656.61914,-0.76
06/01/2020,23319.75977,23903.28906,22951.17969,23850.57031,0.82
13/01/2020,23969.03906,24115.94922,23875.82031,24041.25977,0.80
20/01/2020,24080.67969,24108.10938,23755.32031,23827.17969,-0.89
27/01/2020,23427.90039,23463.89063,22892.94922,23205.17969,-2.61
03/02/2020,22874.26953,23995.36914,22775.91992,23827.98047,2.68
10/02/2020,23631.78906,23908.84961,23603.48047,23687.58984,-0.59
17/02/2020,23489.7793,23806.56055,23133.59961,23386.74023,-1.27
24/02/2020,22949.36914,22950.23047,20916.40039,21142.96094,-9.59
02/03/2020,20849.78906,21719.7793,20613.91016,20749.75,-1.86
09/03/2020,20343.31055,20347.18945,16690.59961,17431.05078,-15.99
16/03/2020,17586.08008,17785.75977,16358.19043,16552.83008,-5.04
23/03/2020,16570.57031,19564.38086,16480.94922,19389.42969,17.14
30/03/2020,18884.07031,19336.18945,17646.5,17820.18945,-8.09
06/04/2020,17857.99023,19500.07031,17802.61914,19498.5,9.42
