Date,Open,High,Low,Close,% Change IBEX
21/03/2005,9236.900391,9329.099609,9196.799805,9309.299805,0.49
28/03/2005,9266.099609,9355.799805,9234.099609,9289.5,-0.21
04/04/2005,9257.299805,9442.200195,9164.299805,9385.799805,1.04
11/04/2005,9341,9382.599609,9155.200195,9155.200195,-2.46
18/04/2005,9046.599609,9115.900391,8938.900391,9096.400391,-0.64
25/04/2005,9050.5,9130,8940.5,9001.599609,-1.04
02/05/2005,9027.900391,9273.099609,9020.099609,9263.099609,2.91
09/05/2005,9245.599609,9250.599609,9121.900391,9222.5,-0.44
16/05/2005,9222,9411.5,9193.599609,9368.5,1.58
23/05/2005,9408.900391,9428.299805,9333,9381.5,0.14
30/05/2005,9363.700195,9587.400391,9352.5,9497.700195,1.24
06/06/2005,9480.700195,9574,9443,9561.5,0.67
13/06/2005,9564,9706.200195,9526.700195,9682.299805,1.26
20/06/2005,9670.900391,9779.400391,9634.200195,9677.400391,-0.05
27/06/2005,9629.700195,9829.099609,9590.700195,9829.099609,1.57
04/07/2005,9808.299805,9849.5,9399.299805,9793.200195,-0.37
11/07/2005,9831.099609,9996.400391,9819.599609,9943.799805,1.54
18/07/2005,9944.799805,10068,9927.5,10018.79981,0.75
25/07/2005,10036.7002,10162.40039,9979.5,10115.59961,0.97
01/08/2005,10122.59961,10151.09961,10029,10045.40039,-0.69
08/08/2005,10052.09961,10253.7002,10045.2002,10187.2002,1.41
15/08/2005,10163.79981,10223.79981,10029.40039,10132.90039,-0.53
22/08/2005,10149,10183,9903.400391,9904.799805,-2.25
29/08/2005,9862.400391,10184.79981,9823.799805,10145,2.43
05/09/2005,10157.2002,10494.2002,10148.7002,10486.59961,3.37
12/09/2005,10519.90039,10560.59961,10421.2002,10532.09961,0.43
19/09/2005,10511.09961,10642.79981,10464.40039,10631.2002,0.94
26/09/2005,10671,10851.40039,10664.2002,10813.90039,1.72
03/10/2005,10835.79981,10919.2002,10680.7002,10732.40039,-0.75
10/10/2005,10754.09961,10866.2002,10513,10629.29981,-0.96
17/10/2005,10646.7002,10678.90039,10326,10368.79981,-2.45
24/10/2005,10359.09961,10562.7002,10256,10339.5,-0.28
31/10/2005,10417.2002,10500.40039,10336.09961,10412.29981,0.70
07/11/2005,10406.2002,10518.90039,10362,10510.29981,0.94
14/11/2005,10490.7002,10577.29981,10338.7002,10527.09961,0.16
21/11/2005,10532.90039,10672.59961,10491.7002,10656.29981,1.23
28/11/2005,10677.2002,10716.79981,10540.5,10649.79981,-0.06
05/12/2005,10669,10669,10423.90039,10489.29981,-1.51
12/12/2005,10521.7002,10602.09961,10450.59961,10555.29981,0.63
19/12/2005,10549.59961,10753.29981,10495.90039,10723.90039,1.60
26/12/2005,10718.29981,10811.90039,10696.90039,10733.90039,0.09
02/01/2006,10725.79981,10929.59961,10720,10913.59961,1.67
09/01/2006,10943.09961,10969.40039,10825.5,10850.7002,-0.58
16/01/2006,10825.90039,10905.79981,10674.2002,10740.90039,-1.01
23/01/2006,10642.90039,11026.90039,10611.09961,11023.2002,2.63
30/01/2006,11012.40039,11253,10979.7002,11175.79981,1.38
06/02/2006,11199.79981,11366.90039,11083.40039,11312.59961,1.22
13/02/2006,11325.09961,11501.40039,11281.2002,11491.29981,1.58
20/02/2006,11473.5,11786.90039,11456.90039,11786.90039,2.57
27/02/2006,11821.09961,11918.59961,11691.79981,11755.7002,-0.26
06/03/2006,11765.7002,11812.40039,11566.79981,11771.79981,0.14
13/03/2006,11808.7002,11949.59961,11773.29981,11872.90039,0.86
20/03/2006,11909.29981,11970,11857.79981,11954.40039,0.69
27/03/2006,11939.5,11954.09961,11753.90039,11854.29981,-0.84
03/04/2006,11923.5,11958.59961,11807.7002,11816.7002,-0.32
10/04/2006,11792.40039,11822.2002,11564.2002,11609.40039,-1.75
17/04/2006,11589.40039,11913.79981,11552.09961,11913.79981,2.62
24/04/2006,11884.40039,11975.5,11812.90039,11892.5,-0.18
01/05/2006,11843.29981,12034.40039,11835.90039,12034.40039,1.19
08/05/2006,12070.5,12106,11710.2002,11710.2002,-2.69
15/05/2006,11661.29981,11673.09961,11069.09961,11270.79981,-3.75
22/05/2006,11246.59961,11414.79981,10918.29981,11414.79981,1.28
29/05/2006,11401.90039,11470.59961,11049.2002,11360.7002,-0.47
05/06/2006,11380,11380,10952.59961,11098.2002,-2.31
12/06/2006,11060.79981,11176.5,10744.2002,10962.79981,-1.22
19/06/2006,11032.59961,11302.90039,10965.09961,11274.2002,2.84
26/06/2006,11313.79981,11585.29981,11158.5,11548.09961,2.43
03/07/2006,11527.90039,11650.5,11469.2002,11626.7002,0.68
10/07/2006,11581.79981,11650.5,11240.2002,11240.2002,-3.32
17/07/2006,11243.09961,11523.79981,11116,11333.90039,0.83
24/07/2006,11343.90039,11892.29981,11337.5,11887.40039,4.88
31/07/2006,11871.79981,11934.09961,11698.5,11934.09961,0.39
07/08/2006,11836.2002,11922.2002,11707.59961,11777.29981,-1.31
14/08/2006,11849.29981,12098.40039,11829.79981,12067.79981,2.47
21/08/2006,12029.09961,12121.5,11970.2002,12042.90039,-0.21
28/08/2006,12044.79981,12231.90039,11981,12193,1.25
04/09/2006,12216.59961,12282.40039,11991.90039,12081.7002,-0.91
11/09/2006,12047.7002,12337.5,11969.2002,12278.40039,1.63
18/09/2006,12294.59961,12502.79981,12207.7002,12389.5,0.90
25/09/2006,12427,13001.59961,12333.29981,12934.7002,4.40
02/10/2006,12937.2002,13286.29981,12819.59961,13152.09961,1.68
09/10/2006,13114.40039,13465.59961,13097.29981,13454.5,2.30
16/10/2006,13437.5,13565.29981,13233.40039,13558,0.77
23/10/2006,13576.90039,13744.29981,13506.5,13725.79981,1.24
30/10/2006,13639.5,13872.2002,13600.5,13794.7002,0.50
06/11/2006,13861.40039,14125,13847.5,14002.40039,1.51
13/11/2006,14012.59961,14245.79981,13987.40039,14170,1.20
20/11/2006,14101.90039,14338,14047,14088.09961,-0.58
27/11/2006,14051.90039,14100.40039,13551.09961,13660.59961,-3.03
04/12/2006,13694.59961,14117.90039,13655.40039,14076.59961,3.05
11/12/2006,14119.40039,14420.79981,14116,14387.59961,2.21
18/12/2006,14368.2002,14376.59961,14030.29981,14066.09961,-2.23
25/12/2006,13955.09961,14204.7002,13955.09961,14146.5,0.57
01/01/2007,14173.2002,14396.59961,14157.29981,14304.7002,1.12
08/01/2007,14312.79981,14417.5,14065.7002,14368.2002,0.44
15/01/2007,14414.29981,14482.59961,14182,14397.90039,0.21
22/01/2007,14416.2002,14605.59961,14304.7002,14415.40039,0.12
29/01/2007,14403.09961,14656.90039,14391.7002,14631.2002,1.50
05/02/2007,14602.90039,14927.2002,14559,14875.5,1.67
12/02/2007,14831.90039,14938.29981,14729,14851.2002,-0.16
19/02/2007,14884.29981,14963.59961,14703.90039,14767.09961,-0.57
26/02/2007,14792.5,14882.2002,13820.59961,13962.2002,-5.45
05/03/2007,13689.79981,14306.09961,13654.90039,14257.2002,2.11
12/03/2007,14311.29981,14359.79981,13602.40039,13977.40039,-1.96
19/03/2007,14101.59961,14555.2002,14093.2002,14545.7002,4.07
26/03/2007,14566,14730.40039,14410.90039,14641.7002,0.66
02/04/2007,14619.90039,14988.59961,14580.5,14974.90039,2.28
09/04/2007,14973,15063.79981,14775.2002,14965.29981,-0.06
16/04/2007,15008.79981,15136.2002,14623.29981,15080.90039,0.77
23/04/2007,15091.09961,15111.7002,14342,14403.59961,-4.49
30/04/2007,14386,14636.5,14176,14620.29981,1.50
07/05/2007,14667.7002,14751.09961,14449.29981,14736.29981,0.79
14/05/2007,14780.90039,15114.29981,14650.90039,15068.40039,2.25
21/05/2007,15108.5,15223.90039,14970.09961,15053.2002,-0.10
28/05/2007,15097.90039,15543.79981,15035.40039,15501.5,2.98
04/06/2007,15482.2002,15511.79981,14604.59961,14816.5,-4.42
11/06/2007,14908.79981,15288.5,14638.09961,15252.09961,2.94
18/06/2007,15239.90039,15251.2002,14756.79981,14784.90039,-3.06
25/06/2007,14672,14892,14582.40039,14892,0.72
02/07/2007,14790.79981,15058.29981,14741.2002,15058.29981,1.12
09/07/2007,15102.29981,15145.90039,14601.79981,15023.5,-0.23
16/07/2007,15041.40039,15297.2002,14925.79981,14930.09961,-0.62
23/07/2007,14933.90039,15135.2002,14378.7002,14587.5,-2.29
30/07/2007,14603.40039,14802.40039,14441.79981,14534.29981,-0.36
06/08/2007,14404.90039,15028.7002,14385.29981,14453.90039,-0.55
13/08/2007,14568.7002,14754,13841.59961,14237.5,-1.50
20/08/2007,14277.90039,14482.09961,14067.09961,14334.40039,0.68
27/08/2007,14388.59961,14529,14014.09961,14479.79981,1.01
03/09/2007,14517.7002,14593.09961,13816.29981,13873.40039,-4.19
10/09/2007,13862,14101.40039,13703.59961,13861,-0.09
17/09/2007,13819.29981,14550.09961,13519.09961,14450.59961,4.25
24/09/2007,14439.40039,14704.5,14224,14576.5,0.87
01/10/2007,14519,14900.40039,14443.90039,14892.09961,2.17
08/10/2007,14915.2002,15264.2002,14754.59961,15261.29981,2.48
15/10/2007,15275.90039,15627.29981,15114.59961,15529.7002,1.76
22/10/2007,15254.59961,15652.7002,15187.5,15603.90039,0.48
29/10/2007,15703.59961,15928.29981,15622.59961,15823.7002,1.41
05/11/2007,15708.79981,16040.40039,15612.59961,15731.2002,-0.58
12/11/2007,15660.5,15943.59961,15560,15769,0.24
19/11/2007,15770.29981,15935.29981,15267,15392.2002,-2.39
26/11/2007,15476.79981,15799.2002,15165.09961,15759.90039,2.39
03/12/2007,15767.09961,15901.40039,15615,15819.59961,0.38
10/12/2007,15760.90039,15983.40039,15429.5,15575.7002,-1.54
17/12/2007,15404.40039,15444.5,15107.40039,15289.29981,-1.84
24/12/2007,15344.2002,15397.90039,15124.90039,15182.29981,-0.70
31/12/2007,15101.90039,15186,14511,14602.29981,-3.82
07/01/2008,14551.7002,14808.79981,14428.7002,14458,-0.99
14/01/2008,14398,14540.90039,13608.2002,13655.40039,-5.55
21/01/2008,13477.09961,13494.40039,11937.2002,13141.09961,-3.77
28/01/2008,12880.29981,13550,12813.09961,13494.7002,2.69
04/02/2008,13608.29981,13652.09961,12721.40039,12934.79981,-4.15
11/02/2008,12830.09961,13455.90039,12774.09961,13073.90039,1.08
18/02/2008,13155.5,13393,12960.90039,13017.5,-0.43
25/02/2008,13141.79981,13505.5,12995.40039,13170.40039,1.17
03/03/2008,12998,13020.7002,12583.5,12691.29981,-3.64
10/03/2008,12673,13312.5,12571.40039,13021.40039,2.60
17/03/2008,12678.09961,13196,12638.40039,12964.2002,-0.44
24/03/2008,13370.40039,13596.40039,13299.90039,13442.40039,3.69
31/03/2008,13359.29981,13846.40039,13181.09961,13846.40039,3.01
07/04/2008,13906.7002,14019.59961,13226.40039,13278.29981,-4.10
14/04/2008,13214.79981,13945.7002,13106.79981,13924.90039,4.87
21/04/2008,13927.2002,13933.2002,13426.59961,13772.79981,-1.09
28/04/2008,13766.79981,14169.2002,13561.2002,14060,2.09
05/05/2008,14049.2002,14122.79981,13843.90039,13945.09961,-0.82
12/05/2008,13991.40039,14301.29981,13959.29981,14124.79981,1.29
19/05/2008,14148.90039,14247.59961,13577.59961,13577.59961,-3.87
26/05/2008,13524.29981,13664.2002,13397.90039,13600.90039,0.17
02/06/2008,13610.5,13612.09961,12902.40039,12909.79981,-5.08
09/06/2008,12815.90039,13022.7002,12562.29981,12998.7002,0.69
16/06/2008,12996.90039,13049.7002,12307.5,12412.5,-4.51
23/06/2008,12370.29981,12493.5,11885.09961,12089.79981,-2.60
30/06/2008,12092.5,12135.90039,11629.7002,11765.90039,-2.68
07/07/2008,11869.29981,12005.79981,11380.90039,11383.5,-3.25
14/07/2008,11448.79981,11928.7002,10932.40039,11895.29981,4.50
21/07/2008,11867.40039,12013.90039,11372.2002,11589.90039,-2.57
28/07/2008,11573.79981,11977.5,11320.7002,11569.5,-0.18
04/08/2008,11556.09961,11896.59961,11410.09961,11799.90039,1.99
11/08/2008,11806.09961,12078.7002,11527.59961,11686.09961,-0.96
18/08/2008,11674.2002,11784.29981,11185.5,11497.29981,-1.62
25/08/2008,11453.90039,11742,11218.90039,11707.29981,1.83
01/09/2008,11607.5,11936.29981,11118.5,11139.7002,-4.85
08/09/2008,11343.09961,11657.5,10980.2002,11412,2.44
15/09/2008,11031.40039,11557.90039,10571.09961,11557.90039,1.28
22/09/2008,11596.09961,11599.29981,11088.7002,11387.90039,-1.47
29/09/2008,11395.90039,11441.5,10672.59961,11418.5,0.27
06/10/2008,11210.2002,11214.5,8835,8997.700195,-21.20
13/10/2008,9559.299805,10573.09961,9146.599609,9655.200195,7.31
20/10/2008,9900.700195,10105.09961,7991.899902,8353.200195,-13.48
27/10/2008,7977,9137.700195,7737.200195,9116,9.13
03/11/2008,9185.799805,9883.799805,8977.400391,9343.5,2.50
10/11/2008,9484.299805,9525.799805,8525.900391,8832.200195,-5.47
17/11/2008,8788.599609,8827.200195,7830.899902,7974.399902,-9.71
24/11/2008,8173.700195,8920.5,8093.200195,8910.599609,11.74
01/12/2008,8914,9113.200195,8293.200195,8491.200195,-4.71
08/12/2008,8893.5,9249.400391,8711,8975.5,5.70
15/12/2008,8994.299805,9332.900391,8930,9268.400391,3.26
22/12/2008,9232.299805,9234.599609,9040.799805,9068.5,-2.16
29/12/2008,9081,9486.299805,8955.299805,9486.299805,4.61
05/01/2009,9543.400391,9800,9309.5,9378.5,-1.14
12/01/2009,9329.5,9350.599609,8500.400391,8620.099609,-8.09
19/01/2009,8739.099609,8788.299805,7981.700195,8172.799805,-5.19
26/01/2009,8106.5,8733.299805,8091.5,8450.400391,3.40
02/02/2009,8275.400391,8608.700195,8118.299805,8544.700195,1.12
09/02/2009,8495,8653.799805,8116.600098,8265.5,-3.27
16/02/2009,8206,8228.900391,7601.799805,7603.600098,-8.01
23/02/2009,7729.100098,7862,7385,7620.899902,0.23
02/03/2009,7428.600098,7464.299805,6883.299805,6936.899902,-8.98
09/03/2009,6965.399902,7543.200195,6702.600098,7427.799805,7.08
16/03/2009,7546.600098,7845.600098,7527.200195,7710,3.80
23/03/2009,7838.5,8121.700195,7783.299805,7927.600098,2.82
30/03/2009,7782.200195,8410.700195,7589.100098,8319.900391,4.95
06/04/2009,8435,8714,8175.100098,8704.799805,4.63
13/04/2009,8688.299805,9030.900391,8662.900391,9030.900391,3.75
20/04/2009,8988.299805,9018.099609,8413.599609,8888.200195,-1.58
27/04/2009,8739.900391,9100.799805,8503.700195,9038,1.69
04/05/2009,9048.099609,9443.900391,8927.599609,9408.099609,4.09
11/05/2009,9457.599609,9460.299805,8838.5,8978.599609,-4.57
18/05/2009,8879.5,9449.400391,8828.5,9308.599609,3.68
25/05/2009,9336.799805,9555.599609,9175.599609,9424.299805,1.24
01/06/2009,9554.799805,9713.599609,9375.299805,9519,1.00
08/06/2009,9485,9741.200195,9341.900391,9714.400391,2.05
15/06/2009,9673.5,9679.400391,9200.700195,9580.900391,-1.37
22/06/2009,9566.799805,9789.400391,9285,9686.900391,1.11
29/06/2009,9642.400391,9929.400391,9591,9707.799805,0.22
06/07/2009,9627.599609,9683.299805,9324.599609,9344.900391,-3.74
13/07/2009,9295.299805,10125.79981,9241.200195,10041.90039,7.46
20/07/2009,10136.90039,10496.79981,10046.59961,10438.59961,3.95
27/07/2009,10535.90039,10932.90039,10488.2002,10855.09961,3.99
03/08/2009,10809.90039,10984,10672.59961,10947.59961,0.85
10/08/2009,10934.2002,11144.09961,10737.7002,10901.90039,-0.42
17/08/2009,10857.40039,11193.90039,10511.90039,11161,2.38
24/08/2009,11239.79981,11522.79981,11189.7002,11442.7002,2.52
31/08/2009,11359.79981,11481.40039,10874.40039,11222.7002,-1.92
07/09/2009,11328.2002,11531.40039,11260,11452.59961,2.05
14/09/2009,11343.5,11837.7002,11283,11777.29981,2.84
21/09/2009,11772.29981,11900.90039,11561,11643.79981,-1.13
28/09/2009,11622,11938.2002,11268.5,11326.7002,-2.72
05/10/2009,11322.2002,11907.5,11271,11743.2002,3.68
12/10/2009,11760.7002,11952.90039,11542.09961,11676.40039,-0.57
19/10/2009,11747.7002,11960.40039,11644.90039,11739.79981,0.54
26/10/2009,11796.79981,11833.2002,11357.7002,11414.79981,-2.77
02/11/2009,11354,11627.7002,11179.90039,11580.59961,1.45
09/11/2009,11654.7002,11916.40039,11653.79981,11867,2.47
16/11/2009,11943,12102.59961,11702.2002,11719.29981,-1.24
23/11/2009,11845.90039,12021.5,11415.79981,11776.79981,0.49
30/11/2009,11839.40039,12055.29981,11603.59961,12032.2002,2.17
07/12/2009,11975.79981,12065,11468.7002,11616,-3.46
14/12/2009,11705.40039,11875.2002,11592.40039,11645,0.25
21/12/2009,11696.90039,11990.40039,11656.79981,11967.5,2.77
28/12/2009,12014,12070.90039,11923,11940,-0.23
04/01/2010,11986.5,12240.5,11986.09961,12163,1.87
11/01/2010,12192.5,12233.90039,11818.59961,11845,-2.61
18/01/2010,11888.5,12049.2002,11204.5,11373.40039,-3.98
25/01/2010,11275.40039,11385.5,10821.2002,10947.7002,-3.74
01/02/2010,10852.40039,11201.59961,9916.599609,10103.29981,-7.71
08/02/2010,10132.09961,10557.40039,9970.900391,10224.90039,1.20
15/02/2010,10298.5,10676.7002,10230.40039,10676.7002,4.42
22/02/2010,10752.5,10773.59961,10047.2002,10333.59961,-3.21
01/03/2010,10434.7002,11032.79981,10287.59961,11019.79981,6.64
08/03/2010,11103.09961,11181.29981,10911.09961,11077,0.52
15/03/2010,11069.90039,11190,10921.09961,10990.79981,-0.78
22/03/2010,10959.59961,11124,10694.2002,11071.09961,0.73
29/03/2010,11108.2002,11166.40039,10774,11067.90039,-0.03
05/04/2010,11143.2002,11408.5,10968.2002,11394.2002,2.95
12/04/2010,11468,11566.09961,11210.5,11259.7002,-1.18
19/04/2010,11155.5,11337.29981,10753.40039,10918.2002,-3.03
26/04/2010,11042.7002,11092.59961,10077.90039,10492.2002,-3.90
03/05/2010,10426.2002,10452.2002,8925.900391,9046.099609,-13.78
10/05/2010,9059.200195,10351.90039,9058.599609,9314.700195,2.97
17/05/2010,9224.299805,9716.799805,9005.900391,9407.299805,0.99
24/05/2010,9514.799805,9552.299805,8812.099609,9425.5,0.19
31/05/2010,9346.099609,9488.799805,8881.700195,8923.400391,-5.33
07/06/2010,8825.200195,9648.700195,8563.599609,9561.700195,7.15
14/06/2010,9662,10051.79981,9414,9971.799805,4.29
21/06/2010,10127.7002,10209.5,9451.5,9535,-4.38
28/06/2010,9612.400391,9705.200195,8977.700195,9250.799805,-2.98
05/07/2010,9247.299805,10185.5,9202,10127.29981,9.47
12/07/2010,10145.40039,10318.7002,9913.299805,9991.700195,-1.34
19/07/2010,9961.299805,10417.29981,9804.900391,10388.2002,3.97
26/07/2010,10476.7002,10788,10331,10499.79981,1.07
02/08/2010,10535.40039,10953.09961,10489.79981,10651.09961,1.44
09/08/2010,10802.79981,10831.2002,10201.59961,10275.79981,-3.52
16/08/2010,10284.5,10538.2002,10018.7002,10094.29981,-1.77
23/08/2010,10117.09961,10306.2002,9773.799805,10148.2002,0.53
30/08/2010,10201.5,10708.79981,9964.200195,10599.40039,4.45
06/09/2010,10678.79981,10773.59961,10410.29981,10689.59961,0.85
13/09/2010,10775.7002,10846.5,10544.40039,10588.59961,-0.94
20/09/2010,10622.09961,10902.5,10401.79981,10727.59961,1.31
27/09/2010,10732,10767.29981,10378.79981,10450.09961,-2.59
04/10/2010,10449.2002,10830.2002,10310.2002,10720.79981,2.59
11/10/2010,10723.79981,10982.09961,10529.7002,10868.2002,1.37
18/10/2010,10820.09961,11021.59961,10751.2002,10924.79981,0.52
25/10/2010,10986,10988.40039,10657.29981,10812.90039,-1.02
01/11/2010,10901.79981,10903.40039,10369.90039,10428.09961,-3.56
08/11/2010,10335,10448.59961,9891,10226.79981,-1.93
15/11/2010,10165.5,10377.79981,10074,10271.7002,0.44
22/11/2010,10388.79981,10393.40039,9442.599609,9547.200195,-7.05
29/11/2010,9587,10037.40039,9203.400391,10014.79981,4.90
06/12/2010,10015.90039,10230.29981,9826.299805,10121.90039,1.07
13/12/2010,10165.79981,10219.7002,9850.099609,9898.099609,-2.21
20/12/2010,9915.599609,10253.90039,9851.099609,10106.90039,2.11
27/12/2010,10077.59961,10092.90039,9854,9859.099609,-2.45
03/01/2011,9899.400391,9993.599609,9497.799805,9560.700195,-3.03
10/01/2011,9488.299805,10423,9387.900391,10385.09961,8.62
17/01/2011,10328.29981,10937.59961,10245.5,10829.09961,4.28
24/01/2011,10852.2002,10961.09961,10579.90039,10747,-0.76
31/01/2011,10738.2002,11044.29981,10603.40039,10854.7002,1.00
07/02/2011,10854.29981,11053.90039,10656.40039,10803.59961,-0.47
14/02/2011,10847.59961,11165,10719.2002,11068.09961,2.45
21/02/2011,11049.29981,11050.29981,10543.29981,10822.7002,-2.22
28/02/2011,10829.90039,10939.7002,10463.79981,10498.7002,-2.99
07/03/2011,10478.09961,10623.90039,10313.59961,10398.40039,-0.96
14/03/2011,10386.2002,10637.7002,10076.5,10328.40039,-0.67
21/03/2011,10473.7002,10801.09961,10418.90039,10710.40039,3.70
28/03/2011,10721.7002,10830.40039,10570.90039,10729.90039,0.18
04/04/2011,10710.2002,10950.09961,10624.59961,10913.2002,1.71
11/04/2011,10896.2002,10958.2002,10484.7002,10558.59961,-3.25
18/04/2011,10574.79981,10634.09961,10289.09961,10584.09961,0.24
25/04/2011,10574.90039,10911.29981,10546.90039,10878.90039,2.79
02/05/2011,10917.40039,10928.2002,10481.59961,10610.5,-2.47
09/05/2011,10546.90039,10590.29981,10321.79981,10356.5,-2.39
16/05/2011,10280.2002,10449.90039,10190.90039,10226.59961,-1.25
23/05/2011,10110.5,10365.79981,10030.59961,10261.2002,0.34
30/05/2011,10239.2002,10549,10133,10285.7002,0.24
06/06/2011,10278.7002,10280.09961,9910.799805,9950.799805,-3.26
13/06/2011,9958.200195,10166.29981,9803.799805,10135.2002,1.85
20/06/2011,10029.79981,10264.40039,9767.799805,9812.700195,-3.18
27/06/2011,9791.099609,10536.79981,9758.5,10492,6.92
04/07/2011,10524.2002,10524.2002,9920.400391,9938.200195,-5.28
11/07/2011,9867.400391,9870.299805,9276.099609,9484.200195,-4.57
18/07/2011,9443.799805,10221.5,9332.200195,10059.29981,6.06
25/07/2011,10005.2002,10009.59961,9499.799805,9630.700195,-4.26
01/08/2011,9713,9752.299805,8462.700195,8671.200195,-9.96
08/08/2011,8727.599609,9030.799805,7767.299805,8647.299805,-0.28
15/08/2011,8727.5,8795.299805,8015,8141.899902,-5.84
22/08/2011,8090.700195,8480.099609,8031.100098,8185.5,0.54
29/08/2011,8318.799805,8801.700195,8261.900391,8463.5,3.40
05/09/2011,8302.200195,8347.200195,7866.299805,7910.200195,-6.54
12/09/2011,7762.700195,8445.099609,7505.299805,8388.400391,6.05
19/09/2011,8177.700195,8379.400391,7639.600098,7996.899902,-4.67
26/09/2011,7846.399902,8653.900391,7842.700195,8546.599609,6.87
03/10/2011,8346.599609,8849.900391,8065.100098,8798.400391,2.95
10/10/2011,8848,9073.200195,8730.5,8975.5,2.01
17/10/2011,9032.5,9087.799805,8573.900391,8853,-1.36
24/10/2011,8924.900391,9351,8787.700195,9224.400391,4.20
31/10/2011,9127.400391,9178.200195,8407.200195,8596.400391,-6.81
07/11/2011,8436.900391,8652.099609,8211.299805,8556.099609,-0.47
14/11/2011,8615.799805,8616.900391,8191.700195,8310.099609,-2.88
21/11/2011,8291.299805,8303.200195,7601.200195,7763.5,-6.58
28/11/2011,7881.799805,8624.5,7858.100098,8558.599609,10.24
05/12/2011,8638.200195,8844.200195,8382.099609,8649.700195,1.06
12/12/2011,8600.099609,8609.400391,8153.100098,8203.400391,-5.16
19/12/2011,8131.399902,8606.5,8120.899902,8542.700195,4.14
26/12/2011,8536.5,8585.799805,8307.200195,8566.299805,0.28
02/01/2012,8558,8743.299805,8233.799805,8289.099609,-3.24
09/01/2012,8314.5,8575.900391,8250.099609,8450.599609,1.95
16/01/2012,8368.400391,8612.400391,8354.599609,8561.900391,1.32
23/01/2012,8552.700195,8746.599609,8463,8657.299805,1.11
30/01/2012,8588.400391,8861.200195,8489.400391,8861.200195,2.36
06/02/2012,8833.799805,8967.400391,8725.799805,8797.099609,-0.72
13/02/2012,8856.099609,8883.299805,8476.799805,8657,-1.59
20/02/2012,8726.599609,8864.400391,8456.400391,8527.700195,-1.49
27/02/2012,8483.299805,8628.400391,8401.900391,8563.400391,0.42
05/03/2012,8514.200195,8540.599609,8081.600098,8282.700195,-3.28
12/03/2012,8276.700195,8499.700195,8159.5,8486.299805,2.46
19/03/2012,8478.299805,8625.5,8192.599609,8281.799805,-2.41
26/03/2012,8310.799805,8345.700195,7866.399902,8008,-3.31
02/04/2012,8024.700195,8072.600098,7545.100098,7660.5,-4.34
09/04/2012,7582.5,7633.5,7218.399902,7250.600098,-5.35
16/04/2012,7232,7373.299805,6858.299805,7040.600098,-2.90
23/04/2012,6986.700195,7202.899902,6811.200195,7145.799805,1.49
30/04/2012,7182.5,7208.299805,6776.5,6876,-3.78
07/05/2012,6766.200195,7175.700195,6732.600098,6995.600098,1.74
14/05/2012,6896.600098,6907,6380.200195,6566.700195,-6.13
21/05/2012,6571.5,6683,6357.100098,6543,-0.36
28/05/2012,6585.200195,6620.600098,5994.100098,6065,-7.31
04/06/2012,5998.899902,6578.5,5987.799805,6552,8.03
11/06/2012,6897.600098,6940.299805,6439.299805,6719,2.55
18/06/2012,6855.799805,6960,6479.399902,6876.299805,2.34
25/06/2012,6844.600098,7102.200195,6512.299805,7102.200195,3.29
02/07/2012,7082.399902,7219.5,6726.700195,6738.899902,-5.12
09/07/2012,6738.200195,6829.700195,6563.299805,6664.600098,-1.10
16/07/2012,6631.299805,6682.5,6232.600098,6246.299805,-6.28
23/07/2012,6157,6617.600098,5905.299805,6617.600098,5.94
30/07/2012,6625.700195,6913.700195,6296.100098,6755.700195,2.09
06/08/2012,6751.799805,7235.799805,6738.399902,7047.700195,4.32
13/08/2012,7036.799805,7612.100098,6991.899902,7561,7.28
20/08/2012,7557,7645,7176.899902,7310.299805,-3.32
27/08/2012,7293.799805,7424.700195,7161.399902,7420.5,1.51
03/09/2012,7398.5,8027,7351.200195,7882.799805,6.23
10/09/2012,7839.399902,8231,7730,8154.5,3.45
17/09/2012,8087.600098,8230.700195,7949.100098,8230.700195,0.93
24/09/2012,8165.899902,8197.900391,7678.700195,7708.5,-6.34
01/10/2012,7712.799805,7972.799805,7703,7954.399902,3.19
08/10/2012,7910.5,7913.100098,7565.5,7652.399902,-3.80
15/10/2012,7653.899902,8156.600098,7624.700195,7913.399902,3.41
22/10/2012,7911.200195,7955.700195,7653.200195,7775.600098,-1.74
29/10/2012,7749.399902,7995.899902,7684.5,7968.899902,2.49
05/11/2012,7891.600098,7918.600098,7496,7636.600098,-4.17
12/11/2012,7632.100098,7756.5,7490.600098,7588.200195,-0.63
19/11/2012,7661.799805,7915.600098,7601.700195,7909.600098,4.24
26/11/2012,7882.799805,7989.600098,7753.700195,7934.600098,0.32
03/12/2012,7963.399902,8027.799805,7813.100098,7848.5,-1.09
10/12/2012,7796.100098,8045.299805,7670.799805,8024.100098,2.24
17/12/2012,8017.799805,8322,7975,8291,3.33
24/12/2012,8261.599609,8345.400391,8103.899902,8131,-1.93
31/12/2012,8111.899902,8447.599609,8041.700195,8435.799805,3.75
07/01/2013,8434.299805,8677.400391,8374.700195,8664.700195,2.71
14/01/2013,8699.200195,8721.099609,8520.599609,8604,-0.70
21/01/2013,8628.299805,8734.099609,8576.400391,8724.599609,1.40
28/01/2013,8755.900391,8755.900391,8159.5,8229.700195,-5.67
04/02/2013,8225,8227.700195,7895.5,8174.899902,-0.67
11/02/2013,8181.5,8343.400391,8045.100098,8150.200195,-0.30
18/02/2013,8110.899902,8274.400391,7982,8179,0.35
25/02/2013,8232.700195,8400.099609,7911.100098,8187.100098,0.10
04/03/2013,8135.100098,8638.299805,8129.200195,8628.099609,5.39
11/03/2013,8605,8670.400391,8434.900391,8619.099609,-0.10
18/03/2013,8383.200195,8532.400391,8250.5,8329.5,-3.36
25/03/2013,8434.599609,8461.900391,7797.200195,7920,-4.92
01/04/2013,7917.600098,8059,7716.100098,7798.399902,-1.54
08/04/2013,7809.799805,8179,7774.399902,8040.399902,3.10
15/04/2013,8051.700195,8093.700195,7743.600098,7915.5,-1.55
22/04/2013,7983.799805,8412.400391,7927.600098,8297,4.82
29/04/2013,8324.700195,8566.099609,8286.599609,8544.799805,2.99
06/05/2013,8551.200195,8669.200195,8472.599609,8544.5,0.00
13/05/2013,8554.200195,8595.599609,8366.700195,8582.400391,0.44
20/05/2013,8585.400391,8613.799805,8216.5,8264.599609,-3.70
27/05/2013,8301.400391,8583.599609,8297.799805,8320.599609,0.68
03/06/2013,8266.599609,8430,8165.100098,8266.599609,-0.65
10/06/2013,8270.799805,8321.700195,7958.600098,8070.899902,-2.37
17/06/2013,8132.700195,8211,7700.100098,7700.200195,-4.59
24/06/2013,7682.100098,7936.899902,7508.399902,7762.700195,0.81
01/07/2013,7817,8035.700195,7612.799805,7868.399902,1.36
08/07/2013,7922,8111.5,7800.799805,7844.700195,-0.30
15/07/2013,7832.399902,7978.899902,7702.700195,7943.200195,1.26
22/07/2013,7954.899902,8395.900391,7917.100098,8353.599609,5.17
29/07/2013,8374.599609,8578.299805,8349.099609,8574,2.64
05/08/2013,8585.099609,8765.700195,8448,8735.5,1.88
12/08/2013,8733.5,8828.099609,8633.900391,8821.299805,0.98
19/08/2013,8807.799805,8818.799805,8422.599609,8686.799805,-1.52
26/08/2013,8669.599609,8717,8275.900391,8290.5,-4.56
02/09/2013,8370.200195,8678.799805,8331.099609,8655,4.40
09/09/2013,8628.900391,8951.599609,8568.700195,8941.599609,3.31
16/09/2013,9017.5,9198.700195,8911.700195,9171.799805,2.57
23/09/2013,9163.799805,9299.099609,9057.5,9228.400391,0.62
30/09/2013,9073.200195,9432.700195,9036.900391,9420.900391,2.09
07/10/2013,9380.400391,9707.299805,9295.599609,9668.5,2.63
14/10/2013,9631.700195,10002.59961,9615.299805,10001.79981,3.45
21/10/2013,10019.59961,10063.90039,9772.299805,9815.5,-1.86
28/10/2013,9840,9980.200195,9665.599609,9838.299805,0.23
04/11/2013,9873.900391,10025.90039,9613.599609,9747.200195,-0.93
11/11/2013,9757.200195,9824.099609,9610.400391,9695.900391,-0.53
18/11/2013,9679.599609,9853.599609,9467,9677.400391,-0.19
25/11/2013,9724.5,9923.299805,9656.5,9837.599609,1.66
02/12/2013,9838.200195,9852.700195,9232.099609,9400.5,-4.44
09/12/2013,9414.400391,9556.099609,9242.900391,9272.700195,-1.36
16/12/2013,9270.299805,9721.900391,9264.700195,9689.900391,4.50
23/12/2013,9696.099609,9900.099609,9650.5,9900.099609,2.17
30/12/2013,9919.5,9952,9722.5,9798,-1.03
06/01/2014,9768.400391,10383,9766.400391,10290.59961,5.03
13/01/2014,10336.29981,10552.7002,10223.09961,10465.7002,1.70
20/01/2014,10440,10510.5,9835.5,9868.900391,-5.70
27/01/2014,9877,10054.09961,9716.5,9920.200195,0.52
03/02/2014,9911.5,10086.7002,9654.799805,10072.40039,1.53
10/02/2014,10114.2002,10184.7002,9943.799805,10132.79981,0.60
17/02/2014,10155.09961,10181.90039,9918.5,10071,-0.61
24/02/2014,10060.2002,10269,9996.099609,10114.2002,0.43
03/03/2014,9951.599609,10358.90039,9855.099609,10164.2002,0.49
10/03/2014,10151.40039,10292,9703.099609,9812,-3.47
17/03/2014,9822.900391,10157.5,9811.200195,10053.09961,2.46
24/03/2014,10061.7002,10341.90039,9868.700195,10328.90039,2.74
31/03/2014,10349.59961,10705.09961,10325.90039,10677.2002,3.37
07/04/2014,10594.09961,10678.2002,10091.09961,10205.40039,-4.42
14/04/2014,10097.7002,10316.2002,9984.299805,10292.40039,0.85
21/04/2014,10339.09961,10531.09961,10279.7002,10306.2002,0.13
28/04/2014,10351.29981,10541,10247.90039,10474.5,1.63
05/05/2014,10460.2002,10597.90039,10342.5,10487.2002,0.12
12/05/2014,10512.40039,10665.09961,10282.40039,10478.7002,-0.08
19/05/2014,10469.7002,10576.5,10307.29981,10558.90039,0.77
26/05/2014,10593.79981,10803.40039,10576.29981,10798.7002,2.27
02/06/2014,10819,11085.09961,10667.2002,11064.29981,2.46
09/06/2014,11089.79981,11188.2002,11010,11113.7002,0.45
16/06/2014,11055,11249.40039,10971.7002,11155.09961,0.37
23/06/2014,11163.40039,11185.09961,10890.2002,10959.90039,-1.75
30/06/2014,10975.59961,11100.2002,10850.59961,11009.40039,0.45
07/07/2014,10986,11005.2002,10423.59961,10538.79981,-4.27
14/07/2014,10602.5,10680.2002,10425.29981,10527,-0.11
21/07/2014,10521.7002,10941.90039,10447.59961,10888.09961,3.43
28/07/2014,10940.5,11016.09961,10478.29981,10514,-3.44
04/08/2014,10585.79981,10589.40039,9946.900391,10104.79981,-3.89
11/08/2014,10226.59961,10417.7002,10148.59961,10222.2002,1.16
18/08/2014,10350.40039,10588.7002,10284.09961,10500.2002,2.72
25/08/2014,10607.09961,10883.79981,10563.59961,10728.79981,2.18
01/09/2014,10749.2002,11182,10693.90039,11148.90039,3.92
08/09/2014,11158.40039,11163,10821.29981,10888.90039,-2.33
15/09/2014,10849.79981,11191.79981,10737.29981,11001.90039,1.04
22/09/2014,10961.90039,11026.5,10679.2002,10851.40039,-1.37
29/09/2014,10828.2002,10889.29981,10418.09961,10567.59961,-2.62
06/10/2014,10657.59961,10728.79981,10102.40039,10150.5,-3.95
13/10/2014,10072.40039,10274.79981,9370.5,9956.799805,-1.91
20/10/2014,9898.900391,10369,9802.799805,10339.29981,3.84
27/10/2014,10469.40039,10513.29981,9994.799805,10477.79981,1.34
03/11/2014,10454.29981,10508.79981,10017.5,10126.29981,-3.35
10/11/2014,10103.90039,10418.40039,10044.2002,10148,0.21
17/11/2014,10061.09961,10542.5,10040.90039,10520.79981,3.67
24/11/2014,10558.7002,10792.29981,10528.79981,10770.7002,2.38
01/12/2014,10700.59961,10928.29981,10587,10900.7002,1.21
08/12/2014,10864.59961,10919.29981,10127.5,10145,-6.93
15/12/2014,10149.59961,10500.09961,9661,10363.59961,2.15
22/12/2014,10387.5,10495.90039,10294.90039,10481.79981,1.14
29/12/2014,10427.79981,10446.29981,10216.2002,10350.79981,-1.25
05/01/2015,10267.2002,10390.79981,9610.099609,9719,-6.10
12/01/2015,9805.5,10060.2002,9646.400391,10038.90039,3.29
19/01/2015,10091.29981,10693,10036.7002,10581.5,5.40
26/01/2015,10502.59961,10716.90039,10320.79981,10403.29981,-1.68
02/02/2015,10396.59961,10688,10136.40039,10573.09961,1.63
09/02/2015,10467.79981,10794.90039,10289.7002,10739.5,1.57
16/02/2015,10717.79981,10918.40039,10526.59961,10879.29981,1.30
23/02/2015,11001.29981,11184.5,10935.09961,11178.29981,2.75
02/03/2015,11190.5,11239.79981,10921.40039,11091.90039,-0.77
09/03/2015,11007.90039,11081.2002,10858.40039,11033.79981,-0.52
16/03/2015,11082.40039,11458.29981,10953.7002,11419.59961,3.50
23/03/2015,11394,11618.29981,11294.7002,11427.40039,0.07
30/03/2015,11459.79981,11662.79981,11432.29981,11634,1.81
06/04/2015,11715.59961,11778,11615.79981,11749.29981,0.99
13/04/2015,11761.7002,11884.59961,11299.90039,11359.40039,-3.32
20/04/2015,11400.2002,11605.5,11276.29981,11505.40039,1.29
27/04/2015,11532,11684.59961,11258,11385,-1.05
04/05/2015,11377.09961,11503.90039,10928.2002,11424.7002,0.35
11/05/2015,11433.7002,11481.59961,11203.90039,11317.29981,-0.94
18/05/2015,11336.79981,11609.90039,11203.09961,11554.2002,2.09
25/05/2015,11421.2002,11467.79981,11169.40039,11217.59961,-2.91
01/06/2015,11264.79981,11369.09961,10984.09961,11062,-1.39
08/06/2015,11022.79981,11231.29981,10750,11030.5,-0.28
15/06/2015,10893.59961,11029.09961,10654.29981,10944.29981,-0.78
22/06/2015,11184.5,11497.09961,11168.90039,11372.29981,3.91
29/06/2015,11148.40039,11202.59961,10723.2002,10779.79981,-5.21
06/07/2015,10571.79981,11069.79981,10324.29981,11036.09961,2.38
13/07/2015,11178.2002,11551,11121.79981,11480.7002,4.03
20/07/2015,11506.90039,11612.59961,11300.90039,11309.29981,-1.49
27/07/2015,11252.7002,11362.40039,11039.5,11180.7002,-1.14
03/08/2015,11180.59961,11327,11098.5,11178.2002,-0.02
10/08/2015,11239.5,11330,10840.29981,10879.29981,-2.67
17/08/2015,10983.09961,11023.29981,10270.2002,10271.7002,-5.58
24/08/2015,9973.700195,10357.29981,9502.400391,10352.90039,0.79
31/08/2015,10297.2002,10319.09961,9737.900391,9821.799805,-5.13
07/09/2015,9893.5,10193,9722.700195,9737.900391,-0.85
14/09/2015,9764.799805,10141.79981,9620.700195,9847.200195,1.12
21/09/2015,9826.099609,9952,9231.299805,9519.5,-3.33
28/09/2015,9500.900391,9718,9264.400391,9603.599609,0.88
05/10/2015,9777.299805,10354.09961,9731.5,10309.59961,7.35
12/10/2015,10318.79981,10379,9992.400391,10231.5,-0.76
19/10/2015,10221.5,10591.90039,10004,10476.29981,2.39
26/10/2015,10473.90039,10517.59961,10258.7002,10360.7002,-1.10
02/11/2015,10279.29981,10631.59961,10259.09961,10453.2002,0.89
09/11/2015,10451.59961,10476.90039,10012.29981,10111.40039,-3.27
16/11/2015,10012.40039,10408.40039,10005.2002,10290.29981,1.77
23/11/2015,10262.29981,10390.7002,10045.59961,10310.7002,0.20
30/11/2015,10299,10476.59961,9931.099609,10078.7002,-2.25
07/12/2015,10139,10158.2002,9606.799805,9630.700195,-4.45
14/12/2015,9658,10000.40039,9428.5,9717.099609,0.90
21/12/2015,9520.5,9706.200195,9351.799805,9682.900391,-0.35
28/12/2015,9675.599609,9724.900391,9533,9544.200195,-1.43
04/01/2016,9429.799805,9446.200195,8889.700195,8909.200195,-6.65
11/01/2016,8849.900391,9074,8491.900391,8543.599609,-4.10
18/01/2016,8525.5,8795.700195,8206,8722.900391,2.10
25/01/2016,8763.200195,8815.799805,8402.299805,8815.799805,1.07
01/02/2016,8849.299805,8896.5,8180.399902,8499.5,-3.59
08/02/2016,8537.900391,8540.900391,7746.299805,7920.799805,-6.81
15/02/2016,8133,8479.599609,8081.399902,8194.200195,3.45
22/02/2016,8290.299805,8447.799805,7968.100098,8349.200195,1.89
29/02/2016,8291.900391,8877.900391,8222.599609,8811.599609,5.54
07/03/2016,8785.700195,9105.799805,8663.200195,9090.599609,3.17
14/03/2016,9156.099609,9217.299805,8782.799805,9051.099609,-0.43
21/03/2016,9006.099609,9138.900391,8781.700195,8789.799805,-2.89
28/03/2016,8843.200195,8960.700195,8531.799805,8602.299805,-2.13
04/04/2016,8589.299805,8712.900391,8256.099609,8427.599609,-2.03
11/04/2016,8413.400391,8886.599609,8344.400391,8850.900391,5.02
18/04/2016,8703.400391,9244.400391,8674.099609,9232.799805,4.31
25/04/2016,9225.400391,9360.200195,9025.700195,9025.700195,-2.24
02/05/2016,9066.900391,9092.599609,8563.900391,8702.099609,-3.59
09/05/2016,8776.099609,8839.700195,8582.200195,8721.5,0.22
16/05/2016,8626.400391,8829.5,8579.799805,8771.200195,0.57
23/05/2016,8776.200195,9149.299805,8670.900391,9107.299805,3.83
30/05/2016,9110.900391,9155.5,8756.799805,8801.599609,-3.36
06/06/2016,8810.099609,8945.900391,8486.799805,8490.5,-3.53
13/06/2016,8388.200195,8425.200195,8107,8362,-1.51
20/06/2016,8592.700195,8912,7743.399902,7787.700195,-6.87
27/06/2016,8001.5,8304.400391,7579.799805,8268.900391,6.18
04/07/2016,8302.900391,8328.099609,7857.799805,8185.899902,-1.00
11/07/2016,8265.799805,8593.799805,8168.700195,8531,4.22
18/07/2016,8552.900391,8620.900391,8439.299805,8599.900391,0.81
25/07/2016,8605.700195,8720.200195,8479.200195,8587.200195,-0.15
01/08/2016,8667.5,8679.099609,8229.400391,8539.400391,-0.56
08/08/2016,8573.5,8747.599609,8531.799805,8716.400391,2.07
15/08/2016,8711,8753.599609,8393.5,8450.599609,-3.05
22/08/2016,8431.299805,8673.900391,8407.599609,8659.5,2.47
29/08/2016,8611.200195,8912.599609,8573.700195,8908.900391,2.88
05/09/2016,8928.400391,9135.799805,8893.900391,9025.5,1.31
12/09/2016,8877.099609,8924,8603.299805,8633.400391,-4.34
19/09/2016,8723.5,8966.099609,8649.5,8823.599609,2.20
26/09/2016,8765.400391,8864.799805,8543.099609,8779.400391,-0.50
03/10/2016,8759,8846.400391,8596,8624.299805,-1.77
10/10/2016,8631.299805,8800.799805,8551.200195,8767.900391,1.67
17/10/2016,8721,9100.400391,8714.5,9100.400391,3.79
24/10/2016,9156.400391,9255.299805,9086,9201.299805,1.11
31/10/2016,9144.900391,9214.099609,8755.099609,8791.599609,-4.45
07/11/2016,8949.400391,9053.900391,8570.400391,8639.200195,-1.73
14/11/2016,8733,8765.200195,8563.599609,8622.900391,-0.19
21/11/2016,8659.900391,8684.700195,8558.5,8674.400391,0.60
28/11/2016,8651.799805,8714.900391,8576,8607.099609,-0.78
05/12/2016,8533.900391,9179.599609,8512.400391,9169.599609,6.54
12/12/2016,9171.700195,9452.900391,9132.599609,9412.799805,2.65
19/12/2016,9376.799805,9421.5,9297.5,9367.700195,-0.48
26/12/2016,9354.799805,9390.900391,9269.5,9352.099609,-0.17
02/01/2017,9448.299805,9552.099609,9413.599609,9515.900391,1.75
09/01/2017,9536.900391,9536.900391,9343,9511.599609,-0.05
16/01/2017,9457.200195,9465.200195,9327.400391,9380.099609,-1.38
23/01/2017,9337.799805,9623.5,9279,9504.099609,1.32
30/01/2017,9460.599609,9482.599609,9301.5,9462.700195,-0.44
06/02/2017,9459.400391,9498.299805,9236.599609,9378.099609,-0.89
13/02/2017,9421.900391,9614.599609,9387.700195,9500.299805,1.30
20/02/2017,9564.400391,9606.099609,9383.099609,9453.5,-0.49
27/02/2017,9494,9799.599609,9427.700195,9798.5,3.65
06/03/2017,9772.299805,10091.40039,9753.900391,10006.40039,2.12
13/03/2017,10020,10250.2002,9886.900391,10245.79981,2.39
20/03/2017,10216.7002,10334.7002,10092.79981,10309.40039,0.62
27/03/2017,10218.5,10462.90039,10191.09961,10462.90039,1.49
03/04/2017,10457.7002,10534.5,10270.29981,10529,0.63
10/04/2017,10507.90039,10509,10264.59961,10326.09961,-1.93
17/04/2017,10365.59961,10473.90039,10216.90039,10377,0.49
24/04/2017,10714.2002,10828.79981,10622.79981,10715.79981,3.26
01/05/2017,10737.7002,11135.40039,10719.40039,11135.40039,3.92
08/05/2017,11177.29981,11184.40039,10823.90039,10897,-2.14
15/05/2017,10941.09961,10991.2002,10564.29981,10835.40039,-0.57
22/05/2017,10843.5,10983.90039,10756.5,10904.2002,0.63
29/05/2017,10864,11007.7002,10788.7002,10905.90039,0.02
05/06/2017,10889.59961,11048,10761.7002,10978.29981,0.66
12/06/2017,10929.7002,10937,10598,10759.40039,-1.99
19/06/2017,10839.79981,10901.5,10596.29981,10630.79981,-1.20
26/06/2017,10666.09961,10772,10433.2002,10444.5,-1.75
03/07/2017,10507.59961,10615.09961,10402,10488.79981,0.42
10/07/2017,10525.40039,10704.29981,10438.79981,10655.09961,1.59
17/07/2017,10665.5,10684.59961,10381.2002,10426.59961,-2.14
24/07/2017,10432,10652.90039,10368.09961,10536.09961,1.05
31/07/2017,10536.59961,10696.09961,10416.90039,10658.40039,1.16
07/08/2017,10682.79981,10758.2002,10252.40039,10282.90039,-3.52
14/08/2017,10329.40039,10575.90039,10284.79981,10385.7002,1.00
21/08/2017,10360,10445,10309.79981,10345.29981,-0.39
28/08/2017,10313.7002,10366.5,10134.29981,10325.5,-0.19
04/09/2017,10234.09961,10287.59961,10087.59961,10129.59961,-1.90
11/09/2017,10199.90039,10395.09961,10197.79981,10317.40039,1.85
18/09/2017,10358,10410.2002,10248.40039,10305,-0.12
25/09/2017,10270,10406.5,10166.7002,10381.5,0.74
02/10/2017,10262.29981,10327.2002,9922.299805,10185.5,-1.89
09/10/2017,10210.59961,10313.09961,10107.79981,10258,0.71
16/10/2017,10244.40039,10297.09961,10134,10222.7002,-0.34
23/10/2017,10202.40039,10422.7002,10121.2002,10197.5,-0.25
30/10/2017,10321.2002,10594.2002,10293,10357.79981,1.57
06/11/2017,10358.09961,10376.2002,10075.79981,10092.7002,-2.56
13/11/2017,10124,10173.5,9889.400391,10010.40039,-0.82
20/11/2017,9999.700195,10125.40039,9981.299805,10053.5,0.43
27/11/2017,10027.40039,10323.09961,10014.40039,10085,0.31
04/12/2017,10182.79981,10380.29981,10098.09961,10321.09961,2.34
11/12/2017,10339.29981,10355,10113.79981,10150.40039,-1.65
18/12/2017,10197.90039,10322.59961,10138.29981,10182,0.31
25/12/2017,10167.2002,10213.2002,10028.7002,10043.90039,-1.36
01/01/2018,10089.59961,10411.40039,10017,10411.40039,3.66
08/01/2018,10439.79981,10492.2002,10385.59961,10462.40039,0.49
15/01/2018,10471.59961,10572.90039,10396.2002,10479.5,0.16
22/01/2018,10503.59961,10643.40039,10488.29981,10595.40039,1.11
29/01/2018,10605.5,10605.7002,10205.29981,10211.2002,-3.63
05/02/2018,10138.40039,10173.79981,9581.099609,9639.599609,-5.60
12/02/2018,9760.099609,9839.700195,9595.900391,9832.099609,2.00
19/02/2018,9865.099609,9905.400391,9744.900391,9822.400391,-0.10
26/02/2018,9888.400391,9937.200195,9510.799805,9531.099609,-2.97
05/03/2018,9500,9704.900391,9494.5,9686.099609,1.63
12/03/2018,9747.400391,9811.400391,9632.200195,9761,0.77
19/03/2018,9733.900391,9747.299805,9327.599609,9393.099609,-3.77
26/03/2018,9418.099609,9657.5,9343.299805,9600.400391,2.21
02/04/2018,9532.099609,9761.799805,9417.299805,9682.799805,0.86
09/04/2018,9735.099609,9858.900391,9706.099609,9767.299805,0.87
16/04/2018,9768.700195,9908,9747.299805,9884.200195,1.20
23/04/2018,9898.599609,9947.299805,9793,9925.400391,0.42
30/04/2018,9924,10104.09961,9916.099609,10104.09961,1.80
07/05/2018,10114.2002,10284.5,10091.90039,10271.40039,1.66
14/05/2018,10277.2002,10291.40039,10088.40039,10112.40039,-1.55
21/05/2018,10155.2002,10156.40039,9722.799805,9826.5,-2.83
28/05/2018,9891.400391,9921.400391,9400.299805,9632.400391,-1.98
04/06/2018,9716.299805,9940.599609,9654.400391,9746.299805,1.18
11/06/2018,9835,9985.900391,9798.900391,9851,1.07
18/06/2018,9818,9876.799805,9598.5,9792.099609,-0.60
25/06/2018,9711.400391,9741.299805,9506.599609,9622.700195,-1.73
02/07/2018,9526.299805,9926.900391,9443.5,9905,2.93
09/07/2018,9923.5,9971.599609,9694.400391,9734.799805,-1.72
16/07/2018,9733.599609,9796.700195,9643.900391,9724.799805,-0.10
23/07/2018,9699.700195,9896,9661.400391,9867.900391,1.47
30/07/2018,9827.900391,9924.400391,9666.599609,9739.799805,-1.30
06/08/2018,9758.400391,9813.599609,9557.400391,9602.099609,-1.41
13/08/2018,9543.799805,9596.299805,9339.5,9417.299805,-1.92
20/08/2018,9448.900391,9630.200195,9437.099609,9589.5,1.83
27/08/2018,9631.599609,9671.099609,9375.099609,9399.099609,-1.99
03/09/2018,9387.700195,9436.099609,9111.099609,9171.200195,-2.42
10/09/2018,9173,9387.099609,9161,9365.299805,2.12
17/09/2018,9350.299805,9665.400391,9349.900391,9590.400391,2.40
24/09/2018,9549.900391,9586,9299.599609,9389.200195,-2.10
01/10/2018,9384.299805,9475.200195,9239.900391,9253.900391,-1.44
08/10/2018,9227.099609,9283.299805,8897.5,8902,-3.80
15/10/2018,8883.099609,9140.299805,8768.599609,8892.099609,-0.11
22/10/2018,8997.700195,9013.099609,8627.599609,8730.400391,-1.82
29/10/2018,8775.700195,9073.5,8752.900391,8993,3.01
05/11/2018,9005.400391,9232.299805,8911.299805,9134.799805,1.58
12/11/2018,9174.799805,9189.799805,9015.900391,9056.799805,-0.85
19/11/2018,9073.799805,9138.299805,8829.599609,8916.700195,-1.55
26/11/2018,8984,9199.599609,8984,9077.200195,1.80
03/12/2018,9239.799805,9262.099609,8743.700195,8815.5,-2.88
10/12/2018,8771,8974.900391,8644,8886.099609,0.80
17/12/2018,8862.900391,8906.200195,8468.400391,8556.799805,-3.71
24/12/2018,8490.200195,8557.700195,8286.200195,8493.700195,-0.74
31/12/2018,8510.799805,8774.299805,8354.799805,8737.799805,2.87
07/01/2019,8781.200195,8900.400391,8710.400391,8877.099609,1.59
14/01/2019,8819.200195,9080.799805,8751.200195,9069.099609,2.16
21/01/2019,9064.799805,9225.400391,9001.099609,9185.200195,1.28
28/01/2019,9149.5,9181.5,8942.400391,9019.400391,-1.81
04/02/2019,9015.299805,9113.700195,8826.5,8856.799805,-1.80
11/02/2019,8905.099609,9134.799805,8893.099609,9123.200195,3.01
18/02/2019,9134.599609,9238.900391,9096.099609,9204.599609,0.89
25/02/2019,9244.200195,9361.400391,9141,9267.700195,0.69
04/03/2019,9309.299805,9366.700195,9110.5,9129.299805,-1.49
11/03/2019,9157.700195,9342.200195,9106.799805,9342.200195,2.33
18/03/2019,9350.799805,9532.900391,9188.299805,9199.400391,-1.53
25/03/2019,9159.400391,9323.5,9127.299805,9240.299805,0.44
01/04/2019,9304.799805,9553.599609,9269.700195,9510.299805,2.92
08/04/2019,9483.400391,9511.200195,9372.299805,9468.5,-0.44
15/04/2019,9488.099609,9581.900391,9460.5,9581.900391,1.20
22/04/2019,9586,9588.200195,9421.299805,9506,-0.79
29/04/2019,9435.299805,9570.599609,9388.700195,9409.599609,-1.01
06/05/2019,9259,9404.599609,9079.799805,9117.5,-3.10
13/05/2019,9127.599609,9321.599609,9025.700195,9280.099609,1.78
20/05/2019,9286,9334.900391,9098.400391,9174.599609,-1.14
27/05/2019,9225.900391,9294.599609,8959.5,9004.200195,-1.86
03/06/2019,8945.700195,9261.400391,8903.099609,9236.099609,2.58
10/06/2019,9284.200195,9332.5,9169.299805,9194.200195,-0.45
17/06/2019,9199.599609,9297.700195,9060.400391,9227.200195,0.36
24/06/2019,9230,9285.400391,9118.5,9198.799805,-0.31
01/07/2019,9290.299805,9417.799805,9217.5,9335,1.48
08/07/2019,9303.299805,9340.200195,9218.299805,9293.200195,-0.45
15/07/2019,9313.200195,9393.900391,9152.900391,9170.5,-1.32
22/07/2019,9172.599609,9453,9137.400391,9225.5,0.60
29/07/2019,9201.299805,9257.400391,8870.700195,8897.599609,-3.55
05/08/2019,8824,8869,8679.799805,8757.799805,-1.57
12/08/2019,8796.900391,8811,8409.200195,8670.400391,-1.00
19/08/2019,8726.900391,8806.400391,8618.299805,8649.5,-0.24
26/08/2019,8603.299805,8858.799805,8592.200195,8812.900391,1.89
02/09/2019,8810.799805,9025.900391,8772.799805,8990.099609,2.01
09/09/2019,8997.700195,9153.5,8947.700195,9137.900391,1.64
16/09/2019,9099.900391,9210.900391,8963.799805,9179,0.45
23/09/2019,9154.900391,9210.5,9000.900391,9184.099609,0.06
30/09/2019,9194.799805,9298.799805,8850.599609,8961.799805,-2.42
07/10/2019,8954.700195,9273.799805,8900.799805,9273.799805,3.48
14/10/2019,9229.200195,9494.5,9195.200195,9329.799805,0.60
21/10/2019,9350.299805,9448,9332.400391,9430.200195,1.08
28/10/2019,9432.299805,9455.599609,9208.900391,9328,-1.08
04/11/2019,9376.5,9482.5,9354.299805,9393.700195,0.70
11/11/2019,9370.299805,9436.799805,9132.799805,9261.400391,-1.41
18/11/2019,9265.099609,9327.5,9152.099609,9254.700195,-0.07
25/11/2019,9300,9404.5,9288.200195,9352,1.05
02/12/2019,9367.200195,9395.400391,9110.099609,9382.700195,0.33
09/12/2019,9378.200195,9650.900391,9246.099609,9563.700195,1.93
16/12/2019,9607.900391,9692.400391,9567.400391,9675.5,1.17
23/12/2019,9650.200195,9700.5,9607.799805,9700.5,0.26
30/12/2019,9672.5,9705.400391,9518.5,9646.599609,-0.56
06/01/2020,9585.400391,9657.900391,9492.700195,9573.599609,-0.76
13/01/2020,9586.599609,9709.900391,9466,9681.299805,1.12
20/01/2020,9676.599609,9680.900391,9499.299805,9562,-1.23
27/01/2020,9447.099609,9574.299805,9357.799805,9367.900391,-2.03
03/02/2020,9404.400391,9816.200195,9361.5,9811,4.73
10/02/2020,9790.599609,9969.700195,9773.5,9956.799805,1.49
17/02/2020,9979.200195,10100.2002,9843.5,9886.200195,-0.71
24/02/2020,9649.799805,9676.799805,8582.700195,8723.200195,-11.76
02/03/2020,8910.200195,9014.299805,8310.400391,8375.599609,-3.98
09/03/2020,7884,8022.899902,6347,6629.600098,-20.85
16/03/2020,6331,6769.899902,5814.5,6443.299805,-2.81
23/03/2020,6223.700195,7058.100098,6148,6777.899902,5.19
30/03/2020,6748.600098,6802,6424.5,6581.600098,-2.90
06/04/2020,6807.899902,7119.100098,6728.600098,7070.600098,7.43
