Date,Open,High,Low,Close,% Change OMX
21/03/2005,760.169983,770.47998,760.169983,770.47998,0.81
28/03/2005,770.47998,778.640015,769.48999,778.640015,1.06
04/04/2005,775.460022,791.090027,775.460022,791.090027,1.60
11/04/2005,792.299988,796.369995,784.289978,784.289978,-0.86
18/04/2005,772.859985,785.960022,772.859985,785.960022,0.21
25/04/2005,786.159973,786.159973,748.23999,749.539978,-4.63
02/05/2005,754.789978,766.25,754.789978,766.25,2.23
09/05/2005,768.799988,775.200012,762.130005,775.200012,1.17
16/05/2005,774.919983,785.109985,774.919983,784.580017,1.21
23/05/2005,784.340027,790.719971,783.169983,790.719971,0.78
30/05/2005,793.799988,795.580017,787.580017,787.580017,-0.40
06/06/2005,787.580017,799.590027,787.580017,799.590027,1.52
13/06/2005,801.169983,809.799988,801.169983,808.619995,1.13
20/06/2005,811.849976,828.22998,811.849976,828.22998,2.43
27/06/2005,809.909973,830.150024,809.909973,830.150024,0.23
04/07/2005,832.340027,832.340027,818.539978,832.22998,0.25
11/07/2005,845.630005,850.150024,843.809998,848.460022,1.95
18/07/2005,849.75,852.789978,846.799988,852.52002,0.48
25/07/2005,852.409973,863.840027,852.409973,863.840027,1.33
01/08/2005,862.969971,870.869995,860.880005,860.880005,-0.34
08/08/2005,861,874.859985,861,866.859985,0.69
15/08/2005,867.299988,867.299988,861.340027,866.469971,-0.04
22/08/2005,866.940002,866.940002,833.859985,833.859985,-3.76
29/08/2005,841.070007,853.669983,838.330017,853.669983,2.38
05/09/2005,856.210022,868.929993,856.210022,868.929993,1.79
12/09/2005,869.580017,873.030029,869.200012,872.429993,0.40
19/09/2005,872.390015,872.679993,864.049988,870.030029,-0.28
26/09/2005,882.830017,896.289978,882.77002,896.289978,3.02
03/10/2005,905.380005,905.380005,888.130005,888.130005,-0.91
10/10/2005,892.059998,892.51001,873.940002,876.330017,-1.33
17/10/2005,872.890015,872.890015,854.599976,854.599976,-2.48
24/10/2005,863.5,872.909973,862.659973,862.659973,0.94
31/10/2005,882.630005,898.23999,882.630005,896.619995,3.94
07/11/2005,901.609985,914.099976,899.280029,914.099976,1.95
14/11/2005,914.299988,918.97998,911.530029,918.97998,0.53
21/11/2005,922.73999,922.73999,916.840027,919.650024,0.07
28/11/2005,921.799988,933.690002,911.159973,933.690002,1.53
05/12/2005,926.97998,943.159973,926.97998,943.159973,1.01
12/12/2005,940.289978,943.570007,934.789978,943.570007,0.04
19/12/2005,943.719971,958.440002,943.719971,958.440002,1.58
26/12/2005,958.440002,966.73999,958.440002,960.01001,0.16
02/01/2006,963.390015,973.609985,963.390015,972.890015,1.34
09/01/2006,982.630005,982.630005,967.26001,967.26001,-0.58
16/01/2006,971.640015,971.640015,935.869995,935.869995,-3.25
23/01/2006,935.140015,959.349976,929.219971,959.349976,2.51
30/01/2006,958.98999,969.679993,958.98999,963.140015,0.40
06/02/2006,968.450012,977.400024,961.710022,968.570007,0.56
13/02/2006,973.369995,983.580017,973.369995,982.890015,1.48
20/02/2006,985.77002,1010.73999,985.77002,1010.73999,2.83
27/02/2006,1015.710022,1015.710022,995.01001,1010.049988,-0.07
06/03/2006,1014.780029,1014.780029,997.440002,1009.429993,-0.06
13/03/2006,1018.359985,1034.060059,1017.710022,1034.060059,2.44
20/03/2006,1041.369995,1063.73999,1041.369995,1063.73999,2.87
27/03/2006,1056.920044,1069.339966,1052.670044,1059.939941,-0.36
03/04/2006,1076.5,1076.5,1055.709961,1055.709961,-0.40
10/04/2006,1059.140015,1059.140015,1046.209961,1052.030029,-0.35
17/04/2006,1052.030029,1064.900024,1049.680054,1062.790039,1.02
24/04/2006,1054.48999,1054.48999,1036.869995,1036.869995,-2.44
01/05/2006,1036.869995,1055.449951,1036.869995,1055.449951,1.79
08/05/2006,1053.76001,1054.119995,1013.690002,1013.690002,-3.96
15/05/2006,997.349976,1001.630005,950.080017,951.590027,-6.13
22/05/2006,906.25,972.789978,906.25,972.789978,2.23
29/05/2006,971.169983,971.169983,937.469971,954.690002,-1.86
05/06/2006,951.289978,951.289978,892.330017,917.5,-3.90
12/06/2006,902.159973,924.799988,878.159973,909.789978,-0.84
19/06/2006,920.859985,928.719971,919.119995,928.719971,2.08
26/06/2006,928.559998,956.48999,915.97998,956.48999,2.99
03/07/2006,961.23999,965.419983,949.619995,949.619995,-0.72
10/07/2006,954.099976,954.099976,906.049988,906.049988,-4.59
17/07/2006,899.349976,929.539978,893.570007,914.599976,0.94
24/07/2006,931.960022,955.049988,928.690002,955.049988,4.42
31/07/2006,946.26001,946.26001,932.039978,944.969971,-1.06
07/08/2006,932.099976,941.059998,932.099976,937.130005,-0.83
14/08/2006,945.369995,979.849976,945.369995,978.150024,4.38
21/08/2006,977.690002,982.919983,971.780029,972.590027,-0.57
28/08/2006,978.299988,997.570007,978.299988,997.570007,2.57
04/09/2006,1011.580017,1011.580017,989.530029,999.080017,0.15
11/09/2006,993.109985,1027.869995,993.109985,1025.469971,2.64
18/09/2006,1032.109985,1041.079956,1026.689941,1028.689941,0.31
25/09/2006,1017.349976,1040.650024,1017.349976,1039.339966,1.04
02/10/2006,1043.359985,1060.339966,1034.150024,1059.819946,1.97
09/10/2006,1066.930054,1097.27002,1066.930054,1092.119995,3.05
16/10/2006,1077.5,1094.219971,1077.5,1094.219971,0.19
23/10/2006,1099.160034,1099.810059,1088.300049,1088.300049,-0.54
30/10/2006,1082.869995,1094.910034,1082.869995,1084.859985,-0.32
06/11/2006,1102.859985,1108.709961,1099.369995,1099.369995,1.34
13/11/2006,1106.589966,1117.949951,1098.819946,1098.819946,-0.05
20/11/2006,1106.540039,1109.550049,1089.75,1089.75,-0.83
27/11/2006,1058.069946,1085.140015,1058.069946,1059.839966,-2.74
04/12/2006,1074.670044,1096.189941,1074.670044,1095.930054,3.41
11/12/2006,1111.589966,1139.050049,1111.589966,1139.050049,3.93
18/12/2006,1138.819946,1141.48999,1126.550049,1141.48999,0.21
25/12/2006,1150.25,1150.25,1147.27002,1147.27002,0.51
01/01/2007,1164.119995,1164.119995,1147.219971,1147.219971,0.00
08/01/2007,1144.47998,1160.040039,1133.050049,1159.459961,1.07
15/01/2007,1173.869995,1180.569946,1170.630005,1180.569946,1.82
22/01/2007,1181.349976,1185.819946,1175.130005,1177.349976,-0.27
29/01/2007,1178.880005,1191.709961,1178.880005,1187.089966,0.83
05/02/2007,1192.640015,1206.02002,1192.640015,1201.150024,1.18
12/02/2007,1187.119995,1220.369995,1187.119995,1215.040039,1.16
19/02/2007,1221.449951,1221.449951,1207.26001,1218.319946,0.27
26/02/2007,1229.650024,1229.650024,1151.180054,1159.550049,-4.82
05/03/2007,1147.930054,1188.880005,1147.930054,1188.880005,2.53
12/03/2007,1191.530029,1191.530029,1136.829956,1166.97998,-1.84
19/03/2007,1188.72998,1223.569946,1188.72998,1221.849976,4.70
26/03/2007,1206.26001,1214.630005,1201.140015,1214.410034,-0.61
02/04/2007,1225.97998,1245.569946,1225.97998,1242.180054,2.29
09/04/2007,1255.72998,1263.530029,1249.189941,1263.530029,1.72
16/04/2007,1277.640015,1282.180054,1267.380005,1282.180054,1.48
23/04/2007,1278.430054,1278.430054,1260.98999,1264.609985,-1.37
30/04/2007,1273.829956,1273.829956,1256.75,1264.189941,-0.03
07/05/2007,1272.619995,1272.619995,1221.689941,1240.390015,-1.88
14/05/2007,1254.449951,1269.459961,1254.449951,1269.459961,2.34
21/05/2007,1263.300049,1279.170044,1255.48999,1269.040039,-0.03
28/05/2007,1275.089966,1292.02002,1261.27002,1292.02002,1.81
04/06/2007,1284.819946,1284.819946,1232.800049,1238.910034,-4.11
11/06/2007,1249.699951,1276.030029,1237.400024,1276.030029,3.00
18/06/2007,1288.089966,1288.089966,1252.880005,1252.880005,-1.81
25/06/2007,1250.160034,1257.939941,1241.219971,1254.859985,0.16
02/07/2007,1254.48999,1279.48999,1254.48999,1278.380005,1.87
09/07/2007,1293.25,1308.76001,1284.579956,1308.76001,2.38
16/07/2007,1311.869995,1311.869995,1283.170044,1283.170044,-1.96
23/07/2007,1293.170044,1293.170044,1212.339966,1215.459961,-5.28
30/07/2007,1228.390015,1243.869995,1220.76001,1220.76001,0.44
06/08/2007,1203.839966,1243.48999,1170.079956,1170.079956,-4.15
13/08/2007,1205.449951,1205.449951,1145.430054,1163.209961,-0.59
20/08/2007,1176.219971,1209.810059,1170.25,1209.810059,4.01
27/08/2007,1200.75,1213.23999,1170.890015,1213.23999,0.28
03/09/2007,1222.310059,1226.079956,1159.949951,1159.949951,-4.39
10/09/2007,1147.199951,1196.630005,1147.199951,1179.76001,1.71
17/09/2007,1160.75,1221.77002,1160.75,1212.540039,2.78
24/09/2007,1198.5,1221.540039,1184.48999,1221.540039,0.74
01/10/2007,1229.300049,1257.699951,1229.300049,1257.699951,2.96
08/10/2007,1251.790039,1267.699951,1251.790039,1260.300049,0.21
15/10/2007,1249.650024,1249.650024,1169.689941,1169.689941,-7.19
22/10/2007,1145.869995,1175.390015,1145.869995,1173.310059,0.31
29/10/2007,1176.619995,1183.199951,1153.219971,1153.219971,-1.71
05/11/2007,1157.550049,1163.209961,1115.089966,1115.089966,-3.31
12/11/2007,1126,1126,1096.689941,1096.689941,-1.65
19/11/2007,1065.73999,1076.949951,1053.640015,1055.930054,-3.72
26/11/2007,1062.650024,1106.709961,1058.630005,1106.709961,4.81
03/12/2007,1102.189941,1119.699951,1081.219971,1119.699951,1.17
10/12/2007,1130.900024,1131.579956,1097.689941,1097.689941,-1.97
17/12/2007,1067.849976,1078.930054,1059.98999,1078.930054,-1.71
24/12/2007,1073.660034,1081.439941,1073.660034,1081.439941,0.23
31/12/2007,1081.439941,1081.439941,1014.630005,1014.630005,-6.18
07/01/2008,1011.48999,1024.420044,987.940002,987.940002,-2.63
14/01/2008,1008,1008,957.630005,957.630005,-3.07
21/01/2008,917.75,961.690002,917.75,961.690002,0.42
28/01/2008,949.080017,976.429993,949.039978,976.429993,1.53
04/02/2008,976.460022,976.460022,920.76001,920.76001,-5.70
11/02/2008,911.390015,950.840027,911.390015,938.789978,1.96
18/02/2008,962.130005,967.419983,944.130005,944.130005,0.57
25/02/2008,961.880005,986.299988,961.880005,965.289978,2.24
03/03/2008,954.219971,954.219971,925.539978,925.539978,-4.12
10/03/2008,914.679993,947.789978,914.679993,924.219971,-0.14
17/03/2008,886.559998,914.549988,886.559998,894.780029,-3.19
24/03/2008,932.090027,952.98999,931.869995,951.710022,6.36
31/03/2008,952.130005,996.909973,952.130005,979.570007,2.93
07/04/2008,993.340027,993.340027,956.52002,956.52002,-2.35
14/04/2008,948.400024,981.440002,948.400024,981.440002,2.61
21/04/2008,969.190002,998.830017,962.349976,998.830017,1.77
28/04/2008,1005.309998,1008.200012,986.059998,1008.200012,0.94
05/05/2008,1009.330017,1020.049988,1003.51001,1003.51001,-0.47
12/05/2008,1008.299988,1023.179993,1008.299988,1023.179993,1.96
19/05/2008,1036.859985,1036.859985,994.22998,994.22998,-2.83
26/05/2008,997.559998,1004.900024,993,1004.900024,1.07
02/06/2008,995.590027,997.859985,981.150024,981.150024,-2.36
09/06/2008,957.830017,957.830017,934.859985,947.580017,-3.42
16/06/2008,947.48999,956.900024,932.820007,932.820007,-1.56
23/06/2008,914.400024,914.400024,862.650024,862.650024,-7.52
30/06/2008,857.650024,857.650024,839.919983,839.919983,-2.63
07/07/2008,853.140015,853.140015,813.599976,813.599976,-3.13
14/07/2008,826.590027,881.02002,814.98999,881.02002,8.29
21/07/2008,886.619995,886.619995,857.330017,858.289978,-2.58
28/07/2008,850.309998,867.440002,850.309998,854.679993,-0.42
04/08/2008,847.150024,886.52002,847.150024,885.01001,3.55
11/08/2008,900.26001,900.26001,868.809998,873.330017,-1.32
18/08/2008,875.27002,875.27002,837.070007,865.02002,-0.95
25/08/2008,852.200012,876.73999,852.200012,870.859985,0.68
01/09/2008,873.409973,889.359985,825.01001,825.01001,-5.26
08/09/2008,855.950012,855.950012,827.659973,847.789978,2.76
15/09/2008,822.599976,851.719971,779.369995,851.719971,0.46
22/09/2008,836.429993,836.859985,816.700012,821.380005,-3.56
29/09/2008,774.330017,780.390015,761.690002,780.390015,-4.99
06/10/2008,723.909973,723.909973,622.97998,622.97998,-20.17
13/10/2008,675.849976,686.23999,627.549988,632.340027,1.50
20/10/2008,661.700012,666.799988,593.869995,593.869995,-6.08
27/10/2008,575.710022,646.090027,575.710022,638.909973,7.58
03/11/2008,667.880005,713.669983,658.02002,679.200012,6.31
10/11/2008,684.710022,684.710022,630.26001,635.590027,-6.42
17/11/2008,631.919983,631.919983,560.940002,567.609985,-10.70
24/11/2008,567.609985,647.880005,567.609985,641.73999,13.06
01/12/2008,641.73999,664.359985,591.700012,608.640015,-5.16
08/12/2008,608.640015,692.210022,608.640015,659.799988,8.41
15/12/2008,659.799988,679.25,650.25,663.97998,0.63
22/12/2008,663.97998,664.440002,650.119995,659.179993,-0.72
29/12/2008,659.179993,695.719971,654.47998,693.780029,5.25
05/01/2009,693.780029,704.48999,683.409973,685.830017,-1.15
12/01/2009,685.830017,685.830017,612.150024,628.690002,-8.33
19/01/2009,628.690002,638.570007,591.619995,604.119995,-3.91
26/01/2009,604.119995,643.22998,600.380005,617.380005,2.19
02/02/2009,617.5,673.650024,595.619995,670.539978,8.61
09/02/2009,670.280029,690.51001,657.98999,677.700012,1.07
16/02/2009,676.820007,686.659973,635.929993,636.140015,-6.13
23/02/2009,636.140015,646.400024,608.570007,640.390015,0.67
02/03/2009,638.380005,638.630005,602.659973,607.450012,-5.14
09/03/2009,606.570007,685.330017,593.280029,659.309998,8.54
16/03/2009,660.52002,689.960022,655.659973,661.590027,0.35
23/03/2009,661.469971,678.400024,646.159973,655.590027,-0.91
30/03/2009,653.880005,726.97998,629.690002,711.159973,8.48
06/04/2009,710.669983,727.869995,689.780029,717.65802,0.91
13/04/2009,717.659973,771.440002,717.169983,767.75,6.98
20/04/2009,767.380005,781.840027,715.27002,779.159973,1.49
27/04/2009,778.789978,784.419983,745.349976,763.890015,-1.96
04/05/2009,761.090027,816.349976,760.840027,802.030029,4.99
11/05/2009,802.150024,804.179993,734.119995,764.77002,-4.65
18/05/2009,764.039978,798.919983,751.049988,769.400024,0.61
25/05/2009,769.159973,783.710022,752.809998,776.5,0.92
01/06/2009,777.349976,802.919983,761.030029,770.47998,-0.78
08/06/2009,771.090027,810.030029,755.530029,799.650024,3.79
15/06/2009,799.650024,799.890015,767.830017,778.090027,-2.70
22/06/2009,778.090027,792.070007,749.070007,786.820007,1.12
29/06/2009,785.849976,814.72998,784.960022,790.450012,0.46
06/07/2009,790.210022,793.400024,770.23999,774.119995,-2.07
13/07/2009,774,844.130005,766.710022,842.150024,8.79
20/07/2009,842.150024,874.47998,838.26001,870.97998,3.42
27/07/2009,871.820007,884.119995,849.179993,882.049988,1.27
03/08/2009,881.450012,896.809998,864.080017,892.190002,1.15
10/08/2009,892.190002,898.159973,859.27002,876.73999,-1.73
17/08/2009,876.73999,917.179993,853.26001,913.840027,4.23
24/08/2009,914.570007,925.030029,894.900024,919.909973,0.66
31/08/2009,919.669983,919.669983,867.880005,891.390015,-3.10
07/09/2009,892.349976,926.679993,892.349976,918.190002,3.01
14/09/2009,917.219971,929.590027,901.159973,920.22998,0.22
21/09/2009,919.98999,928.940002,895.76001,899.869995,-2.21
28/09/2009,899.51001,917.640015,859.880005,867.840027,-3.56
05/10/2009,867.599976,903.969971,865.690002,899.700012,3.67
12/10/2009,899.719971,938.630005,899.640015,927.76001,3.12
19/10/2009,927.400024,950.890015,920.330017,932.289978,0.49
26/10/2009,932.469971,949.48999,915.650024,944.669983,1.33
02/11/2009,942.340027,950.26001,916.789978,941.47998,-0.34
09/11/2009,941.539978,976.859985,941.539978,967.440002,2.76
16/11/2009,967.619995,975.52002,947.390015,951.570007,-1.64
23/11/2009,951.690002,976.599976,926.630005,952.530029,0.10
30/11/2009,952.169983,973.580017,936.190002,966.969971,1.52
07/12/2009,966.669983,973.27002,941.219971,949.840027,-1.77
14/12/2009,950.48999,960.580017,935.809998,936.030029,-1.45
21/12/2009,935.909973,967.01001,935.909973,961.539978,2.73
28/12/2009,961.369995,969.419983,951.539978,951.719971,-1.02
04/01/2010,951.719971,974.900024,951.719971,973.440002,2.28
11/01/2010,973.150024,986,964.349976,970.650024,-0.29
18/01/2010,970.409973,977.830017,943.609985,951.059998,-2.02
25/01/2010,948.809998,965.090027,934.659973,953.710022,0.28
01/02/2010,952.820007,975.25,934.380005,935.890015,-1.87
08/02/2010,939.919983,951.960022,920.289978,931.349976,-0.49
15/02/2010,932.859985,957.450012,919.390015,957.27002,2.78
22/02/2010,958.969971,959.109985,935.880005,947.390015,-1.03
01/03/2010,954.200012,999.650024,953.539978,998.070007,5.35
08/03/2010,1001.039978,1022.47998,994.929993,1018.150024,2.01
15/03/2010,1017.340027,1028.530029,1011.830017,1020.26001,0.21
22/03/2010,1017.619995,1036.300049,1011.830017,1027.420044,0.70
29/03/2010,1030.52002,1037.040039,1016.26001,1036.930054,0.93
05/04/2010,1036.930054,1046.579956,1028.469971,1044.579956,0.74
12/04/2010,1048.859985,1063.609985,1037.560059,1050.23999,0.54
19/04/2010,1044.439941,1068.290039,1028.810059,1066.819946,1.58
26/04/2010,1074.790039,1077.469971,1032.790039,1053.880005,-1.21
03/05/2010,1049.540039,1062.880005,929.02002,944.570007,-10.37
10/05/2010,977.97998,1013.570007,974.440002,984.909973,4.27
17/05/2010,976.900024,1003.880005,933.159973,953.77002,-3.16
24/05/2010,962.97998,988.919983,923.130005,979.119995,2.66
31/05/2010,979.460022,1014.940002,961.159973,988.460022,0.95
07/06/2010,975.219971,1022.390015,963.549988,1016.289978,2.82
14/06/2010,1022.929993,1056.650024,1022.929993,1054.579956,3.77
21/06/2010,1066,1069.719971,1019.869995,1021.429993,-3.14
28/06/2010,1025.670044,1028.410034,975.48999,983.299988,-3.73
05/07/2010,988.690002,1029.349976,979.109985,1028.119995,4.56
12/07/2010,1031.869995,1067.550049,1020.280029,1034.689941,0.64
19/07/2010,1032.540039,1067.290039,1016.539978,1057.77002,2.23
26/07/2010,1065.050049,1068.699951,1037.719971,1047.26001,-0.99
02/08/2010,1052.109985,1083.900024,1051.589966,1065.219971,1.71
09/08/2010,1072.180054,1077.780029,1021.940002,1036.449951,-2.70
16/08/2010,1042.050049,1061.630005,1018.349976,1020.630005,-1.53
23/08/2010,1022.669983,1029.930054,982.52002,1018.890015,-0.17
30/08/2010,1022.48999,1057.709961,993.460022,1047.98999,2.86
06/09/2010,1052.97998,1072.339966,1040.069946,1068.890015,1.99
13/09/2010,1074.319946,1089.680054,1071.180054,1081.97998,1.22
20/09/2010,1080.77002,1099.869995,1066.859985,1095.589966,1.26
27/09/2010,1097.410034,1100.72998,1077.829956,1082.369995,-1.21
04/10/2010,1082.849976,1096.880005,1061.97998,1085.51001,0.29
11/10/2010,1085.939941,1109.310059,1077.140015,1094.52002,0.83
18/10/2010,1091.619995,1119.189941,1087.150024,1109.959961,1.41
25/10/2010,1117.26001,1117.650024,1079.599976,1089.319946,-1.86
01/11/2010,1094.619995,1114.969971,1083.589966,1098.689941,0.86
08/11/2010,1105.359985,1116.099976,1086.030029,1094.550049,-0.38
15/11/2010,1089.47998,1110.550049,1078.27002,1110.550049,1.46
22/11/2010,1117.699951,1119.069946,1083.160034,1110.109985,-0.04
29/11/2010,1114.98999,1149.800049,1096.72998,1149.560059,3.55
06/12/2010,1147.160034,1157.219971,1131.119995,1139.160034,-0.90
13/12/2010,1141.25,1159.099976,1141.23999,1153.130005,1.23
20/12/2010,1153.089966,1169.459961,1149.130005,1160.550049,0.64
27/12/2010,1159.599976,1165.900024,1154.810059,1155.569946,-0.43
03/01/2011,1161.579956,1181.560059,1149.209961,1159.449951,0.34
10/01/2011,1158.73999,1179.839966,1149.380005,1173.280029,1.19
17/01/2011,1173.560059,1182.560059,1136.420044,1150.839966,-1.91
24/01/2011,1157.369995,1176.290039,1138.410034,1151.800049,0.08
31/01/2011,1148.550049,1156.199951,1120.680054,1139.310059,-1.08
07/02/2011,1143.01001,1148.660034,1117.900024,1139.969971,0.06
14/02/2011,1143.890015,1146.079956,1103.97998,1117.22998,-1.99
21/02/2011,1116.599976,1124.72998,1085.060059,1116.790039,-0.04
28/02/2011,1117.97998,1134.51001,1103.02002,1112.380005,-0.39
07/03/2011,1111.469971,1136.23999,1101.439941,1102.219971,-0.91
14/03/2011,1092.469971,1101.869995,1045.579956,1091.369995,-0.98
21/03/2011,1104.069946,1129.839966,1098.180054,1127.099976,3.27
28/03/2011,1125.47998,1146.699951,1122.25,1145.599976,1.64
04/04/2011,1145.73999,1157.609985,1141.920044,1151.369995,0.50
11/04/2011,1146.97998,1152.540039,1121.439941,1123.810059,-2.39
18/04/2011,1123.880005,1144.619995,1105.01001,1141.130005,1.54
25/04/2011,1141.130005,1163.060059,1139.040039,1162.839966,1.90
02/05/2011,1167.099976,1167.099976,1139.890015,1157.829956,-0.43
09/05/2011,1155.550049,1175.079956,1150.189941,1166.540039,0.75
16/05/2011,1161.359985,1173.47998,1157,1167.069946,0.05
23/05/2011,1154.380005,1157.52002,1126.050049,1149.119995,-1.54
30/05/2011,1148.619995,1161.48999,1129.339966,1133.670044,-1.34
06/06/2011,1133.670044,1137.73999,1091.51001,1095.689941,-3.35
13/06/2011,1097.089966,1111.530029,1064.670044,1083.439941,-1.12
20/06/2011,1071.219971,1095.27002,1053.050049,1055.23999,-2.60
27/06/2011,1049.869995,1119.900024,1048.469971,1118.050049,5.95
04/07/2011,1119.410034,1142.109985,1115.160034,1120.579956,0.23
11/07/2011,1114.599976,1116.839966,1075.47998,1079.640015,-3.65
18/07/2011,1076.459961,1100.51001,1052.069946,1091,1.05
25/07/2011,1082.930054,1092.130005,1053.310059,1065.969971,-2.29
01/08/2011,1081.160034,1087.180054,901.01001,947.780029,-11.09
08/08/2011,927.22998,960.330017,860.409973,957.590027,1.04
15/08/2011,966.539978,969.369995,851.140015,877.429993,-8.37
22/08/2011,867.73999,934.369995,867.73999,904.320007,3.06
29/08/2011,919.590027,966.080017,907.909973,932.099976,3.07
05/09/2011,912.289978,925.27002,875.119995,884.599976,-5.10
12/09/2011,862.539978,939.140015,853.47998,927.150024,4.81
19/09/2011,912.690002,919,833.030029,862.349976,-6.99
26/09/2011,848.25,931.719971,846.179993,910.169983,5.55
03/10/2011,892.429993,933.580017,855.73999,918.280029,0.89
10/10/2011,925.01001,965.450012,921.049988,956.390015,4.15
17/10/2011,963.119995,969.599976,926.590027,965.200012,0.92
24/10/2011,969.599976,1037.430054,964.409973,1025.719971,6.27
31/10/2011,1015.450012,1021.080017,940.950012,987.159973,-3.76
07/11/2011,970.070007,984.73999,925.210022,976.51001,-1.08
14/11/2011,983.150024,985.47998,935.960022,941.25,-3.61
21/11/2011,934.75,934.940002,872.929993,889.219971,-5.53
28/11/2011,899.52002,981.73999,899.359985,974.47998,9.59
05/12/2011,983.200012,992.030029,946.679993,963.25,-1.15
12/12/2011,960.650024,968.76001,932.109985,937.690002,-2.65
19/12/2011,931.179993,982.080017,927.469971,982.080017,4.73
26/12/2011,983.309998,988.159973,966.940002,987.849976,0.59
02/01/2012,986.013,1018.799988,980.945007,1002.179993,1.45
09/01/2012,998.840027,1025.22998,994.179993,1009,0.68
16/01/2012,1000.48999,1041.540039,1000.059998,1033.300049,2.41
23/01/2012,1033.089966,1051.410034,1018.780029,1041.400024,0.78
30/01/2012,1034.130005,1083.150024,1021.77002,1078.660034,3.58
06/02/2012,1077.380005,1084.589966,1058.5,1065.369995,-1.23
13/02/2012,1073.439941,1101.560059,1067.140015,1099.550049,3.21
20/02/2012,1104.469971,1113.449951,1085.329956,1100.01001,0.04
27/02/2012,1095.47998,1109.780029,1082.25,1105.109985,0.46
05/03/2012,1101.319946,1101.569946,1054.930054,1089.800049,-1.39
12/03/2012,1087.170044,1127.540039,1084.380005,1123.349976,3.08
19/03/2012,1121.25,1122.439941,1068.27002,1084.290039,-3.48
26/03/2012,1087.170044,1110.01001,1054.459961,1074.47998,-0.90
02/04/2012,1075.290039,1088.839966,1030.939941,1036.400024,-3.54
09/04/2012,1036.400024,1050.910034,1013.619995,1027.719971,-0.84
16/04/2012,1024.099976,1060.25,1021.76001,1055.72998,2.73
23/04/2012,1046.719971,1057.98999,1004.570007,1056.670044,0.09
30/04/2012,1056.589966,1071.420044,1026.030029,1031.949951,-2.34
07/05/2012,1012.780029,1033.130005,1006.280029,1032.410034,0.04
14/05/2012,1024.109985,1026.069946,955.140015,955.97998,-7.40
21/05/2012,955.429993,1004.169983,955.01001,985.030029,3.04
28/05/2012,992.580017,1006.909973,946.369995,956.700012,-2.88
04/06/2012,946.48999,990.570007,941.109985,975.76001,1.99
11/06/2012,996.580017,1002.070007,958.27002,977.530029,0.18
18/06/2012,990.849976,1016.119995,971.76001,1009.840027,3.31
25/06/2012,999.419983,1019.059998,971.900024,1019.059998,0.91
02/07/2012,1020.590027,1048.380005,1019.080017,1023.869995,0.47
09/07/2012,1022.26001,1033.819946,1009.320007,1030.939941,0.69
16/07/2012,1031.959961,1052.76001,1017,1041.560059,1.03
23/07/2012,1029.380005,1061.969971,1011.669983,1059.75,1.75
30/07/2012,1064.650024,1081.26001,1053.48999,1081.069946,2.01
06/08/2012,1079.719971,1085.280029,1063.290039,1079.52002,-0.14
13/08/2012,1076.449951,1092.599976,1071.530029,1091.449951,1.11
20/08/2012,1090.27002,1093.73999,1049.050049,1058.579956,-3.01
27/08/2012,1057.219971,1065.550049,1033.02002,1043.930054,-1.38
03/09/2012,1040.420044,1074.829956,1028.930054,1070.869995,2.58
10/09/2012,1067.589966,1119.189941,1060.439941,1114.97998,4.12
17/09/2012,1108.48999,1112.650024,1095.420044,1099.890015,-1.35
24/09/2012,1095.030029,1106.069946,1072.23999,1072.449951,-2.49
01/10/2012,1069.72998,1098.719971,1069.349976,1093.540039,1.97
08/10/2012,1087.349976,1087.969971,1055.849976,1058.699951,-3.19
15/10/2012,1058.079956,1083.569946,1058,1064.640015,0.56
22/10/2012,1063.939941,1075.949951,1034.550049,1059.199951,-0.51
29/10/2012,1054.790039,1069.910034,1047.280029,1069.910034,1.01
05/11/2012,1066.319946,1079.030029,1043.640015,1052.150024,-1.66
12/11/2012,1051.410034,1057.48999,1026.469971,1027.040039,-2.39
19/11/2012,1035.140015,1071.77002,1034.699951,1071.77002,4.36
26/11/2012,1069.290039,1090.939941,1061.189941,1085.849976,1.31
03/12/2012,1089.160034,1102.709961,1085.160034,1098.619995,1.18
10/12/2012,1094.550049,1109.97998,1092.119995,1098.079956,-0.05
17/12/2012,1098.329956,1110.030029,1094.800049,1107.930054,0.90
24/12/2012,1107.930054,1114.050049,1104.069946,1104.72998,-0.29
31/12/2012,1104.72998,1136.77002,1104.72998,1136.77002,2.90
07/01/2013,1136.910034,1137.369995,1118.97998,1132.280029,-0.39
14/01/2013,1133.170044,1141.170044,1123.73999,1135.02002,0.24
21/01/2013,1136.369995,1158.5,1135.01001,1158.5,2.07
28/01/2013,1162.180054,1182.119995,1155.73999,1176.109985,1.52
04/02/2013,1177.030029,1181.030029,1156.819946,1175.050049,-0.09
11/02/2013,1174.719971,1187.52002,1166.26001,1183.430054,0.71
18/02/2013,1183.26001,1207.359985,1181.089966,1205.099976,1.83
25/02/2013,1208.109985,1212.319946,1178.530029,1199.209961,-0.49
04/03/2013,1194.859985,1221,1190.369995,1215.140015,1.33
11/03/2013,1215.01001,1222.800049,1202.98999,1217.349976,0.18
18/03/2013,1195.930054,1211.849976,1179.75,1196.430054,-1.72
25/03/2013,1204.069946,1206.780029,1185.060059,1201.189941,0.40
01/04/2013,1201.189941,1211.25,1162.069946,1168.790039,-2.70
08/04/2013,1173.709961,1197.369995,1162.089966,1185.329956,1.42
15/04/2013,1184.569946,1186.939941,1140.689941,1147.310059,-3.21
22/04/2013,1153.829956,1198.329956,1142.810059,1194.660034,4.13
29/04/2013,1194.589966,1208.609985,1186.790039,1203.339966,0.73
06/05/2013,1202.219971,1232.849976,1200,1227.310059,1.99
13/05/2013,1227.630005,1244.670044,1218.349976,1244.25,1.38
20/05/2013,1245.949951,1257.560059,1214.819946,1217.060059,-2.19
27/05/2013,1221.930054,1245.800049,1209.560059,1214.77002,-0.19
03/06/2013,1207.630005,1222.660034,1175.530029,1192.97998,-1.79
10/06/2013,1191.689941,1197.170044,1155.939941,1177.589966,-1.29
17/06/2013,1180.359985,1198.119995,1137.119995,1138.599976,-3.31
24/06/2013,1122.459961,1166.359985,1108.959961,1151,1.09
01/07/2013,1158.310059,1186.329956,1141.900024,1167.52002,1.44
08/07/2013,1173.52002,1216.920044,1173.52002,1210.72998,3.70
15/07/2013,1216.930054,1222.599976,1205.709961,1221.209961,0.87
22/07/2013,1221.390015,1237.26001,1210.23999,1227.859985,0.54
29/07/2013,1227.800049,1252.819946,1224.890015,1250.540039,1.85
05/08/2013,1250.630005,1258.069946,1236.089966,1253.790039,0.26
12/08/2013,1255.599976,1265.880005,1238.410034,1255.02002,0.10
19/08/2013,1255.319946,1257.449951,1226.050049,1243.819946,-0.89
26/08/2013,1245.599976,1246.949951,1206.119995,1214.349976,-2.37
02/09/2013,1222.109985,1250.130005,1220.97998,1249.050049,2.86
09/09/2013,1249.439941,1274.160034,1242.48999,1265.969971,1.35
16/09/2013,1279.98999,1291.880005,1271.380005,1285.780029,1.56
23/09/2013,1284.660034,1286.689941,1263.030029,1269.47998,-1.27
30/09/2013,1258.209961,1269.25,1250.829956,1251.390015,-1.42
07/10/2013,1249.349976,1268.01001,1234.040039,1266.390015,1.20
14/10/2013,1261.189941,1283.900024,1253.77002,1283.900024,1.38
21/10/2013,1284.800049,1300.920044,1284.23999,1290.630005,0.52
28/10/2013,1293.900024,1295.599976,1274.949951,1278.420044,-0.95
04/11/2013,1283.079956,1296.47998,1271.579956,1281.859985,0.27
11/11/2013,1283.959961,1296.76001,1269.75,1295.930054,1.10
18/11/2013,1293.98999,1305.430054,1281.77002,1297.869995,0.15
25/11/2013,1301.349976,1316.300049,1301.219971,1307.709961,0.76
02/12/2013,1307.75,1309.089966,1263.300049,1274.630005,-2.53
09/12/2013,1278.430054,1284.780029,1252.689941,1255.709961,-1.48
16/12/2013,1257.790039,1311.380005,1254.130005,1309.920044,4.32
23/12/2013,1311.52002,1335.589966,1311.52002,1334.420044,1.87
30/12/2013,1334.800049,1338.530029,1320.52002,1325.119995,-0.70
06/01/2014,1329.349976,1334.469971,1322.300049,1329.839966,0.36
13/01/2014,1335.01001,1351.829956,1313.920044,1350.099976,1.52
20/01/2014,1348.060059,1358.550049,1318.47998,1318.530029,-2.34
27/01/2014,1317.900024,1327.25,1292.040039,1304.449951,-1.07
03/02/2014,1302.800049,1315.410034,1275.77002,1313.199951,0.67
10/02/2014,1317.310059,1341.140015,1313.420044,1335.890015,1.73
17/02/2014,1338.810059,1350.170044,1324.630005,1349.119995,0.99
24/02/2014,1356.119995,1373.680054,1351.329956,1369.130005,1.48
03/03/2014,1344.5,1376.449951,1334.089966,1358.359985,-0.79
10/03/2014,1356.25,1367.189941,1317.920044,1326.819946,-2.32
17/03/2014,1328.48999,1362.939941,1327.23999,1351.430054,1.85
24/03/2014,1352.060059,1359.280029,1335.5,1346.47998,-0.37
31/03/2014,1350.869995,1382.130005,1349.819946,1369.689941,1.72
07/04/2014,1360.75,1373.319946,1330.709961,1344.119995,-1.87
14/04/2014,1334.5,1351.72998,1328.819946,1341.560059,-0.19
21/04/2014,1355.670044,1369.449951,1351.060059,1360.349976,1.40
28/04/2014,1366.359985,1371.709961,1353.47998,1360.189941,-0.01
05/05/2014,1357.599976,1364.599976,1341.829956,1354.339966,-0.43
12/05/2014,1357.47998,1386.5,1357.47998,1382.140015,2.05
19/05/2014,1378.459961,1392.300049,1372.339966,1392.280029,0.73
26/05/2014,1396.069946,1404.630005,1389.030029,1402.079956,0.70
02/06/2014,1406.26001,1406.26001,1391.199951,1391.199951,-0.78
09/06/2014,1405,1410.089966,1383.290039,1390.150024,-0.08
16/06/2014,1387.930054,1392.160034,1378.420044,1386.040039,-0.30
23/06/2014,1388.640015,1400.560059,1369.650024,1379.02002,-0.51
30/06/2014,1380.209961,1409.439941,1372.880005,1399.939941,1.52
07/07/2014,1399.390015,1404.680054,1355.550049,1362.349976,-2.69
14/07/2014,1369,1393.119995,1367.959961,1387.369995,1.84
21/07/2014,1388.280029,1408.569946,1378.640015,1404.119995,1.21
28/07/2014,1405.660034,1408.199951,1360.530029,1361.439941,-3.04
04/08/2014,1369.170044,1371.540039,1320.98999,1331.560059,-2.19
11/08/2014,1341.449951,1368.51001,1339.829956,1352.97998,1.61
18/08/2014,1365.069946,1388.069946,1362.319946,1382.719971,2.20
25/08/2014,1391.560059,1398.47998,1380.589966,1388.890015,0.45
01/09/2014,1390.630005,1402.339966,1382.469971,1388.390015,-0.04
08/09/2014,1389.949951,1394.050049,1376.180054,1388.589966,0.01
15/09/2014,1382.119995,1424.219971,1380.219971,1421.47998,2.37
22/09/2014,1416.25,1423.599976,1387.310059,1396.199951,-1.78
29/09/2014,1397.099976,1403.219971,1353.930054,1369.52002,-1.91
06/10/2014,1374.869995,1380.72998,1297.459961,1302.339966,-4.91
13/10/2014,1292.47998,1310.459961,1246.560059,1310.459961,0.62
20/10/2014,1310.459961,1367.339966,1293.23999,1358.569946,3.67
27/10/2014,1373.920044,1414.079956,1348.790039,1412.839966,3.99
03/11/2014,1413.689941,1422.609985,1396.22998,1410.880005,-0.14
10/11/2014,1410.22998,1426.140015,1406.709961,1415.599976,0.33
17/11/2014,1409.469971,1447.530029,1408.349976,1447.530029,2.26
24/11/2014,1445.75,1474.890015,1445.150024,1461.339966,0.95
01/12/2014,1454.209961,1474.699951,1447.180054,1474.699951,0.91
08/12/2014,1470.310059,1472.660034,1425.859985,1425.859985,-3.31
15/12/2014,1428.369995,1456.51001,1386.609985,1452.359985,1.86
22/12/2014,1453.660034,1472,1453.660034,1470.48999,1.25
29/12/2014,1473.01001,1479.369995,1460.670044,1463.780029,-0.46
05/01/2015,1460.890015,1467.689941,1421.339966,1444.459961,-1.32
12/01/2015,1455.540039,1470.469971,1421.839966,1468.900024,1.69
19/01/2015,1473.849976,1540.910034,1466.780029,1536.390015,4.59
26/01/2015,1530.400024,1582.099976,1525.439941,1573.619995,2.42
02/02/2015,1576.170044,1601.119995,1567.630005,1599.550049,1.65
09/02/2015,1591.150024,1643.849976,1582.560059,1642.040039,2.66
16/02/2015,1640.040039,1665.069946,1625.189941,1664.329956,1.36
23/02/2015,1672.829956,1695.369995,1666.930054,1691.030029,1.60
02/03/2015,1691.439941,1701.069946,1643.619995,1662.550049,-1.68
09/03/2015,1658.910034,1669.73999,1634.800049,1665.130005,0.16
16/03/2015,1671.329956,1719.439941,1666.73999,1710.869995,2.75
23/03/2015,1708.099976,1708.569946,1654.040039,1662.560059,-2.82
30/03/2015,1670.709961,1689.219971,1654.98999,1675.52002,0.78
06/04/2015,1691.310059,1701.579956,1686.26001,1699.959961,1.46
13/04/2015,1700.869995,1714.619995,1655.719971,1655.719971,-2.60
20/04/2015,1658.880005,1716.890015,1658.880005,1698.51001,2.58
27/04/2015,1705.579956,1720.02002,1615.449951,1628.040039,-4.15
04/05/2015,1644.300049,1644.300049,1558.160034,1616.449951,-0.71
11/05/2015,1614.73999,1637.109985,1589.660034,1616.47998,0.00
18/05/2015,1621.329956,1653.709961,1611.589966,1648.459961,1.98
25/05/2015,1650.109985,1669.130005,1636.160034,1644.98999,-0.21
01/06/2015,1648.469971,1657.589966,1601.160034,1606.459961,-2.34
08/06/2015,1602.839966,1618.660034,1569.459961,1597.329956,-0.57
15/06/2015,1584.359985,1586.380005,1538.469971,1562.430054,-2.18
22/06/2015,1591.52002,1628.23999,1581.630005,1608.26001,2.93
29/06/2015,1550.300049,1585.780029,1537.930054,1553.599976,-3.40
06/07/2015,1530.98999,1590.540039,1507.01001,1590.540039,2.38
13/07/2015,1601.140015,1648.810059,1600.400024,1635.469971,2.82
20/07/2015,1641.47998,1658.930054,1611.189941,1612.800049,-1.39
27/07/2015,1607.160034,1615.640015,1578.390015,1615.640015,0.18
03/08/2015,1615.439941,1630.01001,1606.540039,1612.280029,-0.21
10/08/2015,1621.349976,1638.119995,1573.119995,1586.829956,-1.58
17/08/2015,1598.689941,1603.680054,1495.359985,1495.359985,-5.76
24/08/2015,1451.780029,1509.709961,1405.01001,1509.709961,0.96
31/08/2015,1502.829956,1506.530029,1459.48999,1461.459961,-3.20
07/09/2015,1473.449951,1524.22998,1466.199951,1488.410034,1.84
14/09/2015,1489.02002,1491.819946,1446.97998,1453.109985,-2.37
21/09/2015,1449.170044,1467.569946,1378.939941,1418.469971,-2.38
28/09/2015,1414.920044,1435.969971,1369.290039,1412.859985,-0.40
05/10/2015,1434.949951,1490.199951,1429.650024,1483.73999,5.02
12/10/2015,1488.079956,1504.599976,1441.290039,1452.359985,-2.11
19/10/2015,1452.619995,1514.849976,1434.719971,1506.589966,3.73
26/10/2015,1506.48999,1515.22998,1482.030029,1499.22998,-0.49
02/11/2015,1487.469971,1536.579956,1480.290039,1526.48999,1.82
09/11/2015,1530.359985,1537.25,1469,1476.209961,-3.29
16/11/2015,1476.209961,1530.910034,1458.52002,1521.869995,3.09
23/11/2015,1521.869995,1527.619995,1486.73999,1522,0.01
30/11/2015,1521.900024,1546.530029,1475.790039,1485.319946,-2.41
07/12/2015,1490.26001,1504.609985,1399.900024,1401.140015,-5.67
14/12/2015,1401.810059,1461.48999,1388.780029,1422.630005,1.53
21/12/2015,1422.630005,1446.689941,1410.23999,1446.689941,1.69
28/12/2015,1447.689941,1455.420044,1432.550049,1446.819946,0.01
04/01/2016,1441.339966,1441.339966,1326.699951,1348.76001,-6.78
11/01/2016,1348.22998,1377.869995,1296.920044,1305.23999,-3.23
18/01/2016,1306.560059,1364.23999,1283.130005,1361.359985,4.30
25/01/2016,1362.349976,1377.469971,1328.280029,1356.319946,-0.37
01/02/2016,1357.130005,1365.900024,1295.5,1330.109985,-1.93
08/02/2016,1330.900024,1339.599976,1247.060059,1286.670044,-3.27
15/02/2016,1290.619995,1381.530029,1290.619995,1355.949951,5.38
22/02/2016,1357.319946,1385.800049,1324.459961,1370.800049,1.10
29/02/2016,1370.800049,1409.290039,1345.170044,1403.77002,2.41
07/03/2016,1403.400024,1423.77002,1385.060059,1418.390015,1.04
14/03/2016,1419.670044,1431.640015,1362.290039,1391.380005,-1.90
21/03/2016,1389.689941,1391.77002,1345.339966,1345.339966,-3.31
28/03/2016,1346.410034,1383.410034,1339.880005,1358.219971,0.96
04/04/2016,1358.219971,1370.430054,1323.550049,1364.939941,0.49
11/04/2016,1364.410034,1396.469971,1353.22998,1381.329956,1.20
18/04/2016,1380.26001,1422.790039,1364.660034,1396.369995,1.09
25/04/2016,1396.569946,1401.339966,1357.900024,1360.709961,-2.55
02/05/2016,1360.709961,1365.069946,1300.900024,1309.170044,-3.79
09/05/2016,1309.52002,1342.26001,1304.859985,1323.180054,1.07
16/05/2016,1323.25,1348.459961,1311.609985,1342.680054,1.47
23/05/2016,1342.579956,1379.199951,1327.560059,1376.5,2.52
30/05/2016,1376.540039,1383.380005,1338.939941,1345.439941,-2.26
06/06/2016,1346.98999,1369.030029,1313.359985,1315.060059,-2.26
13/06/2016,1312.790039,1312.790039,1270.160034,1298.380005,-1.27
20/06/2016,1301.390015,1366.97998,1301.390015,1360.72998,4.80
27/06/2016,1353.22998,1353.22998,1240.680054,1340.26001,-1.50
04/07/2016,1340.579956,1345.72998,1275.22998,1326.209961,-1.05
11/07/2016,1328.72998,1377.400024,1328.72998,1372.800049,3.51
18/07/2016,1372.530029,1390.459961,1360.119995,1377.469971,0.34
25/07/2016,1381.26001,1397.030029,1375.75,1386.660034,0.67
01/08/2016,1388.829956,1395.73999,1347.089966,1378.829956,-0.56
08/08/2016,1379.790039,1419.810059,1379.790039,1414.209961,2.57
15/08/2016,1413.949951,1424.699951,1386.699951,1393.609985,-1.46
22/08/2016,1393.310059,1419.23999,1387.98999,1411.650024,1.29
29/08/2016,1410.160034,1437.23999,1400.469971,1437.23999,1.81
05/09/2016,1437.469971,1444.719971,1424.910034,1426.560059,-0.74
12/09/2016,1426.5,1427.119995,1400.199951,1405.310059,-1.49
19/09/2016,1407.02002,1448.050049,1407.02002,1437.52002,2.29
26/09/2016,1436.560059,1442.890015,1403.920044,1439.079956,0.11
03/10/2016,1439.829956,1461.51001,1437.670044,1451.650024,0.87
10/10/2016,1451.72998,1468.160034,1422.089966,1446,-0.39
17/10/2016,1445.579956,1472.060059,1436.660034,1464.849976,1.30
24/10/2016,1464.959961,1473.47998,1440.689941,1459.359985,-0.37
31/10/2016,1458.959961,1458.959961,1404.579956,1406.099976,-3.65
07/11/2016,1407.880005,1479.310059,1391.810059,1451.530029,3.23
14/11/2016,1454.300049,1478.75,1438.410034,1476.469971,1.72
21/11/2016,1477.180054,1491.22998,1466.02002,1491.22998,1.00
28/11/2016,1491.060059,1491.060059,1461.660034,1470.079956,-1.42
05/12/2016,1469.839966,1538.380005,1462.920044,1534.27002,4.37
12/12/2016,1534.099976,1553.599976,1529.290039,1548.199951,0.91
19/12/2016,1548.040039,1552.550049,1515.609985,1525.800049,-1.45
26/12/2016,1525.709961,1536.01001,1511.280029,1517.199951,-0.56
02/01/2017,1516.430054,1541.199951,1510.670044,1522.099976,0.32
09/01/2017,1522.22998,1525.380005,1499.579956,1522.48999,0.03
16/01/2017,1518.27002,1527.380005,1498.73999,1525.48999,0.20
23/01/2017,1524.369995,1563.52002,1503.050049,1538.76001,0.87
30/01/2017,1538.5,1559.130005,1526.469971,1557.310059,1.21
06/02/2017,1557.380005,1568.209961,1540.030029,1562.72998,0.35
13/02/2017,1563.079956,1580.98999,1563.079956,1570.589966,0.50
20/02/2017,1572.579956,1593.880005,1563.040039,1569.859985,-0.05
27/02/2017,1571.449951,1594.560059,1561.589966,1581.319946,0.73
06/03/2017,1581.290039,1595,1567.589966,1587.930054,0.42
13/03/2017,1587.880005,1603.060059,1576.51001,1584.969971,-0.19
20/03/2017,1583.530029,1588.630005,1551.23999,1579.699951,-0.33
27/03/2017,1578.310059,1590.52002,1556.449951,1587.630005,0.50
03/04/2017,1587.869995,1591.130005,1543.699951,1569.670044,-1.13
10/04/2017,1569.800049,1585.449951,1564.880005,1572.810059,0.20
17/04/2017,1574.349976,1578.26001,1552.459961,1573.25,0.03
24/04/2017,1574.099976,1627.72998,1574.099976,1626.98999,3.42
01/05/2017,1626.98999,1642.040039,1626.030029,1642.040039,0.93
08/05/2017,1642.060059,1654.540039,1629.689941,1646.449951,0.27
15/05/2017,1647.25,1657.130005,1604.290039,1629.209961,-1.05
22/05/2017,1630.300049,1641.77002,1626.02002,1635.77002,0.40
29/05/2017,1635.77002,1656.02002,1623.859985,1646.670044,0.67
05/06/2017,1647.530029,1656.089966,1630.680054,1654.800049,0.49
12/06/2017,1654.650024,1657.199951,1584.369995,1635.930054,-1.14
19/06/2017,1636.780029,1658.869995,1631.339966,1645.359985,0.58
26/06/2017,1645.459961,1654.880005,1602.530029,1602.530029,-2.60
03/07/2017,1602.699951,1629.27002,1602.699951,1617,0.90
10/07/2017,1617,1651.150024,1617,1646.829956,1.84
17/07/2017,1646.869995,1651.630005,1574.699951,1581.369995,-3.97
24/07/2017,1581.369995,1583.609985,1550.650024,1557.560059,-1.51
31/07/2017,1557.170044,1577.609985,1548.060059,1573.469971,1.02
07/08/2017,1573.469971,1583.140015,1535.650024,1538.959961,-2.19
14/08/2017,1538.959961,1560.5,1524.359985,1532.119995,-0.44
21/08/2017,1532.119995,1551.619995,1519.219971,1540.819946,0.57
28/08/2017,1540.819946,1560.869995,1517.77002,1558.790039,1.17
04/09/2017,1558.790039,1558.790039,1536.449951,1552.319946,-0.42
11/09/2017,1552.780029,1591.319946,1552.780029,1578.869995,1.71
18/09/2017,1578.869995,1600.77002,1578.310059,1600.77002,1.39
25/09/2017,1600.77002,1637.819946,1598.839966,1637.819946,2.31
02/10/2017,1637.819946,1655.969971,1634.689941,1646.280029,0.52
09/10/2017,1646.280029,1653.76001,1637.800049,1642.48999,-0.23
16/10/2017,1642.48999,1671.410034,1634.209961,1667.5,1.52
23/10/2017,1667.5,1669.420044,1641.280029,1665.02002,-0.15
30/10/2017,1665.02002,1681.130005,1659.459961,1677.650024,0.76
06/11/2017,1677.359985,1681.75,1634.219971,1634.680054,-2.56
13/11/2017,1634.680054,1636.959961,1612.48999,1617.699951,-1.04
20/11/2017,1617.699951,1639.920044,1606.599976,1614.619995,-0.19
27/11/2017,1614.619995,1628.76001,1592.199951,1592.199951,-1.39
04/12/2017,1595.589966,1624.050049,1591.25,1610.819946,1.17
11/12/2017,1610.930054,1627.939941,1584.530029,1594.349976,-1.02
18/12/2017,1593.709961,1620.569946,1593.26001,1606.25,0.75
25/12/2017,1606.359985,1613.76001,1573.560059,1576.939941,-1.82
01/01/2018,1577.079956,1611.310059,1573.76001,1611.310059,2.18
08/01/2018,1612.97998,1634.579956,1612.97998,1628.400024,1.06
15/01/2018,1628.400024,1631.630005,1614.459961,1630.619995,0.14
22/01/2018,1631.150024,1647.689941,1600.890015,1612.630005,-1.10
29/01/2018,1611.900024,1620.459961,1581.040039,1584.790039,-1.73
05/02/2018,1581.689941,1581.689941,1487.949951,1500.180054,-5.34
12/02/2018,1501.5,1557.290039,1501.5,1556.930054,3.78
19/02/2018,1558.369995,1580.140015,1549.01001,1577.109985,1.30
26/02/2018,1578.869995,1595.349976,1525.369995,1526.459961,-3.21
05/03/2018,1525.800049,1592.77002,1524.26001,1589.619995,4.14
12/03/2018,1590.880005,1603.339966,1572.579956,1573.47998,-1.02
19/03/2018,1573.27002,1573.27002,1493.119995,1513.180054,-3.83
26/03/2018,1513.420044,1537.25,1484.140015,1535.349976,1.47
02/04/2018,1533.199951,1533.199951,1482.219971,1511.369995,-1.56
09/04/2018,1513.23999,1534.040039,1498.800049,1526.660034,1.01
16/04/2018,1526.689941,1576.97998,1524.219971,1572.579956,3.01
23/04/2018,1572.959961,1593.099976,1543.26001,1580.780029,0.52
30/04/2018,1581.719971,1592.119995,1564.75,1577.079956,-0.23
07/05/2018,1577.540039,1623.040039,1577.150024,1603.25,1.66
14/05/2018,1603.689941,1627.130005,1593.160034,1621.609985,1.15
21/05/2018,1622.180054,1634.76001,1584.910034,1586.97998,-2.14
28/05/2018,1589.01001,1598.349976,1544.829956,1569.51001,-1.10
04/06/2018,1570.48999,1578.469971,1542.089966,1555.869995,-0.87
11/06/2018,1557.680054,1591.660034,1555.790039,1570.430054,0.94
18/06/2018,1569.640015,1582.27002,1542.380005,1549.550049,-1.33
25/06/2018,1548.959961,1560.73999,1514.609985,1558.880005,0.60
02/07/2018,1557.459961,1557.459961,1511.829956,1524.170044,-2.23
09/07/2018,1525.550049,1554.170044,1523.069946,1550.880005,1.75
16/07/2018,1551.23999,1589.890015,1544.560059,1579.400024,1.84
23/07/2018,1578.97998,1615.390015,1573.790039,1612.76001,2.11
30/07/2018,1613.47998,1622.089966,1592.540039,1611.949951,-0.05
06/08/2018,1612.51001,1631.73999,1603.819946,1616.819946,0.30
13/08/2018,1615.380005,1623.219971,1592.050049,1622.709961,0.36
20/08/2018,1623.689941,1649.23999,1620.670044,1646.869995,1.49
27/08/2018,1647.380005,1679.51001,1647.380005,1658.160034,0.69
03/09/2018,1657.670044,1664.469971,1610.719971,1618.199951,-2.41
10/09/2018,1617.72998,1634.73999,1609.390015,1634.73999,1.02
17/09/2018,1633.680054,1663.339966,1616.040039,1662.319946,1.69
24/09/2018,1661.660034,1676.890015,1648.27002,1662.359985,0.00
01/10/2018,1662.709961,1677.329956,1633.680054,1634.859985,-1.65
08/10/2018,1634.449951,1634.449951,1536.459961,1536.459961,-6.02
15/10/2018,1536.560059,1562.780029,1510.689941,1531.660034,-0.31
22/10/2018,1533.02002,1545.359985,1473.790039,1485.27002,-3.03
29/10/2018,1485.859985,1551.790039,1485.859985,1551.390015,4.45
05/11/2018,1550.660034,1550.660034,1528.579956,1530.51001,-1.35
12/11/2018,1531.290039,1537.98999,1482.52002,1499.430054,-2.03
19/11/2018,1500.060059,1509.140015,1447.969971,1477.349976,-1.47
26/11/2018,1480.119995,1519.180054,1480.119995,1514.630005,2.52
03/12/2018,1523.880005,1544.390015,1436.660034,1454.030029,-4.00
10/12/2018,1449.709961,1497.310059,1435.550049,1471.670044,1.21
17/12/2018,1471.680054,1471.680054,1397.98999,1408.339966,-4.30
24/12/2018,1409.98999,1420.5,1378.420044,1408.73999,0.03
31/12/2018,1407.650024,1437.859985,1378.199951,1435.290039,1.88
07/01/2019,1437.73999,1478.640015,1433.619995,1465.430054,2.10
14/01/2019,1462.619995,1499.790039,1451.22998,1499.790039,2.34
21/01/2019,1499.880005,1505.719971,1473.459961,1501.119995,0.09
28/01/2019,1501.150024,1528.290039,1485.52002,1525.689941,1.64
04/02/2019,1526.890015,1557.790039,1520.219971,1527.170044,0.10
11/02/2019,1528.199951,1584.459961,1528.199951,1583.819946,3.71
18/02/2019,1583.449951,1591.959961,1572.650024,1588.829956,0.32
25/02/2019,1590.52002,1598.089966,1558.050049,1580.219971,-0.54
04/03/2019,1580.699951,1592.680054,1546.709961,1558.630005,-1.37
11/03/2019,1559.219971,1597.609985,1558.719971,1595.76001,2.38
18/03/2019,1595.920044,1622.329956,1576.869995,1576.869995,-1.18
25/03/2019,1576.819946,1579.650024,1545.189941,1553.420044,-1.49
01/04/2019,1554.920044,1624.280029,1554.920044,1622.27002,4.43
08/04/2019,1621.900024,1642.959961,1614.01001,1641.209961,1.17
15/04/2019,1641.209961,1673.030029,1637.140015,1670.73999,1.80
22/04/2019,1670.5,1700.349976,1661.390015,1689.040039,1.10
29/04/2019,1689.76001,1694.189941,1662.280029,1672.329956,-0.99
06/05/2019,1665.890015,1665.890015,1593.469971,1603.369995,-4.12
13/05/2019,1603.180054,1615.380005,1572.849976,1606.859985,0.22
20/05/2019,1606.910034,1607.130005,1558.880005,1571.52002,-2.20
27/05/2019,1573.890015,1582.459961,1505.130005,1510.459961,-3.89
03/06/2019,1509.77002,1570.780029,1494.189941,1566.140015,3.69
10/06/2019,1569.319946,1604.72998,1569.319946,1589.599976,1.50
17/06/2019,1590.25,1632.829956,1573.140015,1628.290039,2.43
24/06/2019,1627.47998,1635.589966,1596.01001,1622.430054,-0.36
01/07/2019,1622.829956,1657.089966,1620.180054,1634.939941,0.77
08/07/2019,1634.709961,1646.380005,1609.439941,1625.619995,-0.57
15/07/2019,1626.469971,1639,1573.550049,1605.420044,-1.24
22/07/2019,1605.25,1627.869995,1596.900024,1610.640015,0.33
29/07/2019,1610.290039,1617.98999,1565.77002,1568.699951,-2.60
05/08/2019,1566.609985,1566.609985,1516.560059,1531.52002,-2.37
12/08/2019,1532.449951,1550.959961,1476.829956,1519.410034,-0.79
19/08/2019,1522.47998,1550.140015,1522.47998,1522.849976,0.23
26/08/2019,1520.349976,1583.160034,1503.579956,1576.97998,3.55
02/09/2019,1576.72998,1602.359985,1563.069946,1601.949951,1.58
09/09/2019,1602.339966,1665.349976,1600.530029,1665.349976,3.96
16/09/2019,1661.160034,1670.23999,1638.310059,1666.890015,0.09
23/09/2019,1666.670044,1666.780029,1604.119995,1646.599976,-1.22
30/09/2019,1646.310059,1658.98999,1574.02002,1593.97998,-3.20
07/10/2019,1595.23999,1654.51001,1591.219971,1653.280029,3.72
14/10/2019,1652.969971,1699.319946,1639.97998,1697.910034,2.70
21/10/2019,1697.449951,1747.300049,1696.349976,1747.300049,2.91
28/10/2019,1748.550049,1761.829956,1727.890015,1737.51001,-0.56
04/11/2019,1761.180054,1779.829956,1757.280029,1772.560059,2.02
11/11/2019,1769.680054,1776.839966,1742.540039,1756.859985,-0.89
18/11/2019,1757.540039,1763.150024,1711.27002,1724.189941,-1.86
25/11/2019,1726.069946,1748.939941,1720.849976,1730.25,0.35
02/12/2019,1730.949951,1744.73999,1692.869995,1742.609985,0.71
09/12/2019,1742.170044,1780.689941,1714.47998,1770.119995,1.58
16/12/2019,1770.890015,1796.079956,1767.930054,1794.800049,1.39
23/12/2019,1794.930054,1802.22998,1791.089966,1798.040039,0.18
30/12/2019,1797.660034,1810.199951,1769.189941,1785.22998,-0.71
06/01/2020,1785.22998,1811.219971,1774.359985,1784.969971,-0.01
13/01/2020,1786.410034,1831.52002,1772.689941,1825.939941,2.30
20/01/2020,1824.969971,1834.099976,1790.969971,1812.849976,-0.72
27/01/2020,1808.030029,1808.030029,1763.449951,1783.26001,-1.63
03/02/2020,1784.069946,1864.319946,1774.180054,1849.859985,3.73
10/02/2020,1848.959961,1893.27002,1843.469971,1885.619995,1.93
17/02/2020,1885.420044,1905.619995,1869.27002,1879.099976,-0.35
24/02/2020,1872,1872,1646.109985,1668.839966,-11.19
02/03/2020,1702.880005,1732.030029,1616.060059,1629,-2.39
09/03/2020,1523.23999,1604.72998,1343.880005,1376.459961,-15.50
16/03/2020,1305.900024,1431.560059,1261.170044,1355.540039,-1.52
23/03/2020,1290.449951,1470.890015,1284.47998,1419.290039,4.70
30/03/2020,1428.959961,1487.060059,1394.959961,1404.589966,-1.04
06/04/2020,1443.359985,1526.949951,1438.880005,1498.76001,6.70
